reaction,reactor,delta_um,z_carrier,confidence,i_fick_mAcm2,i_np_mAcm2,migration_factor,limiter,flag
"Ni-catalyzed aryl amination (ArBr + amine)","Unstirred batch",228.0,0.0,"medium",0.053286986865964905,0.05348196751463599,1.0036590668780265,"newton-wall (no collapse)","ok"
"Ni-catalyzed aryl amination (ArBr + amine)","Stirred batch",200.0,0.0,"medium",0.06074716502719999,0.06096944296668499,1.0036590668780259,"newton-wall (no collapse)","ok"
"Ni-catalyzed aryl amination (ArBr + amine)","Recirculating flow cell",106.89999999999999,0.0,"medium",0.1136523199760524,0.11406818141568764,1.0036590668780265,"newton-wall (no collapse)","ok"
"Ni-catalyzed aryl amination (ArBr + amine)","ANEC flow cell",36.199999999999996,0.0,"medium",0.3356196962828729,0.3368477511971548,1.0036590668780263,"newton-wall (no collapse)","ok"
"Ni-catalyzed aryl amination (ArBr + amine)","Microfluidic cell (25 um gap)",12.499999999999998,0.0,"medium",0.9719546404352001,0.9755110874669608,1.0036590668780268,"newton-wall (no collapse)","ok"
"Ni-catalyzed aryl amination (ArBr + amine)","RDE 1600 rpm",8.85764188710124,0.0,"medium",1.3716328973665513,1.3766517938701162,1.003659066878026,"newton-wall (no collapse)","ok"
"Ni-catalyzed aryl amination (ArBr + amine)","Rotating cylinder 3000 rpm",9.10732936801866,0.0,"medium",1.3340280684372745,1.3389093663568514,1.0036590668780268,"newton-wall (no collapse)","ok"
"Electrochemical amination of ArX with NH3","Unstirred batch",228.0,0.0,"medium",0.06889679013095439,0.06914888809372488,1.003659066878026,"newton-wall (no collapse)","ok"
"Electrochemical amination of ArX with NH3","Stirred batch",200.0,0.0,"medium",0.07854234074928801,0.07882973242684638,1.0036590668780263,"newton-wall (no collapse)","ok"
"Electrochemical amination of ArX with NH3","Recirculating flow cell",106.89999999999999,0.0,"medium",0.14694544574235363,0.14748312895574617,1.0036590668780254,"newton-wall (no collapse)","ok"
"Electrochemical amination of ArX with NH3","ANEC flow cell",36.199999999999996,0.0,"medium",0.43393558425020995,0.43552338357373666,1.0036590668780259,"newton-wall (no collapse)","ok"
"Electrochemical amination of ArX with NH3","Microfluidic cell (25 um gap)",12.5,0.0,"medium",1.2566774519886081,1.261275718829542,1.0036590668780263,"newton-wall (no collapse)","ok"
"Electrochemical amination of ArX with NH3","RDE 1600 rpm",8.99802898726582,0.0,"medium",1.7457676755752312,1.7521555562536577,1.0036590668780265,"newton-wall (no collapse)","ok"
"Electrochemical amination of ArX with NH3","Rotating cylinder 3000 rpm",8.751810133479612,0.0,"medium",1.7948821912584283,1.8014497852344218,1.0036590668780265,"newton-wall (no collapse)","ok"
"Shono oxidation (N-acyliminium capture)","Unstirred batch",228.0,0.0,"high",208.01729761663157,208.77844682039705,1.003659066878026,"newton-wall (no collapse)","ok"
"Shono oxidation (N-acyliminium capture)","Stirred batch",200.0,0.0,"high",237.13971928295996,238.00742937525285,1.003659066878027,"newton-wall (no collapse)","ok"
"Shono oxidation (N-acyliminium capture)","Recirculating flow cell",106.89999999999999,0.0,"high",443.6664532889804,445.28985851310165,1.0036590668780265,"newton-wall (no collapse)","ok"
"Shono oxidation (N-acyliminium capture)","ANEC flow cell",36.199999999999996,0.0,"high",1310.1641949334808,1314.9581733439384,1.0036590668780268,"newton-wall (no collapse)","ok"
"Shono oxidation (N-acyliminium capture)","Microfluidic cell (25 um gap)",12.499999999999998,0.0,"high",3794.2355085273603,3808.1188700040457,1.0036590668780268,"newton-wall (no collapse)","ok"
"Shono oxidation (N-acyliminium capture)","RDE 1600 rpm",13.611946461387422,0.0,"high",3484.2881575481765,3497.0374009389616,1.0036590668780265,"newton-wall (no collapse)","ok"
"Shono oxidation (N-acyliminium capture)","Rotating cylinder 3000 rpm",12.027304324252636,0.0,"high",3943.3560985860495,3957.785102274649,1.0036590668780263,"newton-wall (no collapse)","ok"
"Oxidative benzimidazole annulation (C-H/N-H)","Unstirred batch",228.0,0.0,"high",3.7758519043126313,3.7896679989520337,1.003659066878026,"newton-wall (no collapse)","ok"
"Oxidative benzimidazole annulation (C-H/N-H)","Stirred batch",200.0,0.0,"high",4.3044711709164,4.320221518805319,1.0036590668780263,"newton-wall (no collapse)","ok"
"Oxidative benzimidazole annulation (C-H/N-H)","Recirculating flow cell",106.89999999999999,0.0,"high",8.053266924071844,8.082734366333623,1.0036590668780268,"newton-wall (no collapse)","ok"
"Oxidative benzimidazole annulation (C-H/N-H)","ANEC flow cell",36.199999999999996,0.0,"high",23.781608679096134,23.868627175720004,1.0036590668780265,"newton-wall (no collapse)","ok"
"Oxidative benzimidazole annulation (C-H/N-H)","Microfluidic cell (25 um gap)",12.5,0.0,"high",68.8715387346624,69.1235443008851,1.0036590668780263,"newton-wall (no collapse)","ok"
"Oxidative benzimidazole annulation (C-H/N-H)","RDE 1600 rpm",12.462438676996069,0.0,"high",69.07911497068156,69.33188007223418,1.003659066878027,"newton-wall (no collapse)","ok"
"Oxidative benzimidazole annulation (C-H/N-H)","Rotating cylinder 3000 rpm",10.547533614612703,0.0,"high",81.6204304853397,81.91908509909888,1.0036590668780265,"newton-wall (no collapse)","ok"
"Mn-catalyzed alkene diazidation","Unstirred batch",228.0,0.0,"medium",0.16279614596084213,0.16339182794639773,1.003659066878026,"newton-wall (no collapse)","ok"
"Mn-catalyzed alkene diazidation","Stirred batch",200.0,0.0,"medium",0.18558760639535998,0.18626668385889347,1.0036590668780265,"newton-wall (no collapse)","ok"
"Mn-catalyzed alkene diazidation","Recirculating flow cell",106.89999999999999,0.0,"medium",0.3472172243131151,0.34848771535807943,1.0036590668780263,"newton-wall (no collapse)","ok"
"Mn-catalyzed alkene diazidation","ANEC flow cell",36.199999999999996,0.0,"medium",1.025345891687072,1.0290977008778641,1.0036590668780259,"newton-wall (no collapse)","ok"
"Mn-catalyzed alkene diazidation","Microfluidic cell (25 um gap)",12.5,0.0,"medium",2.9694017023257597,2.9802669417422956,1.0036590668780265,"newton-wall (no collapse)","ok"
"Mn-catalyzed alkene diazidation","RDE 1600 rpm",12.521638106453118,0.0,"medium",2.964270406436935,2.9751168700986437,1.0036590668780268,"newton-wall (no collapse)","ok"
"Mn-catalyzed alkene diazidation","Rotating cylinder 3000 rpm",10.33676269222064,0.0,"medium",3.590826488355617,3.6039655626238982,1.003659066878026,"newton-wall (no collapse)","ok"
"Br-mediated Hofmann rearrangement","Unstirred batch",228.0,-1.0,"high",9.140715663157893,18.371850928378798,2.009891960913679,"newton-wall; substrate (total catalysis)","ok"
"Br-mediated Hofmann rearrangement","Stirred batch",200.0,-1.0,"high",10.420415855999998,20.943910058351833,2.0098919609136794,"newton-wall; substrate (total catalysis)","ok"
"Br-mediated Hofmann rearrangement","Recirculating flow cell",106.89999999999999,-1.0,"high",19.49563303274088,39.184116105429055,2.009891960913679,"newton-wall; substrate (total catalysis)","ok"
"Br-mediated Hofmann rearrangement","ANEC flow cell",36.199999999999996,-1.0,"high",57.57135832044199,115.71221026713715,2.0098919609136785,"newton-wall; substrate (total catalysis)","ok"
"Br-mediated Hofmann rearrangement","Microfluidic cell (25 um gap)",12.5,-1.0,"high",166.72665369599997,335.1025609336293,2.0098919609136794,"newton-wall; substrate (total catalysis)","ok"
"Br-mediated Hofmann rearrangement","RDE 1600 rpm",15.301510162591311,-1.0,"high",136.20114283197393,273.74958204524,2.009891960913678,"newton-wall; substrate (total catalysis)","ok"
"Br-mediated Hofmann rearrangement","Rotating cylinder 3000 rpm",12.804973003408216,-1.0,"high",162.75576454907738,327.1215027595499,2.0098919609136776,"newton-wall; substrate (total catalysis)","ok"
"Arene C-H pyridination","Unstirred batch",228.0,0.0,"high",3.3901729487066663,3.402577818254061,1.0036590668780268,"newton-wall (no collapse)","ok"
"Arene C-H pyridination","Stirred batch",200.0,0.0,"high",3.8647971615256,3.878938712809628,1.0036590668780263,"newton-wall (no collapse)","ok"
"Arene C-H pyridination","Recirculating flow cell",106.89999999999999,0.0,"high",7.23067757067465,7.257135103479192,1.003659066878026,"newton-wall (no collapse)","ok"
"Arene C-H pyridination","ANEC flow cell",36.199999999999996,0.0,"high",21.3524705056663,21.430600623257615,1.003659066878026,"newton-wall (no collapse)","ok"
"Arene C-H pyridination","Microfluidic cell (25 um gap)",12.500000000000002,0.0,"high",61.83675458440959,62.06301940495405,1.0036590668780265,"newton-wall (no collapse)","ok"
"Arene C-H pyridination","RDE 1600 rpm",14.090194128620734,0.0,"high",54.85796897113323,55.05869794839132,1.0036590668780265,"newton-wall (no collapse)","ok"
"Arene C-H pyridination","Rotating cylinder 3000 rpm",11.72534881046331,0.0,"high",65.92208426374121,66.16329757880112,1.0036590668780263,"newton-wall (no collapse)","ok"
"Amidyl-radical C-H amination (phenanthridinone)","Unstirred batch",228.0,-1.0,"high",4.570357831578947,9.185925464189399,2.009891960913679,"newton-wall; substrate (total catalysis)","ok"
"Amidyl-radical C-H amination (phenanthridinone)","Stirred batch",200.0,-1.0,"high",5.210207927999999,10.471955029175916,2.0098919609136794,"newton-wall; substrate (total catalysis)","ok"
"Amidyl-radical C-H amination (phenanthridinone)","Recirculating flow cell",106.89999999999999,-1.0,"high",9.74781651637044,19.592058052714528,2.009891960913679,"newton-wall; substrate (total catalysis)","ok"
"Amidyl-radical C-H amination (phenanthridinone)","ANEC flow cell",36.199999999999996,-1.0,"high",28.785679160220994,57.856105133568576,2.0098919609136785,"newton-wall; substrate (total catalysis)","ok"
"Amidyl-radical C-H amination (phenanthridinone)","Microfluidic cell (25 um gap)",12.5,-1.0,"high",83.36332684799999,167.55128046681466,2.0098919609136794,"newton-wall; substrate (total catalysis)","ok"
"Amidyl-radical C-H amination (phenanthridinone)","RDE 1600 rpm",15.301510162591311,-1.0,"high",68.10057141598696,136.87479102262,2.009891960913678,"newton-wall; substrate (total catalysis)","ok"
"Amidyl-radical C-H amination (phenanthridinone)","Rotating cylinder 3000 rpm",12.804973003408216,-1.0,"high",81.37788227453869,163.56075137977496,2.0098919609136776,"newton-wall; substrate (total catalysis)","ok"
"Co-catalyzed allylic C-H amination","Unstirred batch",228.0,0.0,"high",0.16528953006673683,0.16589433551148863,1.0036590668780268,"newton-wall (no collapse)","ok"
"Co-catalyzed allylic C-H amination","Stirred batch",200.0,0.0,"high",0.18843006427607997,0.18911954248309695,1.0036590668780263,"newton-wall (no collapse)","ok"
"Co-catalyzed allylic C-H amination","Recirculating flow cell",106.89999999999999,0.0,"high",0.35253519976815717,0.35382514964096745,1.003659066878027,"newton-wall (no collapse)","ok"
"Co-catalyzed allylic C-H amination","ANEC flow cell",36.199999999999996,0.0,"high",1.04105007887337,1.0448593507353425,1.0036590668780265,"newton-wall (no collapse)","ok"
"Co-catalyzed allylic C-H amination","Microfluidic cell (25 um gap)",12.5,0.0,"high",3.0148810284172796,3.0259126797295512,1.0036590668780263,"newton-wall (no collapse)","ok"
"Co-catalyzed allylic C-H amination","RDE 1600 rpm",11.623797242880606,0.0,"high",3.242142999207775,3.254006217270002,1.0036590668780265,"newton-wall (no collapse)","ok"
"Co-catalyzed allylic C-H amination","Rotating cylinder 3000 rpm",9.547158477182505,0.0,"high",3.947353858772191,3.9617974905326743,1.0036590668780265,"newton-wall (no collapse)","ok"
"Ritter-type C(sp3)-H amination","Unstirred batch",228.0,0.0,"high",22.104561043308422,22.1854431104753,1.0036590668780263,"newton-wall (no collapse)","ok"
"Ritter-type C(sp3)-H amination","Stirred batch",200.0,0.0,"high",25.1991995893716,25.291405145941845,1.0036590668780263,"newton-wall (no collapse)","ok"
"Ritter-type C(sp3)-H amination","Recirculating flow cell",106.89999999999999,0.0,"high",47.14536873596183,47.31787679315594,1.0036590668780265,"newton-wall (no collapse)","ok"
"Ritter-type C(sp3)-H amination","ANEC flow cell",36.199999999999996,0.0,"high",139.22209717884863,139.73152014332513,1.0036590668780265,"newton-wall (no collapse)","ok"
"Ritter-type C(sp3)-H amination","Microfluidic cell (25 um gap)",12.500000000000002,0.0,"high",403.1871934299455,404.6624823350694,1.0036590668780263,"newton-wall (no collapse)","ok"
"Ritter-type C(sp3)-H amination","RDE 1600 rpm",12.755065707819709,0.0,"high",395.124575076439,396.57036232179547,1.0036590668780265,"newton-wall (no collapse)","ok"
"Ritter-type C(sp3)-H amination","Rotating cylinder 3000 rpm",10.542693090329477,0.0,"high",478.04103512196775,479.7902192399199,1.0036590668780263,"newton-wall (no collapse)","ok"
"Co-H alkene reduction (e-HAT)","Unstirred batch",228.0,0.0,"high",0.32426519542540344,0.32545170346168134,1.0036590668780265,"newton-wall (no collapse)","ok"
"Co-H alkene reduction (e-HAT)","Stirred batch",200.0,0.0,"high",0.3696623227849599,0.3710149419463166,1.0036590668780263,"newton-wall (no collapse)","ok"
"Co-H alkene reduction (e-HAT)","Recirculating flow cell",106.89999999999999,0.0,"high",0.6916039715340692,0.6941345967190212,1.0036590668780268,"newton-wall (no collapse)","ok"
"Co-H alkene reduction (e-HAT)","ANEC flow cell",36.199999999999996,0.0,"high",2.0423332750550274,2.0498063090956733,1.003659066878027,"newton-wall (no collapse)","ok"
"Co-H alkene reduction (e-HAT)","Microfluidic cell (25 um gap)",12.5,0.0,"high",5.914597164559359,5.936239071141066,1.0036590668780263,"newton-wall (no collapse)","ok"
"Co-H alkene reduction (e-HAT)","RDE 1600 rpm",10.981964909303445,0.0,"high",6.732170897246231,6.756804360793558,1.0036590668780265,"newton-wall (no collapse)","ok"
"Co-H alkene reduction (e-HAT)","Rotating cylinder 3000 rpm",9.109136779652111,0.0,"high",8.116297553259,8.145995628808334,1.003659066878026,"newton-wall (no collapse)","ok"
"Kolbe homocoupling of 10-undecenoate","Unstirred batch",228.0,0.0,"high",83.43442130315789,83.73971343063552,1.0036590668780256,"newton-wall (no collapse)","ok"
"Kolbe homocoupling of 10-undecenoate","Stirred batch",200.0,0.0,"high",95.1152402856,95.46327331092454,1.0036590668780263,"newton-wall (no collapse)","ok"
"Kolbe homocoupling of 10-undecenoate","Recirculating flow cell",106.89999999999999,0.0,"high",177.9518059599626,178.60294351903568,1.0036590668780265,"newton-wall (no collapse)","ok"
"Kolbe homocoupling of 10-undecenoate","ANEC flow cell",36.199999999999996,0.0,"high",525.4985651138121,527.4213995078707,1.0036590668780265,"newton-wall (no collapse)","ok"
"Kolbe homocoupling of 10-undecenoate","Microfluidic cell (25 um gap)",12.5,0.0,"high",1521.8438445696,1527.4123729747926,1.0036590668780263,"newton-wall (no collapse)","ok"
"Kolbe homocoupling of 10-undecenoate","RDE 1600 rpm",13.332946156461112,0.0,"high",1426.770035210971,1431.990682189372,1.0036590668780265,"newton-wall (no collapse)","ok"
"Kolbe homocoupling of 10-undecenoate","Rotating cylinder 3000 rpm",10.697136304526968,0.0,"high",1778.3309023621166,1784.8379340651213,1.0036590668780268,"newton-wall (no collapse)","ok"
"Ni-XEC C(sp2)-C(sp3) (ArBr + RBr)","Unstirred batch",228.0,0.0,"medium",0.15986096059789473,0.16044590254390792,1.003659066878026,"newton-wall (no collapse)","ok"
"Ni-XEC C(sp2)-C(sp3) (ArBr + RBr)","Stirred batch",200.0,0.0,"medium",0.1822414950816,0.1829083289000551,1.0036590668780263,"newton-wall (no collapse)","ok"
"Ni-XEC C(sp2)-C(sp3) (ArBr + RBr)","Recirculating flow cell",106.89999999999999,0.0,"medium",0.34095695992815717,0.3422045442470629,1.0036590668780265,"newton-wall (no collapse)","ok"
"Ni-XEC C(sp2)-C(sp3) (ArBr + RBr)","ANEC flow cell",36.199999999999996,0.0,"medium",1.0068590888486189,1.010543253591465,1.0036590668780265,"newton-wall (no collapse)","ok"
"Ni-XEC C(sp2)-C(sp3) (ArBr + RBr)","Microfluidic cell (25 um gap)",12.499999999999998,0.0,"medium",2.9158639213056006,2.9265332624008815,1.0036590668780263,"newton-wall (no collapse)","ok"
"Ni-XEC C(sp2)-C(sp3) (ArBr + RBr)","RDE 1600 rpm",8.85764188710124,0.0,"medium",4.114898692099653,4.129955381610351,1.0036590668780268,"newton-wall (no collapse)","ok"
"Ni-XEC C(sp2)-C(sp3) (ArBr + RBr)","Rotating cylinder 3000 rpm",9.10732936801866,0.0,"medium",4.0020842053118235,4.016728099070552,1.0036590668780263,"newton-wall (no collapse)","ok"
"Doubly decarboxylative Csp3-Csp3","Unstirred batch",228.0,0.0,"medium",0.15001607128364913,0.15056499012125474,1.003659066878026,"newton-wall (no collapse)","ok"
"Doubly decarboxylative Csp3-Csp3","Stirred batch",200.0,0.0,"medium",0.17101832126336,0.17164408873823045,1.0036590668780265,"newton-wall (no collapse)","ok"
"Doubly decarboxylative Csp3-Csp3","Recirculating flow cell",106.89999999999999,0.0,"medium",0.31995944109141256,0.32113019408462196,1.0036590668780263,"newton-wall (no collapse)","ok"
"Doubly decarboxylative Csp3-Csp3","ANEC flow cell",36.199999999999996,0.0,"medium",0.9448526036649723,0.9483098825316599,1.0036590668780265,"newton-wall (no collapse)","ok"
"Doubly decarboxylative Csp3-Csp3","Microfluidic cell (25 um gap)",12.5,0.0,"medium",2.73629314021376,2.746305419811687,1.0036590668780265,"newton-wall (no collapse)","ok"
"Doubly decarboxylative Csp3-Csp3","RDE 1600 rpm",10.255432088558708,0.0,"medium",3.335175344862428,3.347378974499225,1.0036590668780265,"newton-wall (no collapse)","ok"
"Doubly decarboxylative Csp3-Csp3","Rotating cylinder 3000 rpm",9.181126281621857,0.0,"medium",3.7254322839604685,3.7390638898370385,1.0036590668780265,"newton-wall (no collapse)","ok"
"BDD phenol-arene cross-coupling","Unstirred batch",228.0,0.0,"high",10.870215239257895,10.909990083796885,1.0036590668780268,"newton-wall (no collapse)","ok"
"BDD phenol-arene cross-coupling","Stirred batch",200.0,0.0,"high",12.392045372754,12.43738869552844,1.003659066878026,"newton-wall (no collapse)","ok"
"BDD phenol-arene cross-coupling","Recirculating flow cell",106.89999999999999,0.0,"high",23.184369266144063,23.269202423813745,1.0036590668780263,"newton-wall (no collapse)","ok"
"BDD phenol-arene cross-coupling","ANEC flow cell",36.199999999999996,0.0,"high",68.46433907598896,68.71485467142786,1.0036590668780259,"newton-wall (no collapse)","ok"
"BDD phenol-arene cross-coupling","Microfluidic cell (25 um gap)",12.500000000000002,0.0,"high",198.27272596406397,198.99821912845505,1.0036590668780263,"newton-wall (no collapse)","ok"
"BDD phenol-arene cross-coupling","RDE 1600 rpm",11.83904294427414,0.0,"high",209.3420123752033,210.10800879886483,1.0036590668780265,"newton-wall (no collapse)","ok"
"BDD phenol-arene cross-coupling","Rotating cylinder 3000 rpm",11.040920420839708,0.0,"high",224.47486079809156,225.2962293261875,1.0036590668780268,"newton-wall (no collapse)","ok"
"Decarboxylative arylation (radical-radical)","Unstirred batch",228.0,0.0,"high",6.431339831592982,6.454872534152094,1.003659066878026,"newton-wall (no collapse)","ok"
"Decarboxylative arylation (radical-radical)","Stirred batch",200.0,0.0,"high",7.3317274080159995,7.3585546889333875,1.003659066878026,"newton-wall (no collapse)","ok"
"Decarboxylative arylation (radical-radical)","Recirculating flow cell",106.89999999999999,0.0,"high",13.716982989739945,13.767174347864154,1.0036590668780265,"newton-wall (no collapse)","ok"
"Decarboxylative arylation (radical-radical)","ANEC flow cell",36.199999999999996,0.0,"high",40.506781259756906,40.65499828139992,1.0036590668780259,"newton-wall (no collapse)","ok"
"Decarboxylative arylation (radical-radical)","Microfluidic cell (25 um gap)",12.5,0.0,"high",117.30763852825599,117.7368750229342,1.003659066878026,"newton-wall (no collapse)","ok"
"Decarboxylative arylation (radical-radical)","RDE 1600 rpm",13.609475285017172,0.0,"high",107.74445383779906,108.13869800012804,1.0036590668780268,"newton-wall (no collapse)","ok"
"Decarboxylative arylation (radical-radical)","Rotating cylinder 3000 rpm",11.298610444971008,0.0,"high",129.78104597418596,130.25592350090574,1.0036590668780268,"newton-wall (no collapse)","ok"
"Cathodic Giese (R-I + alkene)","Unstirred batch",228.0,0.0,"high",0.02363890634,0.023725402679221463,1.0036590668780263,"newton-wall (no collapse)","ok"
"Cathodic Giese (R-I + alkene)","Stirred batch",200.0,0.0,"high",0.026948353227600003,0.027046959054312467,1.003659066878026,"newton-wall (no collapse)","ok"
"Cathodic Giese (R-I + alkene)","Recirculating flow cell",106.89999999999999,0.0,"high",0.050417873204116004,0.05060235557401774,1.0036590668780268,"newton-wall (no collapse)","ok"
"Cathodic Giese (R-I + alkene)","ANEC flow cell",36.199999999999996,0.0,"high",0.14888592943425416,0.14943071300725128,1.0036590668780268,"newton-wall (no collapse)","ok"
"Cathodic Giese (R-I + alkene)","Microfluidic cell (25 um gap)",12.5,0.0,"high",0.43117365164160004,0.43275134486899947,1.003659066878026,"newton-wall (no collapse)","ok"
"Cathodic Giese (R-I + alkene)","RDE 1600 rpm",15.812869659937425,0.0,"high",0.34084076840113087,0.3420879275674687,1.003659066878027,"newton-wall (no collapse)","ok"
"Cathodic Giese (R-I + alkene)","Rotating cylinder 3000 rpm",14.896392699635228,0.0,"high",0.3618104566786816,0.3631343453368382,1.0036590668780265,"newton-wall (no collapse)","ok"
"Rh-catalyzed electrooxidative C-H alkenylation","Unstirred batch",228.0,0.0,"high",0.09168222446403508,0.09201769585487524,1.0036590668780265,"newton-wall (no collapse)","ok"
"Rh-catalyzed electrooxidative C-H alkenylation","Stirred batch",200.0,0.0,"high",0.104517735889,0.10490017327455772,1.003659066878026,"newton-wall (no collapse)","ok"
"Rh-catalyzed electrooxidative C-H alkenylation","Recirculating flow cell",106.89999999999999,0.0,"high",0.19554300446959777,0.19625850940048226,1.0036590668780265,"newton-wall (no collapse)","ok"
"Rh-catalyzed electrooxidative C-H alkenylation","ANEC flow cell",36.199999999999996,0.0,"high",0.5774460546353591,0.5795589683677225,1.0036590668780265,"newton-wall (no collapse)","ok"
"Rh-catalyzed electrooxidative C-H alkenylation","Microfluidic cell (25 um gap)",12.5,0.0,"high",1.672283774224,1.6784027723929236,1.003659066878026,"newton-wall (no collapse)","ok"
"Rh-catalyzed electrooxidative C-H alkenylation","RDE 1600 rpm",8.459095584464121,0.0,"high",2.4711326369442164,2.4801746765272696,1.0036590668780268,"newton-wall (no collapse)","ok"
"Rh-catalyzed electrooxidative C-H alkenylation","Rotating cylinder 3000 rpm",9.375591710277618,0.0,"high",2.2295709778920214,2.237729127209435,1.0036590668780263,"newton-wall (no collapse)","ok"
"Cu-catalyzed benzylic cyanation","Unstirred batch",228.0,0.0,"high",0.237932828712,0.23880344084473526,1.0036590668780268,"newton-wall (no collapse)","ok"
"Cu-catalyzed benzylic cyanation","Stirred batch",200.0,0.0,"high",0.27124342473168,0.27223592256299817,1.0036590668780263,"newton-wall (no collapse)","ok"
"Cu-catalyzed benzylic cyanation","Recirculating flow cell",106.89999999999999,0.0,"high",0.5074713278422451,0.5093281993695007,1.003659066878026,"newton-wall (no collapse)","ok"
"Cu-catalyzed benzylic cyanation","ANEC flow cell",36.199999999999996,0.0,"high",1.4985824570811053,1.5040658705138015,1.003659066878026,"newton-wall (no collapse)","ok"
"Cu-catalyzed benzylic cyanation","Microfluidic cell (25 um gap)",12.5,0.0,"high",4.33989479570688,4.355774761007971,1.0036590668780263,"newton-wall (no collapse)","ok"
"Cu-catalyzed benzylic cyanation","RDE 1600 rpm",12.521638106453118,0.0,"high",4.332395209407829,4.3482477332210925,1.003659066878026,"newton-wall (no collapse)","ok"
"Cu-catalyzed benzylic cyanation","Rotating cylinder 3000 rpm",10.33676269222064,0.0,"high",5.248131021442826,5.267334283834929,1.003659066878026,"newton-wall (no collapse)","ok"
"Cathodic Ni aryl-aryl homocoupling","Unstirred batch",228.0,0.0,"high",1.7137826233347369,1.720053468567918,1.0036590668780263,"newton-wall (no collapse)","ok"
"Cathodic Ni aryl-aryl homocoupling","Stirred batch",200.0,0.0,"high",1.9537121906016002,1.9608609541674271,1.0036590668780265,"newton-wall (no collapse)","ok"
"Cathodic Ni aryl-aryl homocoupling","Recirculating flow cell",106.89999999999999,0.0,"high",3.6552145754941074,3.668589250079377,1.0036590668780263,"newton-wall (no collapse)","ok"
"Cathodic Ni aryl-aryl homocoupling","ANEC flow cell",36.199999999999996,0.0,"high",10.79399000332376,10.833485934626669,1.0036590668780263,"newton-wall (no collapse)","ok"
"Cathodic Ni aryl-aryl homocoupling","Microfluidic cell (25 um gap)",12.5,0.0,"high",31.259395049625603,31.373775266678834,1.0036590668780265,"newton-wall (no collapse)","ok"
"Cathodic Ni aryl-aryl homocoupling","RDE 1600 rpm",10.749677834092756,0.0,"high",36.34922312565265,36.48222736403372,1.0036590668780265,"newton-wall (no collapse)","ok"
"Cathodic Ni aryl-aryl homocoupling","Rotating cylinder 3000 rpm",9.789933686425929,0.0,"high",39.91267465499767,40.0587178008412,1.0036590668780259,"newton-wall (no collapse)","ok"
"Anodic dehydrogenative 2-naphthol coupling","Unstirred batch",228.0,0.0,"high",78.63554558,78.92327830026727,1.0036590668780259,"newton-wall (no collapse)","ok"
"Anodic dehydrogenative 2-naphthol coupling","Stirred batch",200.0,0.0,"high",89.6445219612,89.97253726230473,1.0036590668780263,"newton-wall (no collapse)","ok"
"Anodic dehydrogenative 2-naphthol coupling","Recirculating flow cell",106.89999999999999,0.0,"high",167.71659861777363,168.33028486867107,1.0036590668780259,"newton-wall (no collapse)","ok"
"Anodic dehydrogenative 2-naphthol coupling","ANEC flow cell",36.199999999999996,0.0,"high",495.2736019955802,497.08584122820304,1.0036590668780265,"newton-wall (no collapse)","ok"
"Anodic dehydrogenative 2-naphthol coupling","Microfluidic cell (25 um gap)",12.5,0.0,"high",1434.3123513792,1439.5605961968756,1.0036590668780263,"newton-wall (no collapse)","ok"
"Anodic dehydrogenative 2-naphthol coupling","RDE 1600 rpm",13.509642571527705,0.0,"high",1327.1190778967111,1331.9750953578398,1.0036590668780263,"newton-wall (no collapse)","ok"
"Anodic dehydrogenative 2-naphthol coupling","Rotating cylinder 3000 rpm",11.210115349032627,0.0,"high",1599.3505716948014,1605.2027023980431,1.0036590668780268,"newton-wall (no collapse)","ok"
"Acrylonitrile hydrodimerization (ADN)","Unstirred batch",228.0,0.0,"high",380.84326311138597,382.23679408115623,1.0036590668780263,"newton-wall (no collapse)","ok"
"Acrylonitrile hydrodimerization (ADN)","Stirred batch",200.0,0.0,"high",434.16131994698003,435.74994525251844,1.003659066878027,"newton-wall (no collapse)","ok"
"Acrylonitrile hydrodimerization (ADN)","Recirculating flow cell",106.89999999999999,0.0,"high",812.2756219775117,815.2477928017179,1.0036590668780263,"newton-wall (no collapse)","ok"
"Acrylonitrile hydrodimerization (ADN)","ANEC flow cell",36.199999999999996,0.0,"high",2398.681325673923,2407.4582610636367,1.0036590668780265,"newton-wall (no collapse)","ok"
"Acrylonitrile hydrodimerization (ADN)","Microfluidic cell (25 um gap)",12.5,0.0,"high",6946.5811191516805,6971.999124040295,1.003659066878027,"newton-wall (no collapse)","ok"
"Acrylonitrile hydrodimerization (ADN)","RDE 1600 rpm",13.367308230281543,0.0,"high",6495.8675668666865,6519.636380724654,1.0036590668780265,"newton-wall (no collapse)","ok"
"Acrylonitrile hydrodimerization (ADN)","Rotating cylinder 3000 rpm",12.30560234239045,0.0,"high",7056.319680530829,7082.139226154624,1.0036590668780263,"newton-wall (no collapse)","ok"
"Birch reduction of naphthalene","Unstirred batch",228.0,0.0,"high",9.935582140875368,9.971937100400963,1.0036590668780272,"newton-wall (no collapse)","ok"
"Birch reduction of naphthalene","Stirred batch",200.0,0.0,"high",11.32656364059792,11.368008294457093,1.0036590668780268,"newton-wall (no collapse)","ok"
"Birch reduction of naphthalene","Recirculating flow cell",106.89999999999999,0.0,"high",21.190951619453546,21.26849072863814,1.0036590668780259,"newton-wall (no collapse)","ok"
"Birch reduction of naphthalene","ANEC flow cell",36.199999999999996,0.0,"high",62.57769967181172,62.806675659983924,1.0036590668780263,"newton-wall (no collapse)","ok"
"Birch reduction of naphthalene","Microfluidic cell (25 um gap)",12.5,0.0,"high",181.22501824956672,181.8881327113135,1.0036590668780268,"newton-wall (no collapse)","ok"
"Birch reduction of naphthalene","RDE 1600 rpm",14.157906275205832,0.0,"high",160.00337084352188,160.588833878148,1.0036590668780265,"newton-wall (no collapse)","ok"
"Birch reduction of naphthalene","Rotating cylinder 3000 rpm",11.948073770465832,0.0,"high",189.59647987101974,190.2902260707062,1.0036590668780265,"newton-wall (no collapse)","ok"
"Nitroarene -> aniline","Unstirred batch",228.0,0.0,"high",47.717582666905265,47.892184493141244,1.0036590668780268,"newton-wall (no collapse)","ok"
"Nitroarene -> aniline","Stirred batch",200.0,0.0,"high",54.398044240272,54.597090322181025,1.003659066878027,"newton-wall (no collapse)","ok"
"Nitroarene -> aniline","Recirculating flow cell",106.89999999999999,0.0,"high",101.77370297525165,102.14609976086254,1.0036590668780268,"newton-wall (no collapse)","ok"
"Nitroarene -> aniline","ANEC flow cell",36.199999999999996,0.0,"high",300.5416808854807,301.6413829954751,1.0036590668780265,"newton-wall (no collapse)","ok"
"Nitroarene -> aniline","Microfluidic cell (25 um gap)",12.499999999999998,0.0,"high",870.3687078443522,873.5534451548964,1.0036590668780268,"newton-wall (no collapse)","ok"
"Nitroarene -> aniline","RDE 1600 rpm",10.70284857948568,0.0,"high",1016.515254537705,1020.2347518365925,1.0036590668780263,"newton-wall (no collapse)","ok"
"Nitroarene -> aniline","Rotating cylinder 3000 rpm",10.942139508897288,0.0,"high",994.285335076194,997.9234916130787,1.0036590668780265,"newton-wall (no collapse)","ok"
"Rapid-alternating-polarity (hetero)arene reduction","Unstirred batch",228.0,0.0,"high",3.582170295761052,3.5952776964417215,1.0036590668780263,"newton-wall (no collapse)","ok"
"Rapid-alternating-polarity (hetero)arene reduction","Stirred batch",200.0,0.0,"high",4.083674137167599,4.098616573943562,1.0036590668780263,"newton-wall (no collapse)","ok"
"Rapid-alternating-polarity (hetero)arene reduction","Recirculating flow cell",106.89999999999999,0.0,"high",7.6401761219225435,7.668132037312559,1.0036590668780265,"newton-wall (no collapse)","ok"
"Rapid-alternating-polarity (hetero)arene reduction","ANEC flow cell",36.199999999999996,0.0,"high",22.561735564461877,22.644290463776603,1.003659066878027,"newton-wall (no collapse)","ok"
"Rapid-alternating-polarity (hetero)arene reduction","Microfluidic cell (25 um gap)",12.5,0.0,"high",65.33878619468159,65.57786518309699,1.0036590668780263,"newton-wall (no collapse)","ok"
"Rapid-alternating-polarity (hetero)arene reduction","RDE 1600 rpm",13.239729265790356,0.0,"high",61.68818191349657,61.913903096701894,1.003659066878026,"newton-wall (no collapse)","ok"
"Rapid-alternating-polarity (hetero)arene reduction","Rotating cylinder 3000 rpm",12.197813832963588,0.0,"high",66.95747603774385,67.2024779205498,1.0036590668780263,"newton-wall (no collapse)","ok"
"Diazo difunctionalization (thiol + alcohol)","Unstirred batch",228.0,0.0,"high",13.673300333621402,13.723331853985465,1.0036590668780265,"newton-wall (no collapse)","ok"
"Diazo difunctionalization (thiol + alcohol)","Stirred batch",200.0,0.0,"high",15.5875623803284,15.644598313543424,1.003659066878026,"newton-wall (no collapse)","ok"
"Diazo difunctionalization (thiol + alcohol)","Recirculating flow cell",106.89999999999999,0.0,"high",29.16288565075472,29.26959459970707,1.0036590668780263,"newton-wall (no collapse)","ok"
"Diazo difunctionalization (thiol + alcohol)","ANEC flow cell",36.199999999999996,0.0,"high",86.11912917308507,86.43424482620676,1.003659066878026,"newton-wall (no collapse)","ok"
"Diazo difunctionalization (thiol + alcohol)","Microfluidic cell (25 um gap)",12.5,0.0,"high",249.4009980852544,250.3135730166948,1.003659066878026,"newton-wall (no collapse)","ok"
"Diazo difunctionalization (thiol + alcohol)","RDE 1600 rpm",14.06765692003452,0.0,"high",221.60850906350012,222.41938941890305,1.0036590668780259,"newton-wall (no collapse)","ok"
"Diazo difunctionalization (thiol + alcohol)","Rotating cylinder 3000 rpm",11.705319936170675,0.0,"high",266.33295741299963,267.30748751599634,1.0036590668780263,"newton-wall (no collapse)","ok"
"Cathodic aryl halide hydrodehalogenation","Unstirred batch",228.0,0.0,"high",5.552570047713334,5.572887272862842,1.0036590668780263,"newton-wall (no collapse)","ok"
"Cathodic aryl halide hydrodehalogenation","Stirred batch",200.0,0.0,"high",6.3299298543932,6.353091491063641,1.0036590668780265,"newton-wall (no collapse)","ok"
"Cathodic aryl halide hydrodehalogenation","Recirculating flow cell",106.89999999999999,0.0,"high",11.842712543298786,11.886045820511956,1.0036590668780263,"newton-wall (no collapse)","ok"
"Cathodic aryl halide hydrodehalogenation","ANEC flow cell",36.199999999999996,0.0,"high",34.971988145818784,35.09995298930186,1.0036590668780256,"newton-wall (no collapse)","ok"
"Cathodic aryl halide hydrodehalogenation","Microfluidic cell (25 um gap)",12.5,0.0,"high",101.2788776702912,101.64946385701826,1.0036590668780265,"newton-wall (no collapse)","ok"
"Cathodic aryl halide hydrodehalogenation","RDE 1600 rpm",12.650356243777583,0.0,"high",100.07512408999148,100.44130566186355,1.0036590668780265,"newton-wall (no collapse)","ok"
"Cathodic aryl halide hydrodehalogenation","Rotating cylinder 3000 rpm",10.45028616762087,0.0,"high",121.14366540517968,121.5869381787465,1.0036590668780265,"newton-wall (no collapse)","ok"
"Benzaldehyde -> benzyl alcohol","Unstirred batch",228.0,0.0,"high",0.9533766436673686,0.9568651125664955,1.003659066878026,"newton-wall (no collapse)","ok"
"Benzaldehyde -> benzyl alcohol","Stirred batch",200.0,0.0,"high",1.0868493737808,1.0908262283258048,1.003659066878026,"newton-wall (no collapse)","ok"
"Benzaldehyde -> benzyl alcohol","Recirculating flow cell",106.89999999999999,0.0,"high",2.033394525314874,2.040834851872414,1.0036590668780263,"newton-wall (no collapse)","ok"
"Benzaldehyde -> benzyl alcohol","ANEC flow cell",36.199999999999996,0.0,"high",6.004692672822101,6.026664244893954,1.0036590668780268,"newton-wall (no collapse)","ok"
"Benzaldehyde -> benzyl alcohol","Microfluidic cell (25 um gap)",12.5,0.0,"high",17.3895899804928,17.453219653212876,1.003659066878026,"newton-wall (no collapse)","ok"
"Benzaldehyde -> benzyl alcohol","RDE 1600 rpm",11.36959921607831,0.0,"high",19.118516899766053,19.18847283171098,1.0036590668780265,"newton-wall (no collapse)","ok"
"Benzaldehyde -> benzyl alcohol","Rotating cylinder 3000 rpm",11.671662876360877,0.0,"high",18.623728003351488,18.69187346963393,1.0036590668780268,"newton-wall (no collapse)","ok"
"ACT-mediated alcohol oxidation (flow, hectogram)","Unstirred batch",228.0,0.0,"high",0.6270806012758772,0.6293751311338585,1.003659066878026,"newton-wall (no collapse)","ok"
"ACT-mediated alcohol oxidation (flow, hectogram)","Stirred batch",200.0,0.0,"high",0.7148718854545,0.7174876494925988,1.0036590668780265,"newton-wall (no collapse)","ok"
"ACT-mediated alcohol oxidation (flow, hectogram)","Recirculating flow cell",106.89999999999999,0.0,"high",1.337459093460243,1.3423529457298382,1.003659066878026,"newton-wall (no collapse)","ok"
"ACT-mediated alcohol oxidation (flow, hectogram)","ANEC flow cell",36.199999999999996,0.0,"high",3.9495684279254144,3.9640201629425356,1.0036590668780265,"newton-wall (no collapse)","ok"
"ACT-mediated alcohol oxidation (flow, hectogram)","Microfluidic cell (25 um gap)",12.5,0.0,"high",11.437950167272,11.47980239188158,1.0036590668780265,"newton-wall (no collapse)","ok"
"ACT-mediated alcohol oxidation (flow, hectogram)","RDE 1600 rpm",10.25226553941915,0.0,"high",13.945637336564765,13.996665356235951,1.003659066878026,"newton-wall (no collapse)","ok"
"ACT-mediated alcohol oxidation (flow, hectogram)","Rotating cylinder 3000 rpm",9.269227054387574,0.0,"high",15.424627776619552,15.481067521222867,1.0036590668780265,"newton-wall (no collapse)","ok"
"Anodic methoxylation of 4-tBu-toluene (Lysmeral)","Unstirred batch",228.0,0.0,"high",181.29627737302457,181.95965257666964,1.003659066878026,"newton-wall (no collapse)","ok"
"Anodic methoxylation of 4-tBu-toluene (Lysmeral)","Stirred batch",200.0,0.0,"high",206.677756205248,207.43400393740342,1.0036590668780263,"newton-wall (no collapse)","ok"
"Anodic methoxylation of 4-tBu-toluene (Lysmeral)","Recirculating flow cell",106.89999999999999,0.0,"high",386.67494145041724,388.0898109212412,1.0036590668780263,"newton-wall (no collapse)","ok"
"Anodic methoxylation of 4-tBu-toluene (Lysmeral)","ANEC flow cell",36.199999999999996,0.0,"high",1141.8660563825858,1146.044220648638,1.0036590668780265,"newton-wall (no collapse)","ok"
"Anodic methoxylation of 4-tBu-toluene (Lysmeral)","Microfluidic cell (25 um gap)",12.5,0.0,"high",3306.844099283968,3318.9440629984547,1.0036590668780263,"newton-wall (no collapse)","ok"
"Anodic methoxylation of 4-tBu-toluene (Lysmeral)","RDE 1600 rpm",12.735682234921287,0.0,"high",3245.6487590203355,3257.524804892173,1.0036590668780259,"newton-wall (no collapse)","ok"
"Anodic methoxylation of 4-tBu-toluene (Lysmeral)","Rotating cylinder 3000 rpm",11.202248877608357,0.0,"high",3689.9333064875277,3703.435019231423,1.0036590668780265,"newton-wall (no collapse)","ok"
"Shono alpha-methoxylation of amides","Unstirred batch",228.0,0.0,"high",244.41278360911997,245.30710633019044,1.0036590668780268,"newton-wall (no collapse)","ok"
"Shono alpha-methoxylation of amides","Stirred batch",200.0,0.0,"high",278.63057331439677,279.6501012164169,1.003659066878026,"newton-wall (no collapse)","ok"
"Shono alpha-methoxylation of amides","Recirculating flow cell",106.89999999999999,0.0,"high",521.2919987172999,523.1994410035866,1.0036590668780263,"newton-wall (no collapse)","ok"
"Shono alpha-methoxylation of amides","ANEC flow cell",36.199999999999996,0.0,"high",1539.3954326762255,1545.0281835161154,1.0036590668780259,"newton-wall (no collapse)","ok"
"Shono alpha-methoxylation of amides","Microfluidic cell (25 um gap)",12.5,0.0,"high",4458.089173030348,4474.40161946267,1.003659066878026,"newton-wall (no collapse)","ok"
"Shono alpha-methoxylation of amides","RDE 1600 rpm",14.311748297727071,0.0,"high",3893.7321635072026,3907.979589898597,1.003659066878026,"newton-wall (no collapse)","ok"
"Shono alpha-methoxylation of amides","Rotating cylinder 3000 rpm",12.688821396784087,0.0,"high",4391.748683372818,4407.818385516764,1.0036590668780263,"newton-wall (no collapse)","ok"
"Cl-mediated ethylene epoxidation","Unstirred batch",228.0,-1.0,"high",85.90579998245613,172.66137678059698,2.0098919609136785,"newton-wall; substrate (total catalysis)","ok"
"Cl-mediated ethylene epoxidation","Stirred batch",200.0,-1.0,"high",97.93261197999999,196.83396952988056,2.0098919609136785,"newton-wall; substrate (total catalysis)","ok"
"Cl-mediated ethylene epoxidation","Recirculating flow cell",106.89999999999999,-1.0,"high",183.22284748362955,368.2581282130601,2.009891960913679,"newton-wall; substrate (total catalysis)","ok"
"Cl-mediated ethylene epoxidation","ANEC flow cell",36.199999999999996,-1.0,"high",541.0641545856354,1087.4804946402242,2.009891960913678,"newton-wall; substrate (total catalysis)","ok"
"Cl-mediated ethylene epoxidation","Microfluidic cell (25 um gap)",12.499999999999998,-1.0,"high",1566.9217916799998,3149.343512478089,2.009891960913678,"newton-wall; substrate (total catalysis)","ok"
"Cl-mediated ethylene epoxidation","RDE 1600 rpm",15.45371466180588,-1.0,"high",1267.4313473904385,2547.4000761300335,2.009891960913678,"newton-wall; substrate (total catalysis)","ok"
"Cl-mediated ethylene epoxidation","Rotating cylinder 3000 rpm",14.367296369055735,-1.0,"high",1363.2712719830452,2740.027970103288,2.009891960913679,"newton-wall; substrate (total catalysis)","ok"
"Alkaline lignin -> vanillin (pilot)","Unstirred batch",228.0,-2.0,"high",38.93267782456141,49.76978333428182,1.2783549993287033,"newton-wall (no collapse)","ok"
"Alkaline lignin -> vanillin (pilot)","Stirred batch",200.0,-2.0,"high",44.38325272,56.73755300108128,1.2783549993287036,"newton-wall (no collapse)","ok"
"Alkaline lignin -> vanillin (pilot)","Recirculating flow cell",106.89999999999999,-2.0,"high",83.03695550982228,106.15070720501643,1.2783549993287033,"newton-wall (no collapse)","ok"
"Alkaline lignin -> vanillin (pilot)","ANEC flow cell",36.199999999999996,-2.0,"high",245.2113409944752,313.4671436523829,1.2783549993287038,"newton-wall (no collapse)","ok"
"Alkaline lignin -> vanillin (pilot)","Microfluidic cell (25 um gap)",12.5,-2.0,"high",710.13204352,907.8008480173005,1.2783549993287036,"newton-wall (no collapse)","ok"
"Alkaline lignin -> vanillin (pilot)","RDE 1600 rpm",11.870348939730015,-2.0,"high",747.8003038554228,955.9542569331032,1.2783549993287033,"newton-wall (no collapse)","ok"
"Alkaline lignin -> vanillin (pilot)","Rotating cylinder 3000 rpm",10.839641713058407,-2.0,"high",818.9062682123883,1046.8529219509187,1.2783549993287033,"newton-wall (no collapse)","ok"
"Thioether -> sulfone (kilo-scale)","Unstirred batch",228.0,-1.0,"high",1.362643723859649,1.4196795999338958,1.0418567781699346,"plateau (c-control; c_red/cb 1.45e-03, c_sub/cb 1.5e-03)","ok"
"Thioether -> sulfone (kilo-scale)","Stirred batch",200.0,-1.0,"high",1.5534138451999997,1.618434743924641,1.0418567781699344,"plateau (c-control; c_red/cb 1.45e-03, c_sub/cb 1.5e-03)","ok"
"Thioether -> sulfone (kilo-scale)","Recirculating flow cell",106.89999999999999,-1.0,"high",2.906293442843779,3.027941522777626,1.0418567781699342,"plateau (c-control; c_red/cb 1.45e-03, c_sub/cb 1.5e-03)","ok"
"Thioether -> sulfone (kilo-scale)","ANEC flow cell",36.199999999999996,-1.0,"high",8.58239693480663,8.941628419473158,1.0418567781699346,"plateau (c-control; c_red/cb 1.45e-03, c_sub/cb 1.5e-03)","ok"
"Thioether -> sulfone (kilo-scale)","Microfluidic cell (25 um gap)",12.5,-1.0,"high",24.854621523199995,25.894955902794266,1.0418567781699348,"plateau (c-control; c_red/cb 1.45e-03, c_sub/cb 1.5e-03)","ok"
"Thioether -> sulfone (kilo-scale)","RDE 1600 rpm",15.016403559867902,-1.0,"high",20.689559107902202,21.55555739391541,1.0418567781699344,"plateau (c-control; c_red/cb 1.45e-03, c_sub/cb 1.5e-03)","ok"
"Thioether -> sulfone (kilo-scale)","Rotating cylinder 3000 rpm",12.99087166470521,-1.0,"high",23.91546749584875,24.916491913652777,1.0418567781699348,"plateau (c-control; c_red/cb 1.45e-03, c_sub/cb 1.5e-03)","ok"
"NHPI-mediated allylic C-H -> enone","Unstirred batch",228.0,-1.0,"high",2.9237086866147366,3.1471111952842983,1.076410659410884,"newton-wall; substrate (total catalysis)","ok"
"NHPI-mediated allylic C-H -> enone","Stirred batch",200.0,-1.0,"high",3.3330279027408,3.587706762624099,1.0764106594108835,"newton-wall; substrate (total catalysis)","ok"
"NHPI-mediated allylic C-H -> enone","Recirculating flow cell",106.89999999999999,-1.0,"high",6.235786534594574,6.712267095648457,1.076410659410884,"newton-wall; substrate (total catalysis)","ok"
"NHPI-mediated allylic C-H -> enone","ANEC flow cell",36.199999999999996,-1.0,"high",18.41451879967293,19.821584323890054,1.0764106594108838,"newton-wall; substrate (total catalysis)","ok"
"NHPI-mediated allylic C-H -> enone","Microfluidic cell (25 um gap)",12.5,-1.0,"high",53.3284464438528,57.40330820198558,1.0764106594108835,"newton-wall; substrate (total catalysis)","ok"
"NHPI-mediated allylic C-H -> enone","RDE 1600 rpm",13.60246943307335,-1.0,"high",49.006217865659025,52.75081528800747,1.076410659410884,"newton-wall; substrate (total catalysis)","ok"
"NHPI-mediated allylic C-H -> enone","Rotating cylinder 3000 rpm",10.928239244085947,-1.0,"high",60.998443176370614,65.65937444251442,1.0764106594108838,"newton-wall; substrate (total catalysis)","ok"
"Alkenesulfonate from cinnamic acid, SO2 and alcohol","Unstirred batch",228.0,-1.0,"high",15.494359411614035,21.576148487542902,1.3925163289661506,"newton-wall; substrate (total catalysis)","ok"
"Alkenesulfonate from cinnamic acid, SO2 and alcohol","Stirred batch",200.0,-1.0,"high",17.66356972924,24.5968092757989,1.3925163289661502,"newton-wall; substrate (total catalysis)","ok"
"Alkenesulfonate from cinnamic acid, SO2 and alcohol","Recirculating flow cell",106.89999999999999,-1.0,"high",33.04690314170252,46.018352246583554,1.3925163289661506,"newton-wall; substrate (total catalysis)","ok"
"Alkenesulfonate from cinnamic acid, SO2 and alcohol","ANEC flow cell",36.199999999999996,-1.0,"high",97.58878303447514,135.89397389944148,1.3925163289661506,"newton-wall; substrate (total catalysis)","ok"
"Alkenesulfonate from cinnamic acid, SO2 and alcohol","Microfluidic cell (25 um gap)",12.5,-1.0,"high",282.61711566784,393.5489484127824,1.3925163289661502,"newton-wall; substrate (total catalysis)","ok"
"Alkenesulfonate from cinnamic acid, SO2 and alcohol","RDE 1600 rpm",13.4426668052269,-1.0,"high",262.7985947307999,365.9513343919966,1.3925163289661506,"newton-wall; substrate (total catalysis)","ok"
"Alkenesulfonate from cinnamic acid, SO2 and alcohol","Rotating cylinder 3000 rpm",11.150770662134791,-1.0,"high",316.81343405655423,441.16788015959247,1.3925163289661504,"newton-wall; substrate (total catalysis)","ok"
"HMF -> FDCA (biomass)","Unstirred batch",228.0,0.0,"high",1.0033289620414034,1.007000209814174,1.0036590668780268,"newton-wall (no collapse)","ok"
"HMF -> FDCA (biomass)","Stirred batch",200.0,0.0,"high",1.1437950167271997,1.1479802391881575,1.0036590668780259,"newton-wall (no collapse)","ok"
"HMF -> FDCA (biomass)","Recirculating flow cell",106.89999999999999,0.0,"high",2.139934549536389,2.147764713167741,1.0036590668780259,"newton-wall (no collapse)","ok"
"HMF -> FDCA (biomass)","ANEC flow cell",36.199999999999996,0.0,"high",6.319309484680662,6.342432260708057,1.0036590668780265,"newton-wall (no collapse)","ok"
"HMF -> FDCA (biomass)","Microfluidic cell (25 um gap)",12.5,0.0,"high",18.300720267635196,18.36768382701052,1.0036590668780259,"newton-wall (no collapse)","ok"
"HMF -> FDCA (biomass)","RDE 1600 rpm",10.25226553941915,0.0,"high",22.313019738503623,22.39466456997753,1.0036590668780263,"newton-wall (no collapse)","ok"
"HMF -> FDCA (biomass)","Rotating cylinder 3000 rpm",9.269227054387574,0.0,"high",24.67940444259128,24.769708033956576,1.003659066878026,"newton-wall (no collapse)","ok"
"Radical-cation Diels-Alder (catalytic in e-)","Unstirred batch",228.0,0.0,"high",0.40432432283368414,0.4058037725713451,1.0036590668780259,"newton-wall (no collapse)","ok"
"Radical-cation Diels-Alder (catalytic in e-)","Stirred batch",200.0,0.0,"high",0.46092972803039994,0.4626163007313336,1.003659066878026,"newton-wall (no collapse)","ok"
"Radical-cation Diels-Alder (catalytic in e-)","Recirculating flow cell",106.89999999999999,0.0,"high",0.8623568344815716,0.8655122558116628,1.0036590668780263,"newton-wall (no collapse)","ok"
"Radical-cation Diels-Alder (catalytic in e-)","ANEC flow cell",36.199999999999996,0.0,"high",2.546573083040884,2.5558911642615123,1.0036590668780263,"newton-wall (no collapse)","ok"
"Radical-cation Diels-Alder (catalytic in e-)","Microfluidic cell (25 um gap)",12.5,0.0,"high",7.374875648486399,7.401860811701337,1.003659066878026,"newton-wall (no collapse)","ok"
"Radical-cation Diels-Alder (catalytic in e-)","RDE 1600 rpm",11.959676666479169,0.0,"high",7.70806336800565,7.736267687369247,1.0036590668780263,"newton-wall (no collapse)","ok"
"Radical-cation Diels-Alder (catalytic in e-)","Rotating cylinder 3000 rpm",10.095111346829334,0.0,"high",9.13174133884454,9.165154991116209,1.0036590668780263,"newton-wall (no collapse)","ok"
"BQ-mediated Wacker-Tsuji oxidation","Unstirred batch",228.0,0.0,"high",3.313797191165614,3.3259225967083044,1.003659066878026,"newton-wall (no collapse)","ok"
"BQ-mediated Wacker-Tsuji oxidation","Stirred batch",200.0,0.0,"high",3.7777287979287992,3.791551760247468,1.0036590668780268,"newton-wall (no collapse)","ok"
"BQ-mediated Wacker-Tsuji oxidation","Recirculating flow cell",106.89999999999999,0.0,"high",7.067780725778859,7.093642208133708,1.003659066878026,"newton-wall (no collapse)","ok"
"BQ-mediated Wacker-Tsuji oxidation","ANEC flow cell",36.199999999999996,0.0,"high",20.871429822811052,20.947799780372748,1.0036590668780263,"newton-wall (no collapse)","ok"
"BQ-mediated Wacker-Tsuji oxidation","Microfluidic cell (25 um gap)",12.5,0.0,"high",60.44366076686079,60.66482816395949,1.0036590668780268,"newton-wall (no collapse)","ok"
"BQ-mediated Wacker-Tsuji oxidation","RDE 1600 rpm",13.786020482289361,0.0,"high",54.805210869691884,55.00574680152843,1.0036590668780265,"newton-wall (no collapse)","ok"
"BQ-mediated Wacker-Tsuji oxidation","Rotating cylinder 3000 rpm",11.857322818031658,0.0,"high",63.71975961022053,63.952914472086086,1.0036590668780263,"newton-wall (no collapse)","ok"
"Non-Kolbe decarboxylative alpha-methoxylation","Unstirred batch",228.0,0.0,"high",10.744572717017544,10.78388782716493,1.0036590668780265,"newton-wall (no collapse)","ok"
"Non-Kolbe decarboxylative alpha-methoxylation","Stirred batch",200.0,0.0,"high",12.2488128974,12.293632122968019,1.0036590668780263,"newton-wall (no collapse)","ok"
"Non-Kolbe decarboxylative alpha-methoxylation","Recirculating flow cell",106.89999999999999,0.0,"high",22.91639456950421,23.000247189837268,1.0036590668780265,"newton-wall (no collapse)","ok"
"Non-Kolbe decarboxylative alpha-methoxylation","ANEC flow cell",36.199999999999996,0.0,"high",67.67299943314917,67.9206194639117,1.0036590668780265,"newton-wall (no collapse)","ok"
"Non-Kolbe decarboxylative alpha-methoxylation","Microfluidic cell (25 um gap)",12.5,0.0,"high",195.9810063584,196.6981139674883,1.0036590668780263,"newton-wall (no collapse)","ok"
"Non-Kolbe decarboxylative alpha-methoxylation","RDE 1600 rpm",12.666549699358889,0.0,"high",193.40409485023326,194.1117733677744,1.0036590668780263,"newton-wall (no collapse)","ok"
"Non-Kolbe decarboxylative alpha-methoxylation","Rotating cylinder 3000 rpm",11.137317226820484,0.0,"high",219.9598457679351,220.76469355408028,1.003659066878026,"newton-wall (no collapse)","ok"
"Co-H alkene isomerization (catalytic)","Unstirred batch",228.0,0.0,"high",0.1932821254225965,0.1939893576458448,1.0036590668780259,"newton-wall (no collapse)","ok"
"Co-H alkene isomerization (catalytic)","Stirred batch",200.0,0.0,"high",0.22034162298176,0.22114786771626324,1.0036590668780268,"newton-wall (no collapse)","ok"
"Co-H alkene isomerization (catalytic)","Recirculating flow cell",106.89999999999999,0.0,"high",0.41223877077971943,0.4137471800117178,1.0036590668780263,"newton-wall (no collapse)","ok"
"Co-H alkene isomerization (catalytic)","ANEC flow cell",36.199999999999996,0.0,"high",1.217357033048398,1.2218114238467577,1.0036590668780263,"newton-wall (no collapse)","ok"
"Co-H alkene isomerization (catalytic)","Microfluidic cell (25 um gap)",12.5,0.0,"high",3.52546596770816,3.538365883460212,1.0036590668780268,"newton-wall (no collapse)","ok"
"Co-H alkene isomerization (catalytic)","RDE 1600 rpm",11.971767594247522,0.0,"high",3.681020722247147,3.694489823249251,1.0036590668780265,"newton-wall (no collapse)","ok"
"Co-H alkene isomerization (catalytic)","Rotating cylinder 3000 rpm",9.534973011661975,0.0,"high",4.6217566156142444,4.638667932164738,1.0036590668780265,"newton-wall (no collapse)","ok"
"Oxazole synthesis from ketones and acetonitrile","Unstirred batch",228.0,0.0,"high",0.23751049379385966,0.23837956057488446,1.0036590668780263,"newton-wall (no collapse)","ok"
"Oxazole synthesis from ketones and acetonitrile","Stirred batch",200.0,0.0,"high",0.270761962925,0.2717526990553683,1.0036590668780265,"newton-wall (no collapse)","ok"
"Oxazole synthesis from ketones and acetonitrile","Recirculating flow cell",106.89999999999999,0.0,"high",0.5065705573900842,0.5084241329380138,1.0036590668780268,"newton-wall (no collapse)","ok"
"Oxazole synthesis from ketones and acetonitrile","ANEC flow cell",36.199999999999996,0.0,"high",1.4959224470994477,1.5013961273777245,1.0036590668780259,"newton-wall (no collapse)","ok"
"Oxazole synthesis from ketones and acetonitrile","Microfluidic cell (25 um gap)",12.5,0.0,"high",4.3321914068,4.348043184885893,1.0036590668780265,"newton-wall (no collapse)","ok"
"Oxazole synthesis from ketones and acetonitrile","RDE 1600 rpm",11.420238055559711,0.0,"high",4.741791924261771,4.759142458034332,1.0036590668780265,"newton-wall (no collapse)","ok"
"Oxazole synthesis from ketones and acetonitrile","Rotating cylinder 3000 rpm",9.368703780036556,0.0,"high",5.78013713064463,5.801287038969822,1.0036590668780263,"newton-wall (no collapse)","ok"
"Cathodic aryl-halide radical 5-exo cyclization","Unstirred batch",228.0,2.0,"high",0.2586483987649123,0.27052085869879017,1.0459019270583958,"newton-wall (no collapse)","ok"
"Cathodic aryl-halide radical 5-exo cyclization","Stirred batch",200.0,2.0,"high",0.294859174592,0.3083937789166208,1.0459019270583958,"newton-wall (no collapse)","ok"
"Cathodic aryl-halide radical 5-exo cyclization","Recirculating flow cell",106.89999999999999,2.0,"high",0.5516542087782975,0.5769762000310962,1.045901927058396,"newton-wall (no collapse)","ok"
"Cathodic aryl-halide radical 5-exo cyclization","ANEC flow cell",36.199999999999996,2.0,"high",1.6290562132154698,1.703833032688512,1.0459019270583954,"newton-wall (no collapse)","ok"
"Cathodic aryl-halide radical 5-exo cyclization","Microfluidic cell (25 um gap)",12.5,2.0,"high",4.717746793472,4.934300462665933,1.0459019270583958,"newton-wall (no collapse)","ok"
"Cathodic aryl-halide radical 5-exo cyclization","RDE 1600 rpm",10.255432088558708,2.0,"high",5.750302318728324,6.014252276326312,1.0459019270583951,"newton-wall (no collapse)","ok"
"Cathodic aryl-halide radical 5-exo cyclization","Rotating cylinder 3000 rpm",9.181126281621857,2.0,"high",6.4231591102766705,6.717994491241058,1.0459019270583954,"newton-wall (no collapse)","ok"
"Dehydrogenative lactonization (C-H/O-H)","Unstirred batch",228.0,0.0,"high",7.992836439254386,8.022082762330745,1.0036590668780268,"newton-wall (no collapse)","ok"
"Dehydrogenative lactonization (C-H/O-H)","Stirred batch",200.0,0.0,"high",9.11183354075,9.145174349057049,1.0036590668780265,"newton-wall (no collapse)","ok"
"Dehydrogenative lactonization (C-H/O-H)","Recirculating flow cell",106.89999999999999,0.0,"high",17.047396708606176,17.109774273259216,1.0036590668780265,"newton-wall (no collapse)","ok"
"Dehydrogenative lactonization (C-H/O-H)","ANEC flow cell",36.199999999999996,0.0,"high",50.34162177209945,50.525825132911876,1.0036590668780263,"newton-wall (no collapse)","ok"
"Dehydrogenative lactonization (C-H/O-H)","Microfluidic cell (25 um gap)",12.5,0.0,"high",145.789336652,146.32278958491278,1.0036590668780265,"newton-wall (no collapse)","ok"
"Dehydrogenative lactonization (C-H/O-H)","RDE 1600 rpm",12.609596659814809,0.0,"high",144.52220458071054,145.05102099263124,1.0036590668780268,"newton-wall (no collapse)","ok"
"Dehydrogenative lactonization (C-H/O-H)","Rotating cylinder 3000 rpm",10.414329552944785,0.0,"high",174.98646445605348,175.62675163224756,1.0036590668780263,"newton-wall (no collapse)","ok"
"Anodic benzylic fluorination","Unstirred batch",228.0,0.0,"high",16.689423348315792,16.750491064502974,1.0036590668780263,"newton-wall (no collapse)","ok"
"Anodic benzylic fluorination","Stirred batch",200.0,0.0,"high",19.025942617080002,19.095559813533395,1.0036590668780265,"newton-wall (no collapse)","ok"
"Anodic benzylic fluorination","Recirculating flow cell",106.89999999999999,0.0,"high",35.59577664561273,35.72602397293432,1.0036590668780265,"newton-wall (no collapse)","ok"
"Anodic benzylic fluorination","ANEC flow cell",36.199999999999996,0.0,"high",105.11570506674035,105.50033046151039,1.0036590668780259,"newton-wall (no collapse)","ok"
"Anodic benzylic fluorination","Microfluidic cell (25 um gap)",12.5,0.0,"high",304.41508187328003,305.5289570165343,1.0036590668780265,"newton-wall (no collapse)","ok"
"Anodic benzylic fluorination","RDE 1600 rpm",13.779749923211744,0.0,"high",276.14351092150287,277.1539384958977,1.0036590668780265,"newton-wall (no collapse)","ok"
"Anodic benzylic fluorination","Rotating cylinder 3000 rpm",11.449649362587952,0.0,"high",332.3410528054737,333.5571109440028,1.003659066878027,"newton-wall (no collapse)","ok"
"Br- oxidation / electrophilic bromination","Unstirred batch",228.0,-1.0,"high",22.005426596491223,44.22853001276377,2.009891960913679,"newton-wall; substrate (total catalysis)","ok"
"Br- oxidation / electrophilic bromination","Stirred batch",200.0,-1.0,"high",25.086186319999996,50.420524214550646,2.0098919609136767,"newton-wall; substrate (total catalysis)","ok"
"Br- oxidation / electrophilic bromination","Recirculating flow cell",106.89999999999999,-1.0,"high",46.93393137511693,94.33213136492175,2.009891960913678,"newton-wall; substrate (total catalysis)","ok"
"Br- oxidation / electrophilic bromination","ANEC flow cell",36.199999999999996,-1.0,"high",138.5977144751381,278.5664321245895,2.009891960913679,"newton-wall; substrate (total catalysis)","ok"
"Br- oxidation / electrophilic bromination","Microfluidic cell (25 um gap)",12.5,-1.0,"high",401.37898111999993,806.7283874328103,2.0098919609136767,"newton-wall; substrate (total catalysis)","ok"
"Br- oxidation / electrophilic bromination","RDE 1600 rpm",15.665545357757214,-1.0,"high",320.2721098704412,643.7123389334624,2.009891960913679,"newton-wall; substrate (total catalysis)","ok"
"Br- oxidation / electrophilic bromination","Rotating cylinder 3000 rpm",14.657853427752162,-1.0,"high",342.2900419034557,687.966003522562,2.009891960913679,"newton-wall; substrate (total catalysis)","ok"
"Alkoxysulfonylation of styrenes with sulfinates","Unstirred batch",228.0,0.0,"high",8.113443104254385,8.143130735183911,1.003659066878026,"newton-wall (no collapse)","ok"
"Alkoxysulfonylation of styrenes with sulfinates","Stirred batch",200.0,0.0,"high",9.24932513885,9.283169038109666,1.0036590668780265,"newton-wall (no collapse)","ok"
"Alkoxysulfonylation of styrenes with sulfinates","Recirculating flow cell",106.89999999999999,0.0,"high",17.30463075556595,17.367949556800117,1.0036590668780263,"newton-wall (no collapse)","ok"
"Alkoxysulfonylation of styrenes with sulfinates","ANEC flow cell",36.199999999999996,0.0,"high",51.10124386104973,51.28822672988767,1.0036590668780268,"newton-wall (no collapse)","ok"
"Alkoxysulfonylation of styrenes with sulfinates","Microfluidic cell (25 um gap)",12.500000000000002,0.0,"high",147.98920222159998,148.53070460975465,1.0036590668780268,"newton-wall (no collapse)","ok"
"Alkoxysulfonylation of styrenes with sulfinates","RDE 1600 rpm",13.49077836753297,0.0,"high",137.1207040375003,137.6224378639356,1.0036590668780265,"newton-wall (no collapse)","ok"
"Alkoxysulfonylation of styrenes with sulfinates","Rotating cylinder 3000 rpm",11.912996549570618,0.0,"high",155.28125271191112,155.84943720048773,1.0036590668780265,"newton-wall (no collapse)","ok"
"Aryl thiocyanation (NH4SCN)","Unstirred batch",228.0,-1.0,"high",3.681677142105263,4.32891127892012,1.1757987221130297,"newton-wall (no collapse)","ok"
"Aryl thiocyanation (NH4SCN)","Stirred batch",200.0,-1.0,"high",4.197111941999999,4.934958857968937,1.17579872211303,"newton-wall (no collapse)","ok"
"Aryl thiocyanation (NH4SCN)","Recirculating flow cell",106.89999999999999,-1.0,"high",7.8524077492984095,9.232850997135527,1.1757987221130306,"newton-wall (no collapse)","ok"
"Aryl thiocyanation (NH4SCN)","ANEC flow cell",36.199999999999996,-1.0,"high",23.1884637679558,27.264966066126703,1.175798722113029,"newton-wall (no collapse)","ok"
"Aryl thiocyanation (NH4SCN)","Microfluidic cell (25 um gap)",12.5,-1.0,"high",67.15379107199999,78.95934172750299,1.17579872211303,"newton-wall (no collapse)","ok"
"Aryl thiocyanation (NH4SCN)","RDE 1600 rpm",12.12301037048793,-1.0,"high",69.24207459588393,81.41474282629548,1.1757987221130306,"newton-wall (no collapse)","ok"
"Aryl thiocyanation (NH4SCN)","Rotating cylinder 3000 rpm",11.533244098508,-1.0,"high",72.78285114147477,85.57798336388892,1.1757987221130302,"newton-wall (no collapse)","ok"
"Anodic C-H phosphorylation of arenes","Unstirred batch",228.0,0.0,"high",7.6409612043508774,7.6689199924100055,1.0036590668780268,"newton-wall (no collapse)","ok"
"Anodic C-H phosphorylation of arenes","Stirred batch",200.0,0.0,"high",8.71069577296,8.742568791347399,1.0036590668780259,"newton-wall (no collapse)","ok"
"Anodic C-H phosphorylation of arenes","Recirculating flow cell",106.89999999999999,0.0,"high",16.29690509440599,16.356536560051275,1.0036590668780268,"newton-wall (no collapse)","ok"
"Anodic C-H phosphorylation of arenes","ANEC flow cell",36.199999999999996,0.0,"high",48.125391010828736,48.30148503506853,1.0036590668780263,"newton-wall (no collapse)","ok"
"Anodic C-H phosphorylation of arenes","Microfluidic cell (25 um gap)",12.499999999999998,0.0,"high",139.37113236736002,139.88110066155838,1.0036590668780256,"newton-wall (no collapse)","ok"
"Anodic C-H phosphorylation of arenes","RDE 1600 rpm",13.380948186356925,0.0,"high",130.19549364732367,130.67188766579687,1.0036590668780263,"newton-wall (no collapse)","ok"
"Anodic C-H phosphorylation of arenes","Rotating cylinder 3000 rpm",11.096101929671597,0.0,"high",157.00460987415977,157.57910024184775,1.0036590668780265,"newton-wall (no collapse)","ok"
"Anodic N-N coupling to pyrazolidine-3,5-diones","Unstirred batch",228.0,0.0,"high",1.7172696370877192,1.7235532415374282,1.003659066878027,"newton-wall (no collapse)","ok"
"Anodic N-N coupling to pyrazolidine-3,5-diones","Stirred batch",200.0,0.0,"high",1.9576873862799997,1.9648506953526663,1.003659066878026,"newton-wall (no collapse)","ok"
"Anodic N-N coupling to pyrazolidine-3,5-diones","Recirculating flow cell",106.89999999999999,0.0,"high",3.6626517984658555,3.676053686347368,1.003659066878027,"newton-wall (no collapse)","ok"
"Anodic N-N coupling to pyrazolidine-3,5-diones","ANEC flow cell",36.199999999999996,0.0,"high",10.81595241038674,10.855528703605898,1.0036590668780268,"newton-wall (no collapse)","ok"
"Anodic N-N coupling to pyrazolidine-3,5-diones","Microfluidic cell (25 um gap)",12.5,0.0,"high",31.322998180479996,31.43761112564266,1.003659066878026,"newton-wall (no collapse)","ok"
"Anodic N-N coupling to pyrazolidine-3,5-diones","RDE 1600 rpm",9.943221964743373,0.0,"high",39.377324437120244,39.521408700713415,1.0036590668780265,"newton-wall (no collapse)","ok"
"Anodic N-N coupling to pyrazolidine-3,5-diones","Rotating cylinder 3000 rpm",9.163515836433955,0.0,"high",42.727866055434184,42.88421017488636,1.0036590668780263,"newton-wall (no collapse)","ok"
