gate,description,solver,analytic,err_pct,tol_pct,pass,note
G1,"Tier-1 Fick: neutral S, 10x support",482.4266600000004,482.4266600000001,0.0,1.5,true,""
G2,"Tier-1 Newman binary: anion in own salt (x2)",969.6775866000007,964.8533200000002,0.5,1.5,true,""
G3,"Tier-1 c_surf/c_bulk at i = 0.5 i_lim",0.5031250000000009,0.5,0.625,1.5,true,"converged"
G4,"Tier-1 Fick mesh drift (N=40)",487.2509266000004,482.4266600000001,1.0,1.5,true,""
G4,"Tier-1 Fick mesh drift (N=160)",482.4266600000004,482.4266600000001,0.0,1.5,true,""
G5,"EC' k->0: commuting bound FD_redC_med/delta",11.545891105975013,11.57823984,-0.279,2.5,true,""
G6,"EC' Saveant (delta/x_k = 7.9), depletion-corrected",166.47897039220757,164.78802207373903,1.026,4.0,true,"uncorrected asymptote 18.3 mA/cm2, dev -10.0% expected"
G7,"EC' total catalysis (k=1e3): bracket [0.80 cap, cap+shuttle]",417.8291512254024,494.00489983999995,-15.42,NaN,true,"bracket 385.9-503.9 A/m2; ceiling must not be exceeded"
G8a,"EC' k->0 Newman binary, mesh-matched (x2)",7855.055338376149,7834.608958399998,0.261,1.5,true,"uniform mesh; c_surf = 0.003"
G8b,"EC' k->0 binary, production stretch: stall is conservative",7820.822718330259,7834.608958399998,-0.176,NaN,true,"known Newton stall (c_surf = 0.0019); must not exceed ceiling"
G10,"Cl-/propylene stirred, mesh-matched: hits migration ceiling",7889.437798447493,7834.608958399998,0.7,NaN,true,"dilute substrate (k=10): carrier-limited, ceiling = 2x Fick"
G9,"EC' commuting bound, refined mesh (N=130)",11.545891105975013,11.57823984,-0.279,2.5,true,""
G9,"EC' Saveant, refined mesh (N=130), depletion-corrected",166.27959437976182,164.78802207373903,0.905,4.0,true,""
G11,"EC' current conservation, max face deviation at 0.9 i_lim",1.0000000000030935,1.0,0.0,0.5,true,"max |i(x)-i_app|/i_app = 3.1e-10%"
G12,"production mesh converged: ACT-mediated alcohol oxidation",14.531063157124633,14.529968574171498,0.008,1.0,true,"N 90->180, growth 1.15->1.02, c-control path; limiter 'plateau (c-control; c_red/cb 2.05e-03, c_sub/cb 6.0e-01)'"
G12,"production mesh converged: BQ-mediated Wacker-Tsuji oxida",16.83191697797302,16.832107204825387,-0.001,1.0,true,"N 90->180, growth 1.15->1.02, c-control path; limiter 'plateau (c-control; c_red/cb 5.29e-03, c_sub/cb 4.1e-02)'"
