reaction,k_M,delta_um,xk_um,D_S_m2s,i_fick_mAcm2,i_k0_mAcm2,i_subcap_mAcm2,i_ec_mAcm2,amplification,limiter,path
"Ni-catalyzed aryl amination (ArBr + amine)",0.0,260.0,Inf,1.9148936170212767e-10,0.09345717696492307,0.09379914302566926,0.7106121014729951,0.09379914302566926,1.0,"newton-wall (no collapse); plateau (c-control; c_red/cb 1.42e-03, c_sub/cb 1.0e+00)","direct-ramp"
"Ni-catalyzed aryl amination (ArBr + amine)",100.0,260.0,7.0970416371894,1.9148936170212767e-10,0.09345717696492307,0.09379914302566926,0.7106121014729951,0.7753269086411221,8.265820812765257,"plateau (c-control; c_red/cb 8.47e-03, c_sub/cb 4.0e-02)","c-control"
"Ni-catalyzed aryl amination (ArBr + amine)",0.0,228.0,Inf,1.9148936170212767e-10,0.10657397373192984,0.10696393502927198,0.8103471332586786,0.10696393502927198,1.0,"newton-wall (no collapse); plateau (c-control; c_red/cb 1.42e-03, c_sub/cb 1.0e+00)","direct-ramp"
"Ni-catalyzed aryl amination (ArBr + amine)",100.0,228.0,7.0970416371894,1.9148936170212767e-10,0.10657397373192984,0.10696393502927198,0.8103471332586786,0.873793579540342,8.16904856109882,"plateau (c-control; c_red/cb 6.33e-03, c_sub/cb 5.3e-02)","c-control"
"Ni-catalyzed aryl amination (ArBr + amine)",0.0,200.0,Inf,1.9148936170212767e-10,0.12149433005440001,0.1219388859333701,0.9237957319148937,0.1219388859333701,1.0,"newton-wall (no collapse); plateau (c-control; c_red/cb 1.42e-03, c_sub/cb 1.0e+00)","direct-ramp"
"Ni-catalyzed aryl amination (ArBr + amine)",100.0,200.0,7.0970416371894,1.9148936170212767e-10,0.12149433005440001,0.1219388859333701,0.9237957319148937,0.9808545625616519,8.04382092762116,"plateau (c-control; c_red/cb 6.33e-03, c_sub/cb 6.9e-02)","c-control"
"Ni-catalyzed aryl amination (ArBr + amine)",0.0,176.598,Inf,1.9148936170212767e-10,0.13759423102685195,0.13809769752020987,1.0462131302901432,0.13809769752020987,1.0,"newton-wall (no collapse); plateau (c-control; c_red/cb 1.42e-03, c_sub/cb 1.0e+00)","direct-ramp"
"Ni-catalyzed aryl amination (ArBr + amine)",100.0,176.598,7.0970416371894,1.9148936170212767e-10,0.13759423102685195,0.13809769752020987,1.0462131302901432,1.091076863284649,7.900760714167415,"plateau (c-control; c_red/cb 5.26e-03, c_sub/cb 8.8e-02)","c-control"
"Ni-catalyzed aryl amination (ArBr + amine)",0.0,119.95,Inf,1.9148936170212767e-10,0.2025749563224677,0.20331619163546488,1.540301345418747,0.20331619163546488,1.0,"newton-wall (no collapse); plateau (c-control; c_red/cb 1.42e-03, c_sub/cb 1.0e+00)","direct-ramp"
"Ni-catalyzed aryl amination (ArBr + amine)",100.0,119.95,7.0970416371894,1.9148936170212767e-10,0.2025749563224677,0.20331619163546488,1.540301345418747,1.4768385362343268,7.263752701418978,"plateau (c-control; c_red/cb 4.13e-03, c_sub/cb 1.7e-01)","c-control"
"Ni-catalyzed aryl amination (ArBr + amine)",0.0,106.9,Inf,1.9148936170212767e-10,0.2273046399521048,0.22813636283137528,1.7283362617678084,0.22813636283137528,1.0,"newton-wall (no collapse); plateau (c-control; c_red/cb 1.42e-03, c_sub/cb 1.0e+00)","direct-ramp"
"Ni-catalyzed aryl amination (ArBr + amine)",100.0,106.9,7.0970416371894,1.9148936170212767e-10,0.2273046399521048,0.22813636283137528,1.7283362617678084,1.6010748230155796,7.018060615786173,"plateau (c-control; c_red/cb 3.38e-03, c_sub/cb 2.1e-01)","c-control"
"Ni-catalyzed aryl amination (ArBr + amine)",0.0,81.473,Inf,1.9148936170212767e-10,0.29824440011881237,0.2993356963248441,2.2677346652630774,0.2993356963248441,1.0,"newton-wall (no collapse); plateau (c-control; c_red/cb 1.42e-03, c_sub/cb 1.0e+00)","direct-ramp"
"Ni-catalyzed aryl amination (ArBr + amine)",100.0,81.473,7.0970416371894,1.9148936170212767e-10,0.29824440011881237,0.2993356963248441,2.2677346652630774,1.8985848137479875,6.342660888955963,"plateau (c-control; c_red/cb 2.76e-03, c_sub/cb 2.9e-01)","c-control"
"Ni-catalyzed aryl amination (ArBr + amine)",0.0,55.338,Inf,1.9148936170212767e-10,0.43909910027250715,0.44070579324648557,3.3387391373555015,0.44070579324648557,1.0,"newton-wall (no collapse); plateau (c-control; c_red/cb 1.42e-03, c_sub/cb 1.0e+00)","direct-ramp"
"Ni-catalyzed aryl amination (ArBr + amine)",100.0,55.338,7.0970416371894,1.9148936170212767e-10,0.43909910027250715,0.44070579324648557,3.3387391373555015,2.3054939507381698,5.23136747024497,"plateau (c-control; c_red/cb 2.18e-03, c_sub/cb 4.4e-01)","c-control"
"Ni-catalyzed aryl amination (ArBr + amine)",0.0,37.587,Inf,1.9148936170212767e-10,0.6464699500061191,0.648835426787826,4.915506594912568,0.648835426787826,1.0,"newton-wall (no collapse); plateau (c-control; c_red/cb 1.42e-03, c_sub/cb 1.0e+00)","direct-ramp"
"Ni-catalyzed aryl amination (ArBr + amine)",100.0,37.587,7.0970416371894,1.9148936170212767e-10,0.6464699500061191,0.648835426787826,4.915506594912568,2.661727541103448,4.102315365671075,"newton-wall; mediator; plateau (c-control; c_red/cb 1.92e-03, c_sub/cb 5.9e-01)","direct-ramp"
"Ni-catalyzed aryl amination (ArBr + amine)",0.0,36.2,Inf,1.9148936170212767e-10,0.6712393925657458,0.6736955023943096,5.103843822734219,0.6736955023943096,1.0,"newton-wall (no collapse); plateau (c-control; c_red/cb 1.42e-03, c_sub/cb 1.0e+00)","direct-ramp"
"Ni-catalyzed aryl amination (ArBr + amine)",100.0,36.2,7.0970416371894,1.9148936170212767e-10,0.6712393925657458,0.6736955023943096,5.103843822734219,2.691392925976347,3.9949694133494336,"newton-wall; mediator; plateau (c-control; c_red/cb 2.02e-03, c_sub/cb 6.1e-01)","direct-ramp"
"Ni-catalyzed aryl amination (ArBr + amine)",0.0,25.53,Inf,1.9148936170212767e-10,0.9517769686987857,0.9552595842802195,7.2369426707003015,0.9552595842802195,1.0,"newton-wall (no collapse); plateau (c-control; c_red/cb 1.42e-03, c_sub/cb 1.0e+00)","direct-ramp"
"Ni-catalyzed aryl amination (ArBr + amine)",100.0,25.53,7.0970416371894,1.9148936170212767e-10,0.9517769686987857,0.9552595842802195,7.2369426707003015,2.949492108982627,3.0876341441840083,"newton-wall; mediator; plateau (c-control; c_red/cb 1.65e-03, c_sub/cb 7.3e-01)","direct-ramp"
"Ni-catalyzed aryl amination (ArBr + amine)",0.0,17.341,Inf,1.9148936170212767e-10,1.4012378761824578,1.4063650992834327,10.6544689685127,1.4063650992834327,1.0,"newton-wall (no collapse); plateau (c-control; c_red/cb 1.42e-03, c_sub/cb 1.0e+00)","direct-ramp"
"Ni-catalyzed aryl amination (ArBr + amine)",100.0,17.341,7.0970416371894,1.9148936170212767e-10,1.4012378761824578,1.4063650992834327,10.6544689685127,3.2123301764298753,2.284136728127435,"newton-wall; mediator; plateau (c-control; c_red/cb 1.75e-03, c_sub/cb 8.3e-01)","direct-ramp"
"Ni-catalyzed aryl amination (ArBr + amine)",0.0,12.624,Inf,1.9148936170212767e-10,1.9248151149302914,1.931858142163657,14.635547083569291,1.931858142163657,1.0,"newton-wall (no collapse); plateau (c-control; c_red/cb 1.42e-03, c_sub/cb 1.0e+00)","direct-ramp"
"Ni-catalyzed aryl amination (ArBr + amine)",100.0,12.624,7.0970416371894,1.9148936170212767e-10,1.9248151149302914,1.931858142163657,14.635547083569291,3.4822137418435357,1.8025204158849364,"plateau (c-control; c_red/cb 1.54e-03, c_sub/cb 8.9e-01)","c-control"
"Ni-catalyzed aryl amination (ArBr + amine)",0.0,12.5,Inf,1.9148936170212767e-10,1.9439092808704002,1.9510221749339216,14.7807317106383,1.9510221749339216,1.0,"newton-wall (no collapse); plateau (c-control; c_red/cb 1.42e-03, c_sub/cb 1.0e+00)","direct-ramp"
"Ni-catalyzed aryl amination (ArBr + amine)",100.0,12.5,7.0970416371894,1.9148936170212767e-10,1.9439092808704002,1.9510221749339216,14.7807317106383,3.4924062362639603,1.7900392323230478,"plateau (c-control; c_red/cb 1.57e-03, c_sub/cb 9.0e-01)","c-control"
"Ni-catalyzed aryl amination (ArBr + amine)",0.0,11.778,Inf,1.9148936170212767e-10,2.063072339181525,2.0706212588447968,15.686801357019759,2.0706212588447968,1.0,"newton-wall (no collapse); plateau (c-control; c_red/cb 1.42e-03, c_sub/cb 1.0e+00)","direct-ramp"
"Ni-catalyzed aryl amination (ArBr + amine)",100.0,11.778,7.0970416371894,1.9148936170212767e-10,2.063072339181525,2.0706212588447968,15.686801357019759,3.5615163767132785,1.7200230904130942,"newton-wall; mediator; plateau (c-control; c_red/cb 1.63e-03, c_sub/cb 9.1e-01)","direct-ramp"
"Ni-catalyzed aryl amination (ArBr + amine)",0.0,10.992,Inf,1.9148936170212767e-10,2.2105955250072777,2.2186842418735453,16.808510406020627,2.2186842418735453,1.0,"newton-wall (no collapse); plateau (c-control; c_red/cb 1.42e-03, c_sub/cb 1.0e+00)","direct-ramp"
"Ni-catalyzed aryl amination (ArBr + amine)",100.0,10.992,7.0970416371894,1.9148936170212767e-10,2.2105955250072777,2.2186842418735453,16.808510406020627,3.6426054824300906,1.6417863406079496,"newton-wall (no collapse); plateau (c-control; c_red/cb 1.71e-03, c_sub/cb 9.2e-01)","direct-ramp"
"Ni-catalyzed aryl amination (ArBr + amine)",0.0,8.0,Inf,1.9148936170212767e-10,3.03735825136,3.048472148334252,23.094893297872343,3.048472148334252,1.0,"newton-wall (no collapse); plateau (c-control; c_red/cb 1.42e-03, c_sub/cb 1.0e+00)","direct-ramp"
"Ni-catalyzed aryl amination (ArBr + amine)",100.0,8.0,7.0970416371894,1.9148936170212767e-10,3.03735825136,3.048472148334252,23.094893297872343,4.182436070089629,1.3719777864380356,"newton-wall; mediator; plateau (c-control; c_red/cb 1.76e-03, c_sub/cb 9.5e-01)","direct-ramp"
"Electrochemical amination of ArX with NH3",0.0,260.0,Inf,2.3806451612903226e-10,0.12083437038352003,0.1212765114259175,1.837578710090323,0.1212765114259175,1.0,"newton-wall (no collapse); plateau (c-control; c_red/cb 1.42e-03, c_sub/cb 1.0e+00)","direct-ramp"
"Electrochemical amination of ArX with NH3",100.0,260.0,5.4867848228546094,2.3806451612903226e-10,0.12083437038352003,0.1212765114259175,1.837578710090323,1.7893565760600751,14.754353955449277,"plateau (c-control; c_red/cb 6.64e-03, c_sub/cb 9.2e-02)","c-control"
"Electrochemical amination of ArX with NH3",0.0,228.0,Inf,2.3806451612903226e-10,0.1377935802619088,0.13829777618744982,2.095484493962649,0.13829777618744982,1.0,"newton-wall (no collapse); plateau (c-control; c_red/cb 1.42e-03, c_sub/cb 1.0e+00)","direct-ramp"
"Electrochemical amination of ArX with NH3",100.0,228.0,5.4867848228546094,2.3806451612903226e-10,0.1377935802619088,0.13829777618744982,2.095484493962649,1.9910072943389097,14.396524291470051,"plateau (c-control; c_red/cb 6.46e-03, c_sub/cb 1.2e-01)","c-control"
"Electrochemical amination of ArX with NH3",0.0,200.0,Inf,2.3806451612903226e-10,0.15708468149857602,0.15765946485369284,2.38885232311742,0.15765946485369284,1.0,"newton-wall (no collapse); plateau (c-control; c_red/cb 1.42e-03, c_sub/cb 1.0e+00)","direct-ramp"
"Electrochemical amination of ArX with NH3",100.0,200.0,5.4867848228546094,2.3806451612903226e-10,0.15708468149857602,0.15765946485369284,2.38885232311742,2.20441165193955,13.982107918387472,"plateau (c-control; c_red/cb 5.09e-03, c_sub/cb 1.4e-01)","c-control"
"Electrochemical amination of ArX with NH3",0.0,176.598,Inf,2.3806451612903226e-10,0.17790086127654448,0.17855181242561385,2.705412658260478,0.17855181242561385,1.0,"newton-wall (no collapse); plateau (c-control; c_red/cb 1.42e-03, c_sub/cb 1.0e+00)","direct-ramp"
"Electrochemical amination of ArX with NH3",100.0,176.598,5.4867848228546094,2.3806451612903226e-10,0.17790086127654448,0.17855181242561385,2.705412658260478,2.4163308793001246,13.532939523124625,"newton-wall (no collapse); plateau (c-control; c_red/cb 4.68e-03, c_sub/cb 1.7e-01)","direct-ramp"
"Electrochemical amination of ArX with NH3",0.0,119.95,Inf,2.3806451612903226e-10,0.26191693455369075,0.2628753061337103,3.983080155260391,0.2628753061337103,1.0,"newton-wall (no collapse); plateau (c-control; c_red/cb 1.42e-03, c_sub/cb 1.0e+00)","direct-ramp"
"Electrochemical amination of ArX with NH3",100.0,119.95,5.4867848228546094,2.3806451612903226e-10,0.26191693455369075,0.2628753061337103,3.983080155260391,3.094700545813891,11.772503820650943,"plateau (c-control; c_red/cb 3.62e-03, c_sub/cb 2.9e-01)","c-control"
"Electrochemical amination of ArX with NH3",0.0,106.9,Inf,2.3806451612903226e-10,0.29389089148470726,0.29496625791149234,4.469321465140168,0.29496625791149234,1.0,"newton-wall (no collapse); plateau (c-control; c_red/cb 1.42e-03, c_sub/cb 1.0e+00)","direct-ramp"
"Electrochemical amination of ArX with NH3",100.0,106.9,5.4867848228546094,2.3806451612903226e-10,0.29389089148470726,0.29496625791149234,4.469321465140168,3.2955113092671127,11.172502687598813,"plateau (c-control; c_red/cb 3.30e-03, c_sub/cb 3.3e-01)","c-control"
"Electrochemical amination of ArX with NH3",0.0,81.473,Inf,2.3806451612903226e-10,0.385611629616133,0.3870226083578432,5.8641570167231345,0.3870226083578432,1.0,"newton-wall (no collapse); plateau (c-control; c_red/cb 1.42e-03, c_sub/cb 1.0e+00)","direct-ramp"
"Electrochemical amination of ArX with NH3",100.0,81.473,5.4867848228546094,2.3806451612903226e-10,0.385611629616133,0.3870226083578432,5.8641570167231345,3.74863538077003,9.685830491080823,"newton-wall (no collapse); plateau (c-control; c_red/cb 2.62e-03, c_sub/cb 4.3e-01)","direct-ramp"
"Electrochemical amination of ArX with NH3",0.0,55.338,Inf,2.3806451612903226e-10,0.5677280765426146,0.5698054315432174,8.63367784566634,0.5698054315432174,1.0,"newton-wall (no collapse); plateau (c-control; c_red/cb 1.42e-03, c_sub/cb 1.0e+00)","direct-ramp"
"Electrochemical amination of ArX with NH3",100.0,55.338,5.4867848228546094,2.3806451612903226e-10,0.5677280765426146,0.5698054315432174,8.63367784566634,4.314596934280637,7.572053012192799,"newton-wall (no collapse); plateau (c-control; c_red/cb 1.96e-03, c_sub/cb 5.7e-01)","direct-ramp"
"Electrochemical amination of ArX with NH3",0.0,37.587,Inf,2.3806451612903226e-10,0.8358458057231277,0.8389042214259868,12.711056073203071,0.8389042214259868,1.0,"newton-wall (no collapse); plateau (c-control; c_red/cb 1.42e-03, c_sub/cb 1.0e+00)","direct-ramp"
"Electrochemical amination of ArX with NH3",100.0,37.587,5.4867848228546094,2.3806451612903226e-10,0.8358458057231277,0.8389042214259868,12.711056073203071,4.761216531773896,5.675518623187617,"newton-wall (no collapse); plateau (c-control; c_red/cb 1.99e-03, c_sub/cb 6.9e-01)","direct-ramp"
"Electrochemical amination of ArX with NH3",0.0,36.2,Inf,2.3806451612903226e-10,0.8678711685004199,0.8710467671474733,13.198079133245413,0.8710467671474733,1.0,"newton-wall (no collapse); plateau (c-control; c_red/cb 1.42e-03, c_sub/cb 1.0e+00)","direct-ramp"
"Electrochemical amination of ArX with NH3",100.0,36.2,5.4867848228546094,2.3806451612903226e-10,0.8678711685004199,0.8710467671474733,13.198079133245413,4.801980103208075,5.51288436433066,"newton-wall; mediator; plateau (c-control; c_red/cb 1.70e-03, c_sub/cb 7.0e-01)","direct-ramp"
"Electrochemical amination of ArX with NH3",0.0,25.53,Inf,2.3806451612903226e-10,1.2305889659112887,1.2350917732369195,18.714080087092984,1.2350917732369195,1.0,"newton-wall (no collapse); plateau (c-control; c_red/cb 1.42e-03, c_sub/cb 1.0e+00)","direct-ramp"
"Electrochemical amination of ArX with NH3",100.0,25.53,5.4867848228546094,2.3806451612903226e-10,1.2305889659112887,1.2350917732369195,18.714080087092984,5.101786400281714,4.1306941806526565,"newton-wall (no collapse); plateau (c-control; c_red/cb 1.92e-03, c_sub/cb 7.9e-01)","direct-ramp"
"Electrochemical amination of ArX with NH3",0.0,17.341,Inf,2.3806451612903226e-10,1.8117142206167582,1.8183434041138669,27.551494413441205,1.8183434041138669,1.0,"newton-wall (no collapse); plateau (c-control; c_red/cb 1.42e-03, c_sub/cb 1.0e+00)","direct-ramp"
"Electrochemical amination of ArX with NH3",100.0,17.341,5.4867848228546094,2.3806451612903226e-10,1.8117142206167582,1.8183434041138669,27.551494413441205,5.369922412345628,2.953194869680049,"plateau (c-control; c_red/cb 1.86e-03, c_sub/cb 8.7e-01)","c-control"
"Electrochemical amination of ArX with NH3",0.0,12.624,Inf,2.3806451612903226e-10,2.488667324121927,2.497773524298048,37.84620283772845,2.497773524298048,1.0,"newton-wall (no collapse); plateau (c-control; c_red/cb 1.42e-03, c_sub/cb 1.0e+00)","direct-ramp"
"Electrochemical amination of ArX with NH3",100.0,12.624,5.4867848228546094,2.3806451612903226e-10,2.488667324121927,2.497773524298048,37.84620283772845,5.623430432473559,2.251377227666755,"plateau (c-control; c_red/cb 1.52e-03, c_sub/cb 9.2e-01)","c-control"
"Electrochemical amination of ArX with NH3",0.0,12.5,Inf,2.3806451612903226e-10,2.5133549039772163,2.5225514376590854,38.22163716987872,2.5225514376590854,1.0,"newton-wall (no collapse); plateau (c-control; c_red/cb 1.42e-03, c_sub/cb 1.0e+00)","direct-ramp"
"Electrochemical amination of ArX with NH3",100.0,12.5,5.4867848228546094,2.3806451612903226e-10,2.5133549039772163,2.5225514376590854,38.22163716987872,5.631502397467713,2.2324628601800556,"plateau (c-control; c_red/cb 1.81e-03, c_sub/cb 9.2e-01)","c-control"
"Electrochemical amination of ArX with NH3",0.0,11.778,Inf,2.3806451612903226e-10,2.6674253947796913,2.6771856826913365,40.56465143687247,2.6771856826913365,1.0,"newton-wall (no collapse); plateau (c-control; c_red/cb 1.42e-03, c_sub/cb 1.0e+00)","direct-ramp"
"Electrochemical amination of ArX with NH3",100.0,11.778,5.4867848228546094,2.3806451612903226e-10,2.6674253947796913,2.6771856826913365,40.56465143687247,5.6995531654545575,2.12893457570148,"newton-wall; mediator; plateau (c-control; c_red/cb 1.65e-03, c_sub/cb 9.3e-01)","direct-ramp"
"Electrochemical amination of ArX with NH3",0.0,10.992,Inf,2.3806451612903226e-10,2.858163782725182,2.8686219951545278,43.46528972193266,2.8686219951545278,1.0,"newton-wall (no collapse); plateau (c-control; c_red/cb 1.42e-03, c_sub/cb 1.0e+00)","direct-ramp"
"Electrochemical amination of ArX with NH3",100.0,10.992,5.4867848228546094,2.3806451612903226e-10,2.858163782725182,2.8686219951545278,43.46528972193266,5.775028216756134,2.0131715599025948,"plateau (c-control; c_red/cb 1.45e-03, c_sub/cb 9.3e-01)","c-control"
"Electrochemical amination of ArX with NH3",0.0,8.0,Inf,2.3806451612903226e-10,3.927117037464401,3.941486621342321,59.72130807793549,3.941486621342321,1.0,"newton-wall (no collapse); plateau (c-control; c_red/cb 1.42e-03, c_sub/cb 1.0e+00)","direct-ramp"
"Electrochemical amination of ArX with NH3",100.0,8.0,5.4867848228546094,2.3806451612903226e-10,3.927117037464401,3.941486621342321,59.72130807793549,6.302877567888283,1.5991117498051437,"newton-wall; mediator; plateau (c-control; c_red/cb 1.45e-03, c_sub/cb 9.6e-01)","direct-ramp"
"Co-catalyzed aza-Wacker cyclization",0.0,260.0,Inf,1.0e-9,0.14494620328929228,0.14547657114084378,2.4492430430769234,0.14547657114084378,1.0,"newton-wall (no collapse); plateau (c-control; c_red/cb 1.42e-03, c_sub/cb 1.0e+00)","direct-ramp"
"Co-catalyzed aza-Wacker cyclization",10.0,260.0,59.88878581726855,1.0e-9,0.14494620328929228,0.14547657114084378,2.4492430430769234,0.5716012284224241,3.929163465566052,"newton-wall (no collapse); plateau (c-control; c_red/cb 1.58e-03, c_sub/cb 8.3e-01)","direct-ramp"
"Co-catalyzed aza-Wacker cyclization",0.0,228.0,Inf,1.0e-9,0.16528953006673683,0.16589433551148863,2.792996452631579,0.16589433551148863,1.0,"newton-wall (no collapse); plateau (c-control; c_red/cb 1.42e-03, c_sub/cb 1.0e+00)","direct-ramp"
"Co-catalyzed aza-Wacker cyclization",10.0,228.0,59.88878581726855,1.0e-9,0.16528953006673683,0.16589433551148863,2.792996452631579,0.5810445332229909,3.502497728035759,"newton-wall (no collapse); plateau (c-control; c_red/cb 1.86e-03, c_sub/cb 8.5e-01)","direct-ramp"
"Co-catalyzed aza-Wacker cyclization",0.0,200.0,Inf,1.0e-9,0.18843006427608,0.18911954248309695,3.184015956,0.18911954248309695,1.0,"newton-wall (no collapse); plateau (c-control; c_red/cb 1.42e-03, c_sub/cb 1.0e+00)","direct-ramp"
"Co-catalyzed aza-Wacker cyclization",10.0,200.0,59.88878581726855,1.0e-9,0.18843006427608,0.18911954248309695,3.184015956,0.590695647321453,3.123398246240195,"newton-wall; mediator; plateau (c-control; c_red/cb 1.77e-03, c_sub/cb 8.7e-01)","direct-ramp"
"Co-catalyzed aza-Wacker cyclization",0.0,176.598,Inf,1.0e-9,0.21339999804763354,0.21418084291226044,3.605947922400027,0.21418084291226044,1.0,"newton-wall (no collapse); plateau (c-control; c_red/cb 1.42e-03, c_sub/cb 1.0e+00)","direct-ramp"
"Co-catalyzed aza-Wacker cyclization",10.0,176.598,59.88878581726855,1.0e-9,0.21339999804763354,0.21418084291226044,3.605947922400027,0.5990330708641958,2.7968564448576325,"newton-wall (no collapse); plateau (c-control; c_red/cb 1.51e-03, c_sub/cb 8.9e-01)","direct-ramp"
"Co-catalyzed aza-Wacker cyclization",0.0,119.95,Inf,1.0e-9,0.31418101588341807,0.3153306252323416,5.308905303876615,0.3153306252323416,1.0,"newton-wall (no collapse); plateau (c-control; c_red/cb 1.42e-03, c_sub/cb 1.0e+00)","direct-ramp"
"Co-catalyzed aza-Wacker cyclization",10.0,119.95,59.88878581726855,1.0e-9,0.31418101588341807,0.3153306252323416,5.308905303876615,0.6360753196257626,2.0171694999719425,"plateau (c-control; c_red/cb 1.67e-03, c_sub/cb 9.4e-01)","c-control"
"Co-catalyzed aza-Wacker cyclization",0.0,106.9,Inf,1.0e-9,0.35253519976815717,0.35382514964096745,5.95699898222638,0.35382514964096745,1.0,"newton-wall (no collapse); plateau (c-control; c_red/cb 1.42e-03, c_sub/cb 1.0e+00)","direct-ramp"
"Co-catalyzed aza-Wacker cyclization",10.0,106.9,59.88878581726855,1.0e-9,0.35253519976815717,0.35382514964096745,5.95699898222638,0.6535708881255778,1.8471578088464533,"newton-wall; mediator; plateau (c-control; c_red/cb 1.56e-03, c_sub/cb 9.5e-01)","direct-ramp"
"Co-catalyzed aza-Wacker cyclization",0.0,81.473,Inf,1.0e-9,0.46255830588312685,0.4642508376593398,7.816125479606741,0.4642508376593398,1.0,"newton-wall (no collapse); plateau (c-control; c_red/cb 1.42e-03, c_sub/cb 1.0e+00)","direct-ramp"
"Co-catalyzed aza-Wacker cyclization",10.0,81.473,59.88878581726855,1.0e-9,0.46255830588312685,0.4642508376593398,7.816125479606741,0.7110204213568914,1.5315436477007012,"newton-wall (no collapse); plateau (c-control; c_red/cb 1.59e-03, c_sub/cb 9.7e-01)","direct-ramp"
"Co-catalyzed aza-Wacker cyclization",0.0,55.338,Inf,1.0e-9,0.6810150864725143,0.6835069662188622,11.507520893418627,0.6835069662188622,1.0,"newton-wall (no collapse); plateau (c-control; c_red/cb 1.42e-03, c_sub/cb 1.0e+00)","direct-ramp"
"Co-catalyzed aza-Wacker cyclization",10.0,55.338,59.88878581726855,1.0e-9,0.6810150864725143,0.6835069662188622,11.507520893418627,0.8632272117792152,1.2629384255650817,"newton-wall (no collapse); plateau (c-control; c_red/cb 1.58e-03, c_sub/cb 9.8e-01)","direct-ramp"
"Co-catalyzed aza-Wacker cyclization",0.0,37.587,Inf,1.0e-9,1.0026342313889374,1.006302937095788,16.94211273046532,1.006302937095788,1.0,"newton-wall (no collapse); plateau (c-control; c_red/cb 1.42e-03, c_sub/cb 1.0e+00)","direct-ramp"
"Co-catalyzed aza-Wacker cyclization",10.0,37.587,59.88878581726855,1.0e-9,1.0026342313889374,1.006302937095788,16.94211273046532,1.1333653500416319,1.1262665627435695,"newton-wall; mediator; plateau (c-control; c_red/cb 1.53e-03, c_sub/cb 9.9e-01)","direct-ramp"
"Co-catalyzed aza-Wacker cyclization",0.0,36.2,Inf,1.0e-9,1.04105007887337,1.0448593507353425,17.591248375690608,1.0448593507353425,1.0,"newton-wall (no collapse); plateau (c-control; c_red/cb 1.42e-03, c_sub/cb 1.0e+00)","direct-ramp"
"Co-catalyzed aza-Wacker cyclization",10.0,36.2,59.88878581726855,1.0e-9,1.04105007887337,1.0448593507353425,17.591248375690608,1.1670174977425922,1.1169134840218238,"newton-wall (no collapse); plateau (c-control; c_red/cb 1.44e-03, c_sub/cb 9.9e-01)","direct-ramp"
"Co-catalyzed aza-Wacker cyclization",0.0,25.53,Inf,1.0e-9,1.4761462144620445,1.4815475321825062,24.943329071680374,1.4815475321825062,1.0,"newton-wall (no collapse); plateau (c-control; c_red/cb 1.42e-03, c_sub/cb 1.0e+00)","direct-ramp"
"Co-catalyzed aza-Wacker cyclization",10.0,25.53,59.88878581726855,1.0e-9,1.4761462144620445,1.4815475321825062,24.943329071680374,1.5683888765594032,1.058615294137049,"plateau (c-control; c_red/cb 1.62e-03, c_sub/cb 1.0e+00)","c-control"
"Co-catalyzed aza-Wacker cyclization",0.0,17.341,Inf,1.0e-9,2.173231812191684,2.1811838127339485,36.72240304480711,2.1811838127339485,1.0,"newton-wall (no collapse); plateau (c-control; c_red/cb 1.42e-03, c_sub/cb 1.0e+00)","direct-ramp"
"Co-catalyzed aza-Wacker cyclization",10.0,17.341,59.88878581726855,1.0e-9,2.173231812191684,2.1811838127339485,36.72240304480711,2.242386164455244,1.0280592361652376,"newton-wall; mediator; plateau (c-control; c_red/cb 1.70e-03, c_sub/cb 1.0e+00)","direct-ramp"
"Co-catalyzed aza-Wacker cyclization",0.0,12.624,Inf,1.0e-9,2.985267178011407,2.9961904702645272,50.44385228136882,2.9961904702645272,1.0,"newton-wall (no collapse); plateau (c-control; c_red/cb 1.42e-03, c_sub/cb 1.0e+00)","direct-ramp"
"Co-catalyzed aza-Wacker cyclization",10.0,12.624,59.88878581726855,1.0e-9,2.985267178011407,2.9961904702645272,50.44385228136882,3.038981895048145,1.0142819440914381,"plateau (c-control; c_red/cb 1.63e-03, c_sub/cb 1.0e+00)","c-control"
"Co-catalyzed aza-Wacker cyclization",0.0,12.5,Inf,1.0e-9,3.01488102841728,3.0259126797295512,50.944255296,3.0259126797295512,1.0,"newton-wall (no collapse); plateau (c-control; c_red/cb 1.42e-03, c_sub/cb 1.0e+00)","direct-ramp"
"Co-catalyzed aza-Wacker cyclization",10.0,12.5,59.88878581726855,1.0e-9,3.01488102841728,3.0259126797295512,50.944255296,3.0683650789775108,1.0140296180826187,"newton-wall (no collapse); plateau (c-control; c_red/cb 1.61e-03, c_sub/cb 1.0e+00)","direct-ramp"
"Co-catalyzed aza-Wacker cyclization",0.0,11.778,Inf,1.0e-9,3.1996954368497192,3.211403336442468,54.067175343861436,3.211403336442468,1.0,"newton-wall (no collapse); plateau (c-control; c_red/cb 1.42e-03, c_sub/cb 1.0e+00)","direct-ramp"
"Co-catalyzed aza-Wacker cyclization",10.0,11.778,59.88878581726855,1.0e-9,3.1996954368497192,3.211403336442468,54.067175343861436,3.2517711786975934,1.0125701564163672,"plateau (c-control; c_red/cb 1.47e-03, c_sub/cb 1.0e+00)","c-control"
"Co-catalyzed aza-Wacker cyclization",0.0,10.992,Inf,1.0e-9,3.428494619288209,3.4410397103911374,57.93333253275108,3.4410397103911374,1.0,"newton-wall (no collapse); plateau (c-control; c_red/cb 1.42e-03, c_sub/cb 1.0e+00)","direct-ramp"
"Co-catalyzed aza-Wacker cyclization",10.0,10.992,59.88878581726855,1.0e-9,3.428494619288209,3.4410397103911374,57.93333253275108,3.4812701045110646,1.0116913484021823,"newton-wall; mediator; plateau (c-control; c_red/cb 1.68e-03, c_sub/cb 1.0e+00)","direct-ramp"
"Co-catalyzed aza-Wacker cyclization",0.0,8.0,Inf,1.0e-9,4.710751606902,4.727988562077423,79.6003989,4.727988562077423,1.0,"newton-wall (no collapse); plateau (c-control; c_red/cb 1.42e-03, c_sub/cb 1.0e+00)","direct-ramp"
"Co-catalyzed aza-Wacker cyclization",10.0,8.0,59.88878581726855,1.0e-9,4.710751606902,4.727988562077423,79.6003989,4.761154498989891,1.0070148090413094,"newton-wall; mediator; plateau (c-control; c_red/cb 1.39e-03, c_sub/cb 1.0e+00)","direct-ramp"
"Co-H alkene reduction (e-HAT)",0.0,260.0,Inf,8.092105263157895e-10,0.28435563291150767,0.2853961091894745,4.804735156275304,0.2853961091894745,1.0,"newton-wall (no collapse); plateau (c-control; c_red/cb 1.42e-03, c_sub/cb 1.0e+00)","direct-ramp"
"Co-H alkene reduction (e-HAT)",700.0,260.0,4.135689612559019,8.092105263157895e-10,0.28435563291150767,0.2853961091894745,4.804735156275304,4.774437553661275,16.72916133026721,"plateau (c-control; c_red/cb 9.01e-03, c_sub/cb 6.5e-02)","c-control"
"Co-H alkene reduction (e-HAT)",0.0,228.0,Inf,8.092105263157895e-10,0.3242651954254035,0.32545170346168134,5.479083950138505,0.32545170346168134,1.0,"newton-wall (no collapse); plateau (c-control; c_red/cb 1.42e-03, c_sub/cb 1.0e+00)","direct-ramp"
"Co-H alkene reduction (e-HAT)",700.0,228.0,4.135689612559019,8.092105263157895e-10,0.3242651954254035,0.32545170346168134,5.479083950138505,5.347857126945057,16.4321067306219,"plateau (c-control; c_red/cb 6.65e-03, c_sub/cb 8.3e-02)","c-control"
"Co-H alkene reduction (e-HAT)",0.0,200.0,Inf,8.092105263157895e-10,0.36966232278496003,0.3710149419463166,6.246155703157895,0.3710149419463166,1.0,"newton-wall (no collapse); plateau (c-control; c_red/cb 1.42e-03, c_sub/cb 1.0e+00)","direct-ramp"
"Co-H alkene reduction (e-HAT)",700.0,200.0,4.135689612559019,8.092105263157895e-10,0.36966232278496003,0.3710149419463166,6.246155703157895,5.961963809718119,16.0693361254997,"plateau (c-control; c_red/cb 5.83e-03, c_sub/cb 1.0e-01)","c-control"
"Co-H alkene reduction (e-HAT)",0.0,176.598,Inf,8.092105263157895e-10,0.41864836836765984,0.42018023074589356,7.073869130067038,0.42018023074589356,1.0,"newton-wall (no collapse); plateau (c-control; c_red/cb 1.42e-03, c_sub/cb 1.0e+00)","direct-ramp"
"Co-H alkene reduction (e-HAT)",700.0,176.598,4.135689612559019,8.092105263157895e-10,0.41864836836765984,0.42018023074589356,7.073869130067038,6.5801062006299595,15.660199407642565,"plateau (c-control; c_red/cb 5.74e-03, c_sub/cb 1.3e-01)","c-control"
"Co-H alkene reduction (e-HAT)",0.0,119.95,Inf,8.092105263157895e-10,0.616360688261709,0.618615993241045,10.41459892148044,0.618615993241045,1.0,"newton-wall (no collapse); plateau (c-control; c_red/cb 1.42e-03, c_sub/cb 1.0e+00)","direct-ramp"
"Co-H alkene reduction (e-HAT)",700.0,119.95,4.135689612559019,8.092105263157895e-10,0.616360688261709,0.618615993241045,10.41459892148044,8.659255168459246,13.997787420741886,"plateau (c-control; c_red/cb 4.13e-03, c_sub/cb 2.3e-01)","c-control"
"Co-H alkene reduction (e-HAT)",0.0,106.9,Inf,8.092105263157895e-10,0.6916039715340692,0.6941345967190212,11.685978864654622,0.6941345967190212,1.0,"newton-wall (no collapse); plateau (c-control; c_red/cb 1.42e-03, c_sub/cb 1.0e+00)","direct-ramp"
"Co-H alkene reduction (e-HAT)",700.0,106.9,4.135689612559019,8.092105263157895e-10,0.6916039715340692,0.6941345967190212,11.685978864654622,9.299946215824537,13.397900435711986,"plateau (c-control; c_red/cb 3.43e-03, c_sub/cb 2.6e-01)","c-control"
"Co-H alkene reduction (e-HAT)",0.0,81.473,Inf,8.092105263157895e-10,0.9074474311365974,0.9107678419754195,15.33306912267351,0.9107678419754195,1.0,"newton-wall (no collapse); plateau (c-control; c_red/cb 1.42e-03, c_sub/cb 1.0e+00)","direct-ramp"
"Co-H alkene reduction (e-HAT)",700.0,81.473,4.135689612559019,8.092105263157895e-10,0.9074474311365974,0.9107678419754195,15.33306912267351,10.786461909935127,11.843261710404395,"newton-wall (no collapse); plateau (c-control; c_red/cb 2.67e-03, c_sub/cb 3.6e-01)","direct-ramp"
"Co-H alkene reduction (e-HAT)",0.0,55.338,Inf,8.092105263157895e-10,1.3360162014708157,1.340904774102124,22.57456251818965,1.340904774102124,1.0,"newton-wall (no collapse); plateau (c-control; c_red/cb 1.42e-03, c_sub/cb 1.0e+00)","direct-ramp"
"Co-H alkene reduction (e-HAT)",700.0,55.338,4.135689612559019,8.092105263157895e-10,1.3360162014708157,1.340904774102124,22.57456251818965,12.723717640791484,9.48890472055433,"newton-wall; mediator; plateau (c-control; c_red/cb 2.16e-03, c_sub/cb 5.0e-01)","direct-ramp"
"Co-H alkene reduction (e-HAT)",0.0,37.587,Inf,8.092105263157895e-10,1.966969020059914,1.9741662912513183,33.2357235382334,1.9741662912513183,1.0,"newton-wall (no collapse); plateau (c-control; c_red/cb 1.42e-03, c_sub/cb 1.0e+00)","direct-ramp"
"Co-H alkene reduction (e-HAT)",700.0,37.587,4.135689612559019,8.092105263157895e-10,1.966969020059914,1.9741662912513183,33.2357235382334,14.295243808790861,7.241154847056918,"newton-wall (no collapse); plateau (c-control; c_red/cb 1.89e-03, c_sub/cb 6.3e-01)","direct-ramp"
"Co-H alkene reduction (e-HAT)",0.0,36.2,Inf,8.092105263157895e-10,2.0423332750550274,2.0498063090956733,34.50914753125909,2.0498063090956733,1.0,"newton-wall (no collapse); plateau (c-control; c_red/cb 1.42e-03, c_sub/cb 1.0e+00)","direct-ramp"
"Co-H alkene reduction (e-HAT)",700.0,36.2,4.135689612559019,8.092105263157895e-10,2.0423332750550274,2.0498063090956733,34.50914753125909,14.440422149305778,7.044773979487142,"newton-wall; mediator; plateau (c-control; c_red/cb 2.10e-03, c_sub/cb 6.4e-01)","direct-ramp"
"Co-H alkene reduction (e-HAT)",0.0,25.53,Inf,8.092105263157895e-10,2.895905388052957,2.9065016995402795,48.93188956645432,2.9065016995402795,1.0,"newton-wall (no collapse); plateau (c-control; c_red/cb 1.42e-03, c_sub/cb 1.0e+00)","direct-ramp"
"Co-H alkene reduction (e-HAT)",700.0,25.53,4.135689612559019,8.092105263157895e-10,2.895905388052957,2.9065016995402795,48.93188956645432,15.528291622491023,5.342605381908818,"plateau (c-control; c_red/cb 1.01e-03, c_sub/cb 7.4e-01)","c-control"
"Co-H alkene reduction (e-HAT)",0.0,17.341,Inf,8.092105263157895e-10,4.263448737500259,4.27904898156181,72.03916386780342,4.27904898156181,1.0,"newton-wall (no collapse); plateau (c-control; c_red/cb 1.42e-03, c_sub/cb 1.0e+00)","direct-ramp"
"Co-H alkene reduction (e-HAT)",700.0,17.341,4.135689612559019,8.092105263157895e-10,4.263448737500259,4.27904898156181,72.03916386780342,16.436275496422912,3.8411047798812143,"plateau (c-control; c_red/cb 1.61e-03, c_sub/cb 8.3e-01)","c-control"
"Co-H alkene reduction (e-HAT)",0.0,12.624,Inf,8.092105263157895e-10,5.856500677835234,5.8779300054866415,98.95683940364219,5.8779300054866415,1.0,"newton-wall (no collapse); plateau (c-control; c_red/cb 1.42e-03, c_sub/cb 1.0e+00)","direct-ramp"
"Co-H alkene reduction (e-HAT)",700.0,12.624,4.135689612559019,8.092105263157895e-10,5.856500677835234,5.8779300054866415,98.95683940364219,17.06870140218295,2.9038626499891107,"plateau (c-control; c_red/cb 1.56e-03, c_sub/cb 8.9e-01)","c-control"
"Co-H alkene reduction (e-HAT)",0.0,12.5,Inf,8.092105263157895e-10,5.9145971645593605,5.936239071141066,99.93849125052633,5.936239071141066,1.0,"newton-wall (no collapse); plateau (c-control; c_red/cb 1.42e-03, c_sub/cb 1.0e+00)","direct-ramp"
"Co-H alkene reduction (e-HAT)",700.0,12.5,4.135689612559019,8.092105263157895e-10,5.9145971645593605,5.936239071141066,99.93849125052633,17.084861532187883,2.8780615685183015,"plateau (c-control; c_red/cb 1.80e-03, c_sub/cb 8.9e-01)","c-control"
"Co-H alkene reduction (e-HAT)",0.0,11.778,Inf,8.092105263157895e-10,6.277166289437255,6.300134860694799,106.06479373676166,6.300134860694799,1.0,"newton-wall (no collapse); plateau (c-control; c_red/cb 1.42e-03, c_sub/cb 1.0e+00)","direct-ramp"
"Co-H alkene reduction (e-HAT)",700.0,11.778,4.135689612559019,8.092105263157895e-10,6.277166289437255,6.300134860694799,106.06479373676166,17.228714238822796,2.734658006499048,"newton-wall; mediator; plateau (c-control; c_red/cb 1.78e-03, c_sub/cb 9.0e-01)","direct-ramp"
"Co-H alkene reduction (e-HAT)",0.0,10.992,Inf,8.092105263157895e-10,6.7260247959417745,6.750635770493384,113.64912123649736,6.750635770493384,1.0,"newton-wall (no collapse); plateau (c-control; c_red/cb 1.42e-03, c_sub/cb 1.0e+00)","direct-ramp"
"Co-H alkene reduction (e-HAT)",700.0,10.992,4.135689612559019,8.092105263157895e-10,6.7260247959417745,6.750635770493384,113.64912123649736,17.367169190440716,2.572671638773869,"newton-wall (no collapse); plateau (c-control; c_red/cb 1.84e-03, c_sub/cb 9.1e-01)","direct-ramp"
"Co-H alkene reduction (e-HAT)",0.0,8.0,Inf,8.092105263157895e-10,9.241558069623999,9.27537354865792,156.1538925789474,9.27537354865792,1.0,"newton-wall (no collapse); plateau (c-control; c_red/cb 1.42e-03, c_sub/cb 1.0e+00)","direct-ramp"
"Co-H alkene reduction (e-HAT)",700.0,8.0,4.135689612559019,8.092105263157895e-10,9.241558069623999,9.27537354865792,156.1538925789474,18.312512084639348,1.9743153187926363,"plateau (c-control; c_red/cb 1.60e-03, c_sub/cb 9.4e-01)","c-control"
"Ni-XEC C(sp2)-C(sp3) (ArBr + RBr)",0.0,260.0,Inf,1.9148936170212767e-10,0.28037153089476924,0.2813974290770078,4.263672608837971,0.2813974290770078,1.0,"newton-wall (no collapse); plateau (c-control; c_red/cb 1.42e-03, c_sub/cb 1.0e+00)","direct-ramp"
"Ni-XEC C(sp2)-C(sp3) (ArBr + RBr)",100.0,260.0,2.897355115733428,1.9148936170212767e-10,0.28037153089476924,0.2813974290770078,4.263672608837971,4.4322849351831115,15.750978783712208,"plateau (c-control; c_red/cb 1.36e-02, c_sub/cb 2.5e-02)","c-control"
"Ni-XEC C(sp2)-C(sp3) (ArBr + RBr)",0.0,228.0,Inf,1.9148936170212767e-10,0.3197219211957895,0.32089180508781584,4.862082799552072,0.32089180508781584,1.0,"newton-wall (no collapse); plateau (c-control; c_red/cb 1.42e-03, c_sub/cb 1.0e+00)","direct-ramp"
"Ni-XEC C(sp2)-C(sp3) (ArBr + RBr)",100.0,228.0,2.897355115733428,1.9148936170212767e-10,0.3197219211957895,0.32089180508781584,4.862082799552072,5.0136805340898825,15.624208703983044,"plateau (c-control; c_red/cb 1.20e-02, c_sub/cb 3.4e-02)","c-control"
"Ni-XEC C(sp2)-C(sp3) (ArBr + RBr)",0.0,200.0,Inf,1.9148936170212767e-10,0.36448299016320007,0.3658166578001102,5.542774391489362,0.3658166578001102,1.0,"newton-wall (no collapse); plateau (c-control; c_red/cb 1.42e-03, c_sub/cb 1.0e+00)","direct-ramp"
"Ni-XEC C(sp2)-C(sp3) (ArBr + RBr)",100.0,200.0,2.897355115733428,1.9148936170212767e-10,0.36448299016320007,0.3658166578001102,5.542774391489362,5.657019484305406,15.464083889248473,"plateau (c-control; c_red/cb 1.03e-02, c_sub/cb 4.5e-02)","c-control"
"Ni-XEC C(sp2)-C(sp3) (ArBr + RBr)",0.0,176.598,Inf,1.9148936170212767e-10,0.4127826930805558,0.4142930925606292,6.2772787817408595,0.4142930925606292,1.0,"newton-wall (no collapse); plateau (c-control; c_red/cb 1.42e-03, c_sub/cb 1.0e+00)","direct-ramp"
"Ni-XEC C(sp2)-C(sp3) (ArBr + RBr)",100.0,176.598,2.897355115733428,1.9148936170212767e-10,0.4127826930805558,0.4142930925606292,6.2772787817408595,6.328454069614025,15.275306741175982,"plateau (c-control; c_red/cb 8.41e-03, c_sub/cb 5.7e-02)","c-control"
"Ni-XEC C(sp2)-C(sp3) (ArBr + RBr)",0.0,119.95,Inf,1.9148936170212767e-10,0.6077248689674031,0.6099485749063948,9.241808072512482,0.6099485749063948,1.0,"newton-wall (no collapse); plateau (c-control; c_red/cb 1.42e-03, c_sub/cb 1.0e+00)","direct-ramp"
"Ni-XEC C(sp2)-C(sp3) (ArBr + RBr)",100.0,119.95,2.897355115733428,1.9148936170212767e-10,0.6077248689674031,0.6099485749063948,9.241808072512482,8.774892123209408,14.386281867378802,"plateau (c-control; c_red/cb 6.13e-03, c_sub/cb 1.2e-01)","c-control"
"Ni-XEC C(sp2)-C(sp3) (ArBr + RBr)",0.0,106.9,Inf,1.9148936170212767e-10,0.6819139198563143,0.6844090884941259,10.370017570606851,0.6844090884941259,1.0,"newton-wall (no collapse); plateau (c-control; c_red/cb 1.42e-03, c_sub/cb 1.0e+00)","direct-ramp"
"Ni-XEC C(sp2)-C(sp3) (ArBr + RBr)",100.0,106.9,2.897355115733428,1.9148936170212767e-10,0.6819139198563143,0.6844090884941259,10.370017570606851,9.597364713394256,14.022848139715535,"plateau (c-control; c_red/cb 5.22e-03, c_sub/cb 1.4e-01)","c-control"
"Ni-XEC C(sp2)-C(sp3) (ArBr + RBr)",0.0,81.473,Inf,1.9148936170212767e-10,0.8947332003564372,0.8980070889745317,13.606407991578465,0.8980070889745317,1.0,"newton-wall (no collapse); plateau (c-control; c_red/cb 1.42e-03, c_sub/cb 1.0e+00)","direct-ramp"
"Ni-XEC C(sp2)-C(sp3) (ArBr + RBr)",100.0,81.473,2.897355115733428,1.9148936170212767e-10,0.8947332003564372,0.8980070889745317,13.606407991578465,11.646999853347289,12.96983063535438,"plateau (c-control; c_red/cb 4.07e-03, c_sub/cb 2.1e-01)","c-control"
"Ni-XEC C(sp2)-C(sp3) (ArBr + RBr)",0.0,55.338,Inf,1.9148936170212767e-10,1.3172973008175215,1.3221173797394568,20.032434824133006,1.3221173797394568,1.0,"newton-wall (no collapse); plateau (c-control; c_red/cb 1.42e-03, c_sub/cb 1.0e+00)","direct-ramp"
"Ni-XEC C(sp2)-C(sp3) (ArBr + RBr)",100.0,55.338,2.897355115733428,1.9148936170212767e-10,1.3172973008175215,1.3221173797394568,20.032434824133006,14.633751781168307,11.06842100816503,"plateau (c-control; c_red/cb 3.26e-03, c_sub/cb 3.4e-01)","c-control"
"Ni-XEC C(sp2)-C(sp3) (ArBr + RBr)",0.0,37.587,Inf,1.9148936170212767e-10,1.9394098500183572,1.946506280363478,29.493039569475407,1.946506280363478,1.0,"newton-wall (no collapse); plateau (c-control; c_red/cb 1.42e-03, c_sub/cb 1.0e+00)","direct-ramp"
"Ni-XEC C(sp2)-C(sp3) (ArBr + RBr)",100.0,37.587,2.897355115733428,1.9148936170212767e-10,1.9394098500183572,1.946506280363478,29.493039569475407,17.395413287700187,8.936736276264096,"plateau (c-control; c_red/cb 2.26e-03, c_sub/cb 4.8e-01)","c-control"
"Ni-XEC C(sp2)-C(sp3) (ArBr + RBr)",0.0,36.2,Inf,1.9148936170212767e-10,2.0137181776972377,2.02108650718293,30.623062936405315,2.02108650718293,1.0,"newton-wall (no collapse); plateau (c-control; c_red/cb 1.42e-03, c_sub/cb 1.0e+00)","direct-ramp"
"Ni-XEC C(sp2)-C(sp3) (ArBr + RBr)",100.0,36.2,2.897355115733428,1.9148936170212767e-10,2.0137181776972377,2.02108650718293,30.623062936405315,17.64174639106143,8.728842792410305,"plateau (c-control; c_red/cb 2.20e-03, c_sub/cb 4.9e-01)","c-control"
"Ni-XEC C(sp2)-C(sp3) (ArBr + RBr)",0.0,25.53,Inf,1.9148936170212767e-10,2.8553309060963574,2.8657787528406597,43.42165602420181,2.8657787528406597,1.0,"newton-wall (no collapse); plateau (c-control; c_red/cb 1.42e-03, c_sub/cb 1.0e+00)","direct-ramp"
"Ni-XEC C(sp2)-C(sp3) (ArBr + RBr)",100.0,25.53,2.897355115733428,1.9148936170212767e-10,2.8553309060963574,2.8657787528406597,43.42165602420181,19.702696384636276,6.875163117566657,"plateau (c-control; c_red/cb 1.82e-03, c_sub/cb 6.1e-01)","c-control"
"Ni-XEC C(sp2)-C(sp3) (ArBr + RBr)",0.0,17.341,Inf,1.9148936170212767e-10,4.203713628547374,4.219095297850299,63.926813811076194,4.219095297850299,1.0,"newton-wall (no collapse); plateau (c-control; c_red/cb 1.42e-03, c_sub/cb 1.0e+00)","direct-ramp"
"Ni-XEC C(sp2)-C(sp3) (ArBr + RBr)",100.0,17.341,2.897355115733428,1.9148936170212767e-10,4.203713628547374,4.219095297850299,63.926813811076194,21.510685131744232,5.098411771524642,"newton-wall (no collapse); plateau (c-control; c_red/cb 1.78e-03, c_sub/cb 7.3e-01)","direct-ramp"
"Ni-XEC C(sp2)-C(sp3) (ArBr + RBr)",0.0,12.624,Inf,1.9148936170212767e-10,5.774445344790874,5.795574426490972,87.81328250141574,5.795574426490972,1.0,"newton-wall (no collapse); plateau (c-control; c_red/cb 1.42e-03, c_sub/cb 1.0e+00)","direct-ramp"
"Ni-XEC C(sp2)-C(sp3) (ArBr + RBr)",100.0,12.624,2.897355115733428,1.9148936170212767e-10,5.774445344790874,5.795574426490972,87.81328250141574,22.631220743957122,3.90491417736129,"plateau (c-control; c_red/cb 1.93e-03, c_sub/cb 8.1e-01)","c-control"
"Ni-XEC C(sp2)-C(sp3) (ArBr + RBr)",0.0,12.5,Inf,1.9148936170212767e-10,5.831727842611201,5.853066524801763,88.6843902638298,5.853066524801763,1.0,"newton-wall (no collapse); plateau (c-control; c_red/cb 1.42e-03, c_sub/cb 1.0e+00)","direct-ramp"
"Ni-XEC C(sp2)-C(sp3) (ArBr + RBr)",100.0,12.5,2.897355115733428,1.9148936170212767e-10,5.831727842611201,5.853066524801763,88.6843902638298,22.66570782058393,3.8724500609279495,"plateau (c-control; c_red/cb 1.78e-03, c_sub/cb 8.1e-01)","c-control"
"Ni-XEC C(sp2)-C(sp3) (ArBr + RBr)",0.0,11.778,Inf,1.9148936170212767e-10,6.189217017544575,6.211863776534391,94.12080814211856,6.211863776534391,1.0,"newton-wall (no collapse); plateau (c-control; c_red/cb 1.42e-03, c_sub/cb 1.0e+00)","direct-ramp"
"Ni-XEC C(sp2)-C(sp3) (ArBr + RBr)",100.0,11.778,2.897355115733428,1.9148936170212767e-10,6.189217017544575,6.211863776534391,94.12080814211856,22.87451226639672,3.6823911613783724,"newton-wall; mediator; plateau (c-control; c_red/cb 1.82e-03, c_sub/cb 8.2e-01)","direct-ramp"
"Ni-XEC C(sp2)-C(sp3) (ArBr + RBr)",0.0,10.992,Inf,1.9148936170212767e-10,6.631786575021834,6.6560527256206345,100.85106243612375,6.6560527256206345,1.0,"newton-wall (no collapse); plateau (c-control; c_red/cb 1.42e-03, c_sub/cb 1.0e+00)","direct-ramp"
"Ni-XEC C(sp2)-C(sp3) (ArBr + RBr)",100.0,10.992,2.897355115733428,1.9148936170212767e-10,6.631786575021834,6.6560527256206345,100.85106243612375,23.074761800202044,3.466733625979573,"newton-wall (no collapse); plateau (c-control; c_red/cb 1.75e-03, c_sub/cb 8.4e-01)","direct-ramp"
"Ni-XEC C(sp2)-C(sp3) (ArBr + RBr)",0.0,8.0,Inf,1.9148936170212767e-10,9.11207475408,9.14541644500275,138.56935978723405,9.14541644500275,1.0,"newton-wall (no collapse); plateau (c-control; c_red/cb 1.42e-03, c_sub/cb 1.0e+00)","direct-ramp"
"Ni-XEC C(sp2)-C(sp3) (ArBr + RBr)",100.0,8.0,2.897355115733428,1.9148936170212767e-10,9.11207475408,9.14541644500275,138.56935978723405,24.02849369485003,2.6273810317276163,"plateau (c-control; c_red/cb 1.73e-03, c_sub/cb 8.9e-01)","c-control"
"Cathodic Ni aryl-aryl homocoupling",0.0,260.0,Inf,5.132127955493741e-10,1.5028555312320004,1.508354580128791,11.427116991976035,1.508354580128791,1.0,"newton-wall (no collapse); plateau (c-control; c_red/cb 1.42e-03, c_sub/cb 1.0e+00)","direct-ramp"
"Cathodic Ni aryl-aryl homocoupling",100.0,260.0,4.743275942496564,5.132127955493741e-10,1.5028555312320004,1.508354580128791,11.427116991976035,12.724715447310905,8.436156600674362,"plateau (c-control; c_red/cb 9.94e-03, c_sub/cb 1.7e-02)","c-control"
"Cathodic Ni aryl-aryl homocoupling",0.0,228.0,Inf,5.132127955493741e-10,1.7137826233347373,1.720053468567918,13.030922885586708,1.720053468567918,1.0,"newton-wall (no collapse); plateau (c-control; c_red/cb 1.42e-03, c_sub/cb 1.0e+00)","direct-ramp"
"Cathodic Ni aryl-aryl homocoupling",100.0,228.0,4.743275942496564,5.132127955493741e-10,1.7137826233347373,1.720053468567918,13.030922885586708,14.42002296609595,8.383473670793368,"plateau (c-control; c_red/cb 1.01e-02, c_sub/cb 2.4e-02)","c-control"
"Cathodic Ni aryl-aryl homocoupling",0.0,200.0,Inf,5.132127955493741e-10,1.9537121906016006,1.9608609541674271,14.855252089568848,1.9608609541674271,1.0,"newton-wall (no collapse); plateau (c-control; c_red/cb 1.42e-03, c_sub/cb 1.0e+00)","direct-ramp"
"Cathodic Ni aryl-aryl homocoupling",100.0,200.0,4.743275942496564,5.132127955493741e-10,1.9537121906016006,1.9608609541674271,14.855252089568848,16.30620092927211,8.315837435906133,"plateau (c-control; c_red/cb 9.14e-03, c_sub/cb 3.3e-02)","c-control"
"Cathodic Ni aryl-aryl homocoupling",0.0,176.598,Inf,5.132127955493741e-10,2.212609645184657,2.2207057318513526,16.823805580548868,2.2207057318513526,1.0,"newton-wall (no collapse); plateau (c-control; c_red/cb 1.42e-03, c_sub/cb 1.0e+00)","direct-ramp"
"Cathodic Ni aryl-aryl homocoupling",100.0,176.598,4.743275942496564,5.132127955493741e-10,2.212609645184657,2.2207057318513526,16.823805580548868,18.28218789616625,8.232602651466477,"plateau (c-control; c_red/cb 8.49e-03, c_sub/cb 4.4e-02)","c-control"
"Cathodic Ni aryl-aryl homocoupling",0.0,119.95,Inf,5.132127955493741e-10,3.257544294458692,3.2694638668902503,24.76907393008561,3.2694638668902503,1.0,"newton-wall (no collapse); plateau (c-control; c_red/cb 1.42e-03, c_sub/cb 1.0e+00)","direct-ramp"
"Cathodic Ni aryl-aryl homocoupling",100.0,119.95,4.743275942496564,5.132127955493741e-10,3.257544294458692,3.2694638668902503,24.76907393008561,25.56954288892678,7.820714321962288,"plateau (c-control; c_red/cb 6.11e-03, c_sub/cb 9.9e-02)","c-control"
"Cathodic Ni aryl-aryl homocoupling",0.0,106.9,Inf,5.132127955493741e-10,3.6552145754941074,3.668589250079377,27.792800915937974,3.668589250079377,1.0,"newton-wall (no collapse); plateau (c-control; c_red/cb 1.42e-03, c_sub/cb 1.0e+00)","direct-ramp"
"Cathodic Ni aryl-aryl homocoupling",100.0,106.9,4.743275942496564,5.132127955493741e-10,3.6552145754941074,3.668589250079377,27.792800915937974,28.045754961644704,7.6448337630160905,"plateau (c-control; c_red/cb 4.60e-03, c_sub/cb 1.2e-01)","c-control"
"Cathodic Ni aryl-aryl homocoupling",0.0,81.473,Inf,5.132127955493741e-10,4.795974594286697,4.813523386072508,36.46668734321516,4.813523386072508,1.0,"newton-wall (no collapse); plateau (c-control; c_red/cb 1.42e-03, c_sub/cb 1.0e+00)","direct-ramp"
"Cathodic Ni aryl-aryl homocoupling",100.0,81.473,4.743275942496564,5.132127955493741e-10,4.795974594286697,4.813523386072508,36.46668734321516,34.218353775964744,7.108795581002564,"newton-wall (no collapse); plateau (c-control; c_red/cb 3.86e-03, c_sub/cb 1.9e-01)","direct-ramp"
"Cathodic Ni aryl-aryl homocoupling",0.0,55.338,Inf,5.132127955493741e-10,7.061014820201672,7.086851545655526,53.68915425049278,7.086851545655526,1.0,"newton-wall (no collapse); plateau (c-control; c_red/cb 1.42e-03, c_sub/cb 1.0e+00)","direct-ramp"
"Cathodic Ni aryl-aryl homocoupling",100.0,55.338,4.743275942496564,5.132127955493741e-10,7.061014820201672,7.086851545655526,53.68915425049278,43.06371773152912,6.076565517719726,"plateau (c-control; c_red/cb 2.76e-03, c_sub/cb 3.3e-01)","c-control"
"Cathodic Ni aryl-aryl homocoupling",0.0,37.587,Inf,5.132127955493741e-10,10.39568037141352,10.433718861135109,79.04462760831588,10.433718861135109,1.0,"newton-wall (no collapse); plateau (c-control; c_red/cb 1.42e-03, c_sub/cb 1.0e+00)","direct-ramp"
"Cathodic Ni aryl-aryl homocoupling",100.0,37.587,4.743275942496564,5.132127955493741e-10,10.39568037141352,10.433718861135109,79.04462760831588,50.586164960393866,4.848335059977884,"plateau (c-control; c_red/cb 2.26e-03, c_sub/cb 4.9e-01)","c-control"
"Cathodic Ni aryl-aryl homocoupling",0.0,36.2,Inf,5.132127955493741e-10,10.79399000332376,10.833485934626669,82.07321596446877,10.833485934626669,1.0,"newton-wall (no collapse); plateau (c-control; c_red/cb 1.42e-03, c_sub/cb 1.0e+00)","direct-ramp"
"Cathodic Ni aryl-aryl homocoupling",100.0,36.2,4.743275942496564,5.132127955493741e-10,10.79399000332376,10.833485934626669,82.07321596446877,51.226584757705815,4.728541216264673,"newton-wall (no collapse); plateau (c-control; c_red/cb 2.59e-03, c_sub/cb 5.1e-01)","direct-ramp"
"Cathodic Ni aryl-aryl homocoupling",0.0,25.53,Inf,5.132127955493741e-10,15.30522671838308,15.361229566529,116.37486948350055,15.361229566529,1.0,"newton-wall (no collapse); plateau (c-control; c_red/cb 1.42e-03, c_sub/cb 1.0e+00)","direct-ramp"
"Cathodic Ni aryl-aryl homocoupling",100.0,25.53,4.743275942496564,5.132127955493741e-10,15.30522671838308,15.361229566529,116.37486948350055,55.962821730117085,3.643121241548007,"plateau (c-control; c_red/cb 2.19e-03, c_sub/cb 6.5e-01)","c-control"
"Cathodic Ni aryl-aryl homocoupling",0.0,17.341,Inf,5.132127955493741e-10,22.532866508293647,22.61531577380113,171.33097387196642,22.61531577380113,1.0,"newton-wall (no collapse); plateau (c-control; c_red/cb 1.42e-03, c_sub/cb 1.0e+00)","direct-ramp"
"Cathodic Ni aryl-aryl homocoupling",100.0,17.341,4.743275942496564,5.132127955493741e-10,22.532866508293647,22.61531577380113,171.33097387196642,60.297853293801154,2.6662397243046074,"newton-wall; mediator; plateau (c-control; c_red/cb 1.71e-03, c_sub/cb 7.8e-01)","direct-ramp"
"Cathodic Ni aryl-aryl homocoupling",0.0,12.624,Inf,5.132127955493741e-10,30.952347759847914,31.065604470333138,235.34936770546335,31.065604470333138,1.0,"newton-wall (no collapse); plateau (c-control; c_red/cb 1.42e-03, c_sub/cb 1.0e+00)","direct-ramp"
"Cathodic Ni aryl-aryl homocoupling",100.0,12.624,4.743275942496564,5.132127955493741e-10,30.952347759847914,31.065604470333138,235.34936770546335,64.52948991188899,2.0772005248928282,"newton-wall (no collapse); plateau (c-control; c_red/cb 1.78e-03, c_sub/cb 8.6e-01)","direct-ramp"
"Cathodic Ni aryl-aryl homocoupling",0.0,12.5,Inf,5.132127955493741e-10,31.25939504962561,31.373775266678834,237.68403343310158,31.373775266678834,1.0,"newton-wall (no collapse); plateau (c-control; c_red/cb 1.42e-03, c_sub/cb 1.0e+00)","direct-ramp"
"Cathodic Ni aryl-aryl homocoupling",100.0,12.5,4.743275942496564,5.132127955493741e-10,31.25939504962561,31.373775266678834,237.68403343310158,64.72696086534972,2.06309123830865,"newton-wall; mediator; plateau (c-control; c_red/cb 1.81e-03, c_sub/cb 8.6e-01)","direct-ramp"
"Cathodic Ni aryl-aryl homocoupling",0.0,11.778,Inf,5.132127955493741e-10,33.17561879099338,33.297010598869534,252.25423823346657,33.297010598869534,1.0,"newton-wall (no collapse); plateau (c-control; c_red/cb 1.42e-03, c_sub/cb 1.0e+00)","direct-ramp"
"Cathodic Ni aryl-aryl homocoupling",100.0,11.778,4.743275942496564,5.132127955493741e-10,33.17561879099338,33.297010598869534,252.25423823346657,65.72619807025262,1.9739369056897889,"newton-wall (no collapse); plateau (c-control; c_red/cb 1.76e-03, c_sub/cb 8.7e-01)","direct-ramp"
"Cathodic Ni aryl-aryl homocoupling",0.0,10.992,Inf,5.132127955493741e-10,35.54789284209607,35.67796495937821,270.29206858749717,35.67796495937821,1.0,"newton-wall (no collapse); plateau (c-control; c_red/cb 1.42e-03, c_sub/cb 1.0e+00)","direct-ramp"
"Cathodic Ni aryl-aryl homocoupling",100.0,10.992,4.743275942496564,5.132127955493741e-10,35.54789284209607,35.67796495937821,270.29206858749717,67.07011420420963,1.8798749951286045,"newton-wall (no collapse); plateau (c-control; c_red/cb 1.76e-03, c_sub/cb 8.8e-01)","direct-ramp"
"Cathodic Ni aryl-aryl homocoupling",0.0,8.0,Inf,5.132127955493741e-10,48.842804765040015,49.02152385418569,371.38130223922116,49.02152385418569,1.0,"newton-wall (no collapse); plateau (c-control; c_red/cb 1.42e-03, c_sub/cb 1.0e+00)","direct-ramp"
"Cathodic Ni aryl-aryl homocoupling",100.0,8.0,4.743275942496564,5.132127955493741e-10,48.842804765040015,49.02152385418569,371.38130223922116,75.27481639699847,1.5355462351783085,"plateau (c-control; c_red/cb 1.68e-03, c_sub/cb 9.3e-01)","c-control"
"Co-H alkene isomerization (catalytic)",0.0,260.0,Inf,1.2058823529411766e-9,0.05084806684194462,0.05103412331913764,0.7159997487782808,0.05103412331913764,1.0,"newton-wall (no collapse); plateau (c-control; c_red/cb 1.42e-03, c_sub/cb 1.0e+00)","direct-ramp"
"Co-H alkene isomerization (catalytic)",700.0,260.0,5.048514633038118,1.2058823529411766e-9,0.05084806684194462,0.05103412331913764,0.7159997487782808,0.7187351794559556,14.08342365286467,"plateau (c-control; c_red/cb 7.03e-03, c_sub/cb 6.7e-02)","c-control"
"Co-H alkene isomerization (catalytic)",0.0,228.0,Inf,1.2058823529411766e-9,0.05798463762677895,0.05819680729375346,0.8164909415892675,0.05819680729375346,1.0,"newton-wall (no collapse); plateau (c-control; c_red/cb 1.42e-03, c_sub/cb 1.0e+00)","direct-ramp"
"Co-H alkene isomerization (catalytic)",700.0,228.0,5.048514633038118,1.2058823529411766e-9,0.05798463762677895,0.05819680729375346,0.8164909415892675,0.8042345936819205,13.81922189687273,"plateau (c-control; c_red/cb 7.41e-03, c_sub/cb 8.6e-02)","c-control"
"Co-H alkene isomerization (catalytic)",0.0,200.0,Inf,1.2058823529411766e-9,0.06610248689452801,0.06634436031487898,0.930799673411765,0.06634436031487898,1.0,"newton-wall (no collapse); plateau (c-control; c_red/cb 1.42e-03, c_sub/cb 1.0e+00)","direct-ramp"
"Co-H alkene isomerization (catalytic)",700.0,200.0,5.048514633038118,1.2058823529411766e-9,0.06610248689452801,0.06634436031487898,0.930799673411765,0.8962613417184984,13.509231794002162,"plateau (c-control; c_red/cb 5.72e-03, c_sub/cb 1.1e-01)","c-control"
"Co-H alkene isomerization (catalytic)",0.0,176.598,Inf,1.2058823529411766e-9,0.07486210137660447,0.07513602681217108,1.0541452036962649,0.07513602681217108,1.0,"newton-wall (no collapse); plateau (c-control; c_red/cb 1.42e-03, c_sub/cb 1.0e+00)","direct-ramp"
"Co-H alkene isomerization (catalytic)",700.0,176.598,5.048514633038118,1.2058823529411766e-9,0.07486210137660447,0.07513602681217108,1.0541452036962649,0.9887488177669852,13.159450395729742,"plateau (c-control; c_red/cb 5.03e-03, c_sub/cb 1.3e-01)","c-control"
"Co-H alkene isomerization (catalytic)",0.0,119.95,Inf,1.2058823529411766e-9,0.11021673513051772,0.11062002553543793,1.5519794471225759,0.11062002553543793,1.0,"newton-wall (no collapse); plateau (c-control; c_red/cb 1.42e-03, c_sub/cb 1.0e+00)","direct-ramp"
"Co-H alkene isomerization (catalytic)",700.0,119.95,5.048514633038118,1.2058823529411766e-9,0.11021673513051772,0.11062002553543793,1.5519794471225759,1.2989679022372038,11.742610761024187,"newton-wall (no collapse); plateau (c-control; c_red/cb 3.86e-03, c_sub/cb 2.3e-01)","direct-ramp"
"Co-H alkene isomerization (catalytic)",0.0,106.9,Inf,1.2058823529411766e-9,0.12367163123391581,0.12412415400351531,1.7414399876740223,0.12412415400351531,1.0,"newton-wall (no collapse); plateau (c-control; c_red/cb 1.42e-03, c_sub/cb 1.0e+00)","direct-ramp"
"Co-H alkene isomerization (catalytic)",700.0,106.9,5.048514633038118,1.2058823529411766e-9,0.12367163123391581,0.12412415400351531,1.7414399876740223,1.393045847680985,11.223003764775168,"plateau (c-control; c_red/cb 3.14e-03, c_sub/cb 2.7e-01)","c-control"
"Co-H alkene isomerization (catalytic)",0.0,81.473,Inf,1.2058823529411766e-9,0.16226844941153018,0.16286220052012054,2.2849279476925237,0.16286220052012054,1.0,"newton-wall (no collapse); plateau (c-control; c_red/cb 1.42e-03, c_sub/cb 1.0e+00)","direct-ramp"
"Co-H alkene isomerization (catalytic)",700.0,81.473,5.048514633038118,1.2058823529411766e-9,0.16226844941153018,0.16286220052012054,2.2849279476925237,1.613090961339041,9.904636902776923,"newton-wall (no collapse); plateau (c-control; c_red/cb 2.67e-03, c_sub/cb 3.7e-01)","direct-ramp"
"Co-H alkene isomerization (catalytic)",0.0,55.338,Inf,1.2058823529411766e-9,0.238904502853475,0.2397786704068776,3.364052453691008,0.2397786704068776,1.0,"newton-wall (no collapse); plateau (c-control; c_red/cb 1.42e-03, c_sub/cb 1.0e+00)","direct-ramp"
"Co-H alkene isomerization (catalytic)",700.0,55.338,5.048514633038118,1.2058823529411766e-9,0.238904502853475,0.2397786704068776,3.364052453691008,1.894990618829989,7.903082520285903,"plateau (c-control; c_red/cb 2.51e-03, c_sub/cb 5.1e-01)","c-control"
"Co-H alkene isomerization (catalytic)",0.0,37.587,Inf,1.2058823529411766e-9,0.35173058182099126,0.35301758754292145,4.952774488050469,0.35301758754292145,1.0,"newton-wall (no collapse); plateau (c-control; c_red/cb 1.42e-03, c_sub/cb 1.0e+00)","direct-ramp"
"Co-H alkene isomerization (catalytic)",700.0,37.587,5.048514633038118,1.2058823529411766e-9,0.35173058182099126,0.35301758754292145,4.952774488050469,2.1283845934247028,6.02911772254385,"plateau (c-control; c_red/cb 1.88e-03, c_sub/cb 6.4e-01)","c-control"
"Co-H alkene isomerization (catalytic)",0.0,36.2,Inf,1.2058823529411766e-9,0.3652071099145193,0.36654342715402727,5.142539632109198,0.36654342715402727,1.0,"newton-wall (no collapse); plateau (c-control; c_red/cb 1.42e-03, c_sub/cb 1.0e+00)","direct-ramp"
"Co-H alkene isomerization (catalytic)",700.0,36.2,5.048514633038118,1.2058823529411766e-9,0.3652071099145193,0.36654342715402727,5.142539632109198,2.1491077223436394,5.8631735372533385,"newton-wall (no collapse); plateau (c-control; c_red/cb 1.86e-03, c_sub/cb 6.5e-01)","direct-ramp"
"Co-H alkene isomerization (catalytic)",0.0,25.53,Inf,1.2058823529411766e-9,0.5178416521310457,0.5197364693684208,7.291810994216725,0.5197364693684208,1.0,"newton-wall (no collapse); plateau (c-control; c_red/cb 1.42e-03, c_sub/cb 1.0e+00)","direct-ramp"
"Co-H alkene isomerization (catalytic)",700.0,25.53,5.048514633038118,1.2058823529411766e-9,0.5178416521310457,0.5197364693684208,7.291810994216725,2.309116965630358,4.442861145450071,"newton-wall (no collapse); plateau (c-control; c_red/cb 1.77e-03, c_sub/cb 7.6e-01)","direct-ramp"
"Co-H alkene isomerization (catalytic)",0.0,17.341,Inf,1.2058823529411766e-9,0.7623837944124099,0.7651734077028882,10.73524794892757,0.7651734077028882,1.0,"newton-wall (no collapse); plateau (c-control; c_red/cb 1.42e-03, c_sub/cb 1.0e+00)","direct-ramp"
"Co-H alkene isomerization (catalytic)",700.0,17.341,5.048514633038118,1.2058823529411766e-9,0.7623837944124099,0.7651734077028882,10.73524794892757,2.4459051650096955,3.1965370730178644,"plateau (c-control; c_red/cb 1.75e-03, c_sub/cb 8.4e-01)","c-control"
"Co-H alkene isomerization (catalytic)",0.0,12.624,Inf,1.2058823529411766e-9,1.0472510597992395,1.051083021465129,14.746509401327074,1.051083021465129,1.0,"newton-wall (no collapse); plateau (c-control; c_red/cb 1.42e-03, c_sub/cb 1.0e+00)","direct-ramp"
"Co-H alkene isomerization (catalytic)",700.0,12.624,5.048514633038118,1.2058823529411766e-9,1.0472510597992395,1.051083021465129,14.746509401327074,2.5566713303470365,2.4324161632667542,"plateau (c-control; c_red/cb 1.50e-03, c_sub/cb 9.0e-01)","c-control"
"Co-H alkene isomerization (catalytic)",0.0,12.5,Inf,1.2058823529411766e-9,1.0576397903124481,1.0615097650380636,14.89279477458824,1.0615097650380636,1.0,"newton-wall (no collapse); plateau (c-control; c_red/cb 1.42e-03, c_sub/cb 1.0e+00)","direct-ramp"
"Co-H alkene isomerization (catalytic)",700.0,12.5,5.048514633038118,1.2058823529411766e-9,1.0576397903124481,1.0615097650380636,14.89279477458824,2.5602908513875153,2.4119333949751356,"plateau (c-control; c_red/cb 1.62e-03, c_sub/cb 9.0e-01)","c-control"
"Co-H alkene isomerization (catalytic)",0.0,11.778,Inf,1.2058823529411766e-9,1.1224738817206317,1.1265810887226846,15.805733968615469,1.1265810887226846,1.0,"newton-wall (no collapse); plateau (c-control; c_red/cb 1.42e-03, c_sub/cb 1.0e+00)","direct-ramp"
"Co-H alkene isomerization (catalytic)",700.0,11.778,5.048514633038118,1.2058823529411766e-9,1.1224738817206317,1.1265810887226846,15.805733968615469,2.5847003344158233,2.29428698944907,"plateau (c-control; c_red/cb 1.75e-03, c_sub/cb 9.1e-01)","c-control"
"Co-H alkene isomerization (catalytic)",0.0,10.992,Inf,1.2058823529411766e-9,1.2027381167126636,1.2071390159184672,16.93594747838,1.2071390159184672,1.0,"newton-wall (no collapse); plateau (c-control; c_red/cb 1.42e-03, c_sub/cb 1.0e+00)","direct-ramp"
"Co-H alkene isomerization (catalytic)",700.0,10.992,5.048514633038118,1.2058823529411766e-9,1.2027381167126636,1.2071390159184672,16.93594747838,2.6165137226193007,2.167533058011958,"plateau (c-control; c_red/cb 1.68e-03, c_sub/cb 9.2e-01)","c-control"
"Co-H alkene isomerization (catalytic)",0.0,8.0,Inf,1.2058823529411766e-9,1.6525621723632,1.6586090078719733,23.269991835294125,1.6586090078719733,1.0,"newton-wall (no collapse); plateau (c-control; c_red/cb 1.42e-03, c_sub/cb 1.0e+00)","direct-ramp"
"Co-H alkene isomerization (catalytic)",700.0,8.0,5.048514633038118,1.2058823529411766e-9,1.6525621723632,1.6586090078719733,23.269991835294125,2.82335393287662,1.7022420109119247,"newton-wall; mediator; plateau (c-control; c_red/cb 1.48e-03, c_sub/cb 9.5e-01)","direct-ramp"
