reaction,reactor,k_M,delta_um,xk_um,D_S_m2s,i_fick_mAcm2,i_k0_mAcm2,i_saveant_mAcm2,i_subcap_mAcm2,i_ec_mAcm2,amplification,limiter,path,k_basis
"Ni-catalyzed aryl amination (ArBr + amine)","Unstirred batch",0.0,228.0,Inf,1.9148936170212767e-10,0.10657397373192981,0.10696393502927198,NaN,0.8103471332586786,0.10696393502927198,1.0,"newton-wall (no collapse); plateau (c-control; c_red/cb 1.42e-03, c_sub/cb 1.0e+00)","direct-ramp","control k = 0"
"Ni-catalyzed aryl amination (ArBr + amine)","Unstirred batch",100.0,228.0,7.0970416371894,1.9148936170212767e-10,0.10657397373192981,0.10696393502927198,3.4238020929102144,0.8103471332586786,0.873793579540342,8.16904856109882,"plateau (c-control; c_red/cb 6.33e-03, c_sub/cb 5.3e-02)","c-control","Ni(I)bpy+ArBr: Ting22/Kawamata19/Till21"
"Ni-catalyzed aryl amination (ArBr + amine)","Stirred batch",0.0,200.0,Inf,1.9148936170212767e-10,0.12149433005439998,0.12193888593336998,NaN,0.9237957319148935,0.12193888593336998,1.0,"newton-wall (no collapse); plateau (c-control; c_red/cb 1.42e-03, c_sub/cb 1.0e+00)","direct-ramp","control k = 0"
"Ni-catalyzed aryl amination (ArBr + amine)","Stirred batch",100.0,200.0,7.0970416371894,1.9148936170212767e-10,0.12149433005439998,0.12193888593336998,3.4238020929102144,0.9237957319148935,0.9808545625616519,8.04382092762117,"plateau (c-control; c_red/cb 6.33e-03, c_sub/cb 6.9e-02)","c-control","Ni(I)bpy+ArBr: Ting22/Kawamata19/Till21"
"Ni-catalyzed aryl amination (ArBr + amine)","Recirculating flow cell",0.0,106.89999999999999,Inf,1.9148936170212767e-10,0.2273046399521048,0.22813636283137528,NaN,1.7283362617678084,0.22813636283137528,1.0,"newton-wall (no collapse); plateau (c-control; c_red/cb 1.42e-03, c_sub/cb 1.0e+00)","direct-ramp","control k = 0"
"Ni-catalyzed aryl amination (ArBr + amine)","Recirculating flow cell",100.0,106.89999999999999,7.0970416371894,1.9148936170212767e-10,0.2273046399521048,0.22813636283137528,3.4238020929102144,1.7283362617678084,1.6010748230155796,7.018060615786173,"plateau (c-control; c_red/cb 3.38e-03, c_sub/cb 2.1e-01)","c-control","Ni(I)bpy+ArBr: Ting22/Kawamata19/Till21"
"Ni-catalyzed aryl amination (ArBr + amine)","ANEC flow cell",0.0,36.199999999999996,Inf,1.9148936170212767e-10,0.6712393925657458,0.6736955023943096,NaN,5.103843822734219,0.6736955023943096,1.0,"newton-wall (no collapse); plateau (c-control; c_red/cb 1.42e-03, c_sub/cb 1.0e+00)","direct-ramp","control k = 0"
"Ni-catalyzed aryl amination (ArBr + amine)","ANEC flow cell",100.0,36.199999999999996,7.0970416371894,1.9148936170212767e-10,0.6712393925657458,0.6736955023943096,3.4238020929102144,5.103843822734219,2.691392925976347,3.9949694133494336,"newton-wall; mediator; plateau (c-control; c_red/cb 2.02e-03, c_sub/cb 6.1e-01)","direct-ramp","Ni(I)bpy+ArBr: Ting22/Kawamata19/Till21"
"Ni-catalyzed aryl amination (ArBr + amine)","Microfluidic cell (25 um gap)",0.0,12.499999999999998,Inf,1.9148936170212767e-10,1.9439092808704002,1.9510221749339216,NaN,14.7807317106383,1.9510221749339216,1.0,"newton-wall (no collapse); plateau (c-control; c_red/cb 1.42e-03, c_sub/cb 1.0e+00)","direct-ramp","control k = 0"
"Ni-catalyzed aryl amination (ArBr + amine)","Microfluidic cell (25 um gap)",100.0,12.499999999999998,7.0970416371894,1.9148936170212767e-10,1.9439092808704002,1.9510221749339216,3.4238020929102144,14.7807317106383,3.4924062362639603,1.7900392323230478,"plateau (c-control; c_red/cb 1.57e-03, c_sub/cb 9.0e-01)","c-control","Ni(I)bpy+ArBr: Ting22/Kawamata19/Till21"
"Ni-catalyzed aryl amination (ArBr + amine)","RDE 1600 rpm",0.0,8.85764188710124,Inf,1.9148936170212767e-10,2.7432657947331025,2.7533035877402323,NaN,20.858728399488633,2.7533035877402323,1.0,"newton-wall (no collapse); plateau (c-control; c_red/cb 1.42e-03, c_sub/cb 1.0e+00)","direct-ramp","control k = 0"
"Ni-catalyzed aryl amination (ArBr + amine)","RDE 1600 rpm",100.0,8.85764188710124,7.0970416371894,1.9148936170212767e-10,2.7432657947331025,2.7533035877402323,3.4238020929102144,20.858728399488633,3.9818124120696794,1.4461944660950896,"newton-wall; mediator; plateau (c-control; c_red/cb 1.51e-03, c_sub/cb 9.4e-01)","direct-ramp","Ni(I)bpy+ArBr: Ting22/Kawamata19/Till21"
"Ni-catalyzed aryl amination (ArBr + amine)","Rotating cylinder 3000 rpm",0.0,9.10732936801866,Inf,1.9148936170212767e-10,2.668056136874549,2.677818732713703,NaN,20.28686335115756,2.677818732713703,1.0,"newton-wall (no collapse); plateau (c-control; c_red/cb 1.42e-03, c_sub/cb 1.0e+00)","direct-ramp","control k = 0"
"Ni-catalyzed aryl amination (ArBr + amine)","Rotating cylinder 3000 rpm",100.0,9.10732936801866,7.0970416371894,1.9148936170212767e-10,2.668056136874549,2.677818732713703,3.4238020929102144,20.28686335115756,3.9306121201837514,1.4678409976617302,"newton-wall; mediator; plateau (c-control; c_red/cb 1.75e-03, c_sub/cb 9.4e-01)","direct-ramp","Ni(I)bpy+ArBr: Ting22/Kawamata19/Till21"
"Electrochemical amination of ArX with NH3","Unstirred batch",0.0,228.0,Inf,2.3806451612903226e-10,0.13779358026190877,0.13829777618744976,NaN,2.095484493962649,0.13829777618744976,1.0,"newton-wall (no collapse); plateau (c-control; c_red/cb 1.42e-03, c_sub/cb 1.0e+00)","direct-ramp","control k = 0"
"Electrochemical amination of ArX with NH3","Unstirred batch",100.0,228.0,5.4867848228546094,2.3806451612903226e-10,0.13779358026190877,0.13829777618744976,5.725928264737364,2.095484493962649,1.9910072943389097,14.396524291470056,"plateau (c-control; c_red/cb 6.46e-03, c_sub/cb 1.2e-01)","c-control","Ni(I)bpy+ArBr: Ting22/Kawamata19/Till21"
"Electrochemical amination of ArX with NH3","Stirred batch",0.0,200.0,Inf,2.3806451612903226e-10,0.15708468149857602,0.15765946485369275,NaN,2.3888523231174195,0.15765946485369275,1.0,"newton-wall (no collapse); plateau (c-control; c_red/cb 1.42e-03, c_sub/cb 1.0e+00)","direct-ramp","control k = 0"
"Electrochemical amination of ArX with NH3","Stirred batch",100.0,200.0,5.4867848228546094,2.3806451612903226e-10,0.15708468149857602,0.15765946485369275,5.725928264737364,2.3888523231174195,2.20441165193955,13.98210791838748,"plateau (c-control; c_red/cb 5.09e-03, c_sub/cb 1.4e-01)","c-control","Ni(I)bpy+ArBr: Ting22/Kawamata19/Till21"
"Electrochemical amination of ArX with NH3","Recirculating flow cell",0.0,106.89999999999999,Inf,2.3806451612903226e-10,0.29389089148470726,0.29496625791149234,NaN,4.469321465140168,0.29496625791149234,1.0,"newton-wall (no collapse); plateau (c-control; c_red/cb 1.42e-03, c_sub/cb 1.0e+00)","direct-ramp","control k = 0"
"Electrochemical amination of ArX with NH3","Recirculating flow cell",100.0,106.89999999999999,5.4867848228546094,2.3806451612903226e-10,0.29389089148470726,0.29496625791149234,5.725928264737364,4.469321465140168,3.2955113092671127,11.172502687598813,"plateau (c-control; c_red/cb 3.30e-03, c_sub/cb 3.3e-01)","c-control","Ni(I)bpy+ArBr: Ting22/Kawamata19/Till21"
"Electrochemical amination of ArX with NH3","ANEC flow cell",0.0,36.199999999999996,Inf,2.3806451612903226e-10,0.8678711685004199,0.8710467671474733,NaN,13.198079133245413,0.8710467671474733,1.0,"newton-wall (no collapse); plateau (c-control; c_red/cb 1.42e-03, c_sub/cb 1.0e+00)","direct-ramp","control k = 0"
"Electrochemical amination of ArX with NH3","ANEC flow cell",100.0,36.199999999999996,5.4867848228546094,2.3806451612903226e-10,0.8678711685004199,0.8710467671474733,5.725928264737364,13.198079133245413,4.801980103208075,5.51288436433066,"newton-wall; mediator; plateau (c-control; c_red/cb 1.70e-03, c_sub/cb 7.0e-01)","direct-ramp","Ni(I)bpy+ArBr: Ting22/Kawamata19/Till21"
"Electrochemical amination of ArX with NH3","Microfluidic cell (25 um gap)",0.0,12.5,Inf,2.3806451612903226e-10,2.5133549039772163,2.522551437659084,NaN,38.22163716987871,2.522551437659084,1.0,"newton-wall (no collapse); plateau (c-control; c_red/cb 1.42e-03, c_sub/cb 1.0e+00)","direct-ramp","control k = 0"
"Electrochemical amination of ArX with NH3","Microfluidic cell (25 um gap)",100.0,12.5,5.4867848228546094,2.3806451612903226e-10,2.5133549039772163,2.522551437659084,5.725928264737364,38.22163716987871,5.631502397467713,2.232462860180057,"plateau (c-control; c_red/cb 1.81e-03, c_sub/cb 9.2e-01)","c-control","Ni(I)bpy+ArBr: Ting22/Kawamata19/Till21"
"Electrochemical amination of ArX with NH3","RDE 1600 rpm",0.0,8.99802898726582,Inf,2.3806451612903226e-10,3.4915353511504623,3.5043111125073154,NaN,53.09723555010032,3.5043111125073154,1.0,"newton-wall (no collapse); plateau (c-control; c_red/cb 1.42e-03, c_sub/cb 1.0e+00)","direct-ramp","control k = 0"
"Electrochemical amination of ArX with NH3","RDE 1600 rpm",100.0,8.99802898726582,5.4867848228546094,2.3806451612903226e-10,3.4915353511504623,3.5043111125073154,5.725928264737364,53.09723555010032,6.064882290196774,1.7306917381137954,"newton-wall (no collapse); plateau (c-control; c_red/cb 1.70e-03, c_sub/cb 9.5e-01)","direct-ramp","Ni(I)bpy+ArBr: Ting22/Kawamata19/Till21"
"Electrochemical amination of ArX with NH3","Rotating cylinder 3000 rpm",0.0,8.751810133479612,Inf,2.3806451612903226e-10,3.5897643825168566,3.6028995704688436,NaN,54.59104543365228,3.6028995704688436,1.0,"newton-wall (no collapse); plateau (c-control; c_red/cb 1.42e-03, c_sub/cb 1.0e+00)","direct-ramp","control k = 0"
"Electrochemical amination of ArX with NH3","Rotating cylinder 3000 rpm",100.0,8.751810133479612,5.4867848228546094,2.3806451612903226e-10,3.5897643825168566,3.6028995704688436,5.725928264737364,54.59104543365228,6.120194321209145,1.6986857950116905,"newton-wall; mediator; plateau (c-control; c_red/cb 1.46e-03, c_sub/cb 9.5e-01)","direct-ramp","Ni(I)bpy+ArBr: Ting22/Kawamata19/Till21"
"Mn-catalyzed alkene diazidation","Unstirred batch",0.0,228.0,Inf,1.0e-9,0.16279614596084213,0.16339182794639773,NaN,4.3164490631578945,0.16339182794639773,1.0,"newton-wall (no collapse); plateau (c-control; c_red/cb 1.42e-03, c_sub/cb 1.0e+00)","direct-ramp","control k = 0"
"Mn-catalyzed alkene diazidation","Stirred batch",0.0,200.0,Inf,1.0e-9,0.18558760639535998,0.18626668385889347,NaN,4.920751932,0.18626668385889347,1.0,"newton-wall (no collapse); plateau (c-control; c_red/cb 1.42e-03, c_sub/cb 1.0e+00)","direct-ramp","control k = 0"
"Mn-catalyzed alkene diazidation","Recirculating flow cell",0.0,106.89999999999999,Inf,1.0e-9,0.3472172243131151,0.34848771535807943,NaN,9.20627115434986,0.34848771535807943,1.0,"newton-wall (no collapse); plateau (c-control; c_red/cb 1.42e-03, c_sub/cb 1.0e+00)","direct-ramp","control k = 0"
"Mn-catalyzed alkene diazidation","ANEC flow cell",0.0,36.199999999999996,Inf,1.0e-9,1.025345891687072,1.0290977008778641,NaN,27.186474762430944,1.0290977008778641,1.0,"newton-wall (no collapse); plateau (c-control; c_red/cb 1.42e-03, c_sub/cb 1.0e+00)","direct-ramp","control k = 0"
"Mn-catalyzed alkene diazidation","Microfluidic cell (25 um gap)",0.0,12.5,Inf,1.0e-9,2.9694017023257597,2.9802669417422956,NaN,78.732030912,2.9802669417422956,1.0,"newton-wall (no collapse); plateau (c-control; c_red/cb 1.42e-03, c_sub/cb 1.0e+00)","direct-ramp","control k = 0"
"Mn-catalyzed alkene diazidation","RDE 1600 rpm",0.0,12.521638106453118,Inf,1.0e-9,2.964270406436935,2.9751168700986437,NaN,78.59597746183152,2.9751168700986437,1.0,"newton-wall (no collapse); plateau (c-control; c_red/cb 1.42e-03, c_sub/cb 1.0e+00)","direct-ramp","control k = 0"
"Mn-catalyzed alkene diazidation","Rotating cylinder 3000 rpm",0.0,10.33676269222064,Inf,1.0e-9,3.590826488355617,3.6039655626238982,NaN,95.20876271452602,3.6039655626238982,1.0,"newton-wall (no collapse); plateau (c-control; c_red/cb 1.42e-03, c_sub/cb 1.0e+00)","direct-ramp","control k = 0"
"Co-catalyzed aza-Wacker cyclization","Unstirred batch",0.0,228.0,Inf,1.0e-9,0.16528953006673683,0.16589433551148863,NaN,2.792996452631579,0.16589433551148863,1.0,"newton-wall (no collapse); plateau (c-control; c_red/cb 1.42e-03, c_sub/cb 1.0e+00)","direct-ramp","control k = 0"
"Co-catalyzed aza-Wacker cyclization","Unstirred batch",10.0,228.0,59.88878581726855,1.0e-9,0.16528953006673683,0.16589433551148863,0.6292666037712435,2.792996452631579,0.5810445332229909,3.502497728035759,"newton-wall (no collapse); plateau (c-control; c_red/cb 1.86e-03, c_sub/cb 8.5e-01)","direct-ramp","own CV: Cai/Xu21 SI Fig S2, <=4e1 at rt"
"Co-catalyzed aza-Wacker cyclization","Stirred batch",0.0,200.0,Inf,1.0e-9,0.18843006427607997,0.18911954248309695,NaN,3.1840159559999996,0.18911954248309695,1.0,"newton-wall (no collapse); plateau (c-control; c_red/cb 1.42e-03, c_sub/cb 1.0e+00)","direct-ramp","control k = 0"
"Co-catalyzed aza-Wacker cyclization","Stirred batch",10.0,200.0,59.88878581726855,1.0e-9,0.18843006427607997,0.18911954248309695,0.6292666037712435,3.1840159559999996,0.590695647321453,3.123398246240195,"newton-wall; mediator; plateau (c-control; c_red/cb 1.77e-03, c_sub/cb 8.7e-01)","direct-ramp","own CV: Cai/Xu21 SI Fig S2, <=4e1 at rt"
"Co-catalyzed aza-Wacker cyclization","Recirculating flow cell",0.0,106.89999999999999,Inf,1.0e-9,0.35253519976815717,0.35382514964096745,NaN,5.95699898222638,0.35382514964096745,1.0,"newton-wall (no collapse); plateau (c-control; c_red/cb 1.42e-03, c_sub/cb 1.0e+00)","direct-ramp","control k = 0"
"Co-catalyzed aza-Wacker cyclization","Recirculating flow cell",10.0,106.89999999999999,59.88878581726855,1.0e-9,0.35253519976815717,0.35382514964096745,0.6292666037712435,5.95699898222638,0.6535708881255778,1.8471578088464533,"newton-wall; mediator; plateau (c-control; c_red/cb 1.56e-03, c_sub/cb 9.5e-01)","direct-ramp","own CV: Cai/Xu21 SI Fig S2, <=4e1 at rt"
"Co-catalyzed aza-Wacker cyclization","ANEC flow cell",0.0,36.199999999999996,Inf,1.0e-9,1.04105007887337,1.0448593507353425,NaN,17.591248375690608,1.0448593507353425,1.0,"newton-wall (no collapse); plateau (c-control; c_red/cb 1.42e-03, c_sub/cb 1.0e+00)","direct-ramp","control k = 0"
"Co-catalyzed aza-Wacker cyclization","ANEC flow cell",10.0,36.199999999999996,59.88878581726855,1.0e-9,1.04105007887337,1.0448593507353425,0.6292666037712435,17.591248375690608,1.1670174977425922,1.1169134840218238,"newton-wall (no collapse); plateau (c-control; c_red/cb 1.44e-03, c_sub/cb 9.9e-01)","direct-ramp","own CV: Cai/Xu21 SI Fig S2, <=4e1 at rt"
"Co-catalyzed aza-Wacker cyclization","Microfluidic cell (25 um gap)",0.0,12.5,Inf,1.0e-9,3.0148810284172796,3.0259126797295512,NaN,50.944255295999994,3.0259126797295512,1.0,"newton-wall (no collapse); plateau (c-control; c_red/cb 1.42e-03, c_sub/cb 1.0e+00)","direct-ramp","control k = 0"
"Co-catalyzed aza-Wacker cyclization","Microfluidic cell (25 um gap)",10.0,12.5,59.88878581726855,1.0e-9,3.0148810284172796,3.0259126797295512,0.6292666037712435,50.944255295999994,3.0683650789775108,1.0140296180826187,"newton-wall (no collapse); plateau (c-control; c_red/cb 1.61e-03, c_sub/cb 1.0e+00)","direct-ramp","own CV: Cai/Xu21 SI Fig S2, <=4e1 at rt"
"Co-catalyzed aza-Wacker cyclization","RDE 1600 rpm",0.0,11.623797242880606,Inf,1.0e-9,3.242142999207775,3.254006217270002,NaN,54.7844372965153,3.254006217270002,1.0,"newton-wall (no collapse); plateau (c-control; c_red/cb 1.42e-03, c_sub/cb 1.0e+00)","direct-ramp","control k = 0"
"Co-catalyzed aza-Wacker cyclization","RDE 1600 rpm",10.0,11.623797242880606,59.88878581726855,1.0e-9,3.242142999207775,3.254006217270002,0.6292666037712435,54.7844372965153,3.2939353655074175,1.0122707658103107,"plateau (c-control; c_red/cb 1.44e-03, c_sub/cb 1.0e+00)","c-control","own CV: Cai/Xu21 SI Fig S2, <=4e1 at rt"
"Co-catalyzed aza-Wacker cyclization","Rotating cylinder 3000 rpm",0.0,9.547158477182505,Inf,1.0e-9,3.947353858772191,3.9617974905326743,NaN,66.70080869841486,3.9617974905326743,1.0,"newton-wall (no collapse); plateau (c-control; c_red/cb 1.42e-03, c_sub/cb 1.0e+00)","direct-ramp","control k = 0"
"Co-catalyzed aza-Wacker cyclization","Rotating cylinder 3000 rpm",10.0,9.547158477182505,59.88878581726855,1.0e-9,3.947353858772191,3.9617974905326743,0.6292666037712435,66.70080869841486,3.9988524943412416,1.009353078721746,"newton-wall; mediator; plateau (c-control; c_red/cb 1.75e-03, c_sub/cb 1.0e+00)","direct-ramp","own CV: Cai/Xu21 SI Fig S2, <=4e1 at rt"
"Co-H alkene reduction (e-HAT)","Unstirred batch",0.0,228.0,Inf,8.092105263157895e-10,0.32426519542540344,0.32545170346168134,NaN,5.479083950138504,0.32545170346168134,1.0,"newton-wall (no collapse); plateau (c-control; c_red/cb 1.42e-03, c_sub/cb 1.0e+00)","direct-ramp","control k = 0"
"Co-H alkene reduction (e-HAT)","Unstirred batch",700.0,228.0,4.135689612559019,8.092105263157895e-10,0.32426519542540344,0.32545170346168134,17.876695662188535,5.479083950138504,5.347857126945057,16.4321067306219,"plateau (c-control; c_red/cb 6.65e-03, c_sub/cb 8.3e-02)","c-control","Co-H+alkene: Boucher23 kMHAT"
"Co-H alkene reduction (e-HAT)","Stirred batch",0.0,200.0,Inf,8.092105263157895e-10,0.3696623227849599,0.3710149419463166,NaN,6.2461557031578945,0.3710149419463166,1.0,"newton-wall (no collapse); plateau (c-control; c_red/cb 1.42e-03, c_sub/cb 1.0e+00)","direct-ramp","control k = 0"
"Co-H alkene reduction (e-HAT)","Stirred batch",700.0,200.0,4.135689612559019,8.092105263157895e-10,0.3696623227849599,0.3710149419463166,17.876695662188535,6.2461557031578945,5.961963809718114,16.069336125499685,"plateau (c-control; c_red/cb 5.83e-03, c_sub/cb 1.0e-01)","c-control","Co-H+alkene: Boucher23 kMHAT"
"Co-H alkene reduction (e-HAT)","Recirculating flow cell",0.0,106.89999999999999,Inf,8.092105263157895e-10,0.6916039715340692,0.6941345967190212,NaN,11.685978864654622,0.6941345967190212,1.0,"newton-wall (no collapse); plateau (c-control; c_red/cb 1.42e-03, c_sub/cb 1.0e+00)","direct-ramp","control k = 0"
"Co-H alkene reduction (e-HAT)","Recirculating flow cell",700.0,106.89999999999999,4.135689612559019,8.092105263157895e-10,0.6916039715340692,0.6941345967190212,17.876695662188535,11.685978864654622,9.299946215824537,13.397900435711986,"plateau (c-control; c_red/cb 3.43e-03, c_sub/cb 2.6e-01)","c-control","Co-H+alkene: Boucher23 kMHAT"
"Co-H alkene reduction (e-HAT)","ANEC flow cell",0.0,36.199999999999996,Inf,8.092105263157895e-10,2.0423332750550274,2.0498063090956733,NaN,34.50914753125909,2.0498063090956733,1.0,"newton-wall (no collapse); plateau (c-control; c_red/cb 1.42e-03, c_sub/cb 1.0e+00)","direct-ramp","control k = 0"
"Co-H alkene reduction (e-HAT)","ANEC flow cell",700.0,36.199999999999996,4.135689612559019,8.092105263157895e-10,2.0423332750550274,2.0498063090956733,17.876695662188535,34.50914753125909,14.440422149305778,7.044773979487142,"newton-wall; mediator; plateau (c-control; c_red/cb 2.10e-03, c_sub/cb 6.4e-01)","direct-ramp","Co-H+alkene: Boucher23 kMHAT"
"Co-H alkene reduction (e-HAT)","Microfluidic cell (25 um gap)",0.0,12.5,Inf,8.092105263157895e-10,5.914597164559359,5.936239071141066,NaN,99.93849125052631,5.936239071141066,1.0,"newton-wall (no collapse); plateau (c-control; c_red/cb 1.42e-03, c_sub/cb 1.0e+00)","direct-ramp","control k = 0"
"Co-H alkene reduction (e-HAT)","Microfluidic cell (25 um gap)",700.0,12.5,4.135689612559019,8.092105263157895e-10,5.914597164559359,5.936239071141066,17.876695662188535,99.93849125052631,17.084861532187883,2.8780615685183015,"plateau (c-control; c_red/cb 1.80e-03, c_sub/cb 8.9e-01)","c-control","Co-H+alkene: Boucher23 kMHAT"
"Co-H alkene reduction (e-HAT)","RDE 1600 rpm",0.0,10.981964909303445,Inf,8.092105263157895e-10,6.732170897246231,6.756804360793558,NaN,113.75297143531068,6.756804360793558,1.0,"newton-wall (no collapse); plateau (c-control; c_red/cb 1.42e-03, c_sub/cb 1.0e+00)","direct-ramp","control k = 0"
"Co-H alkene reduction (e-HAT)","RDE 1600 rpm",700.0,10.981964909303445,4.135689612559019,8.092105263157895e-10,6.732170897246231,6.756804360793558,17.876695662188535,113.75297143531068,17.383038947757182,2.572671638773868,"newton-wall; mediator; plateau (c-control; c_red/cb 1.83e-03, c_sub/cb 9.1e-01)","direct-ramp","Co-H+alkene: Boucher23 kMHAT"
"Co-H alkene reduction (e-HAT)","Rotating cylinder 3000 rpm",0.0,9.109136779652111,Inf,8.092105263157895e-10,8.116297553259,8.145995628808334,NaN,137.1404525862536,8.145995628808334,1.0,"newton-wall (no collapse); plateau (c-control; c_red/cb 1.42e-03, c_sub/cb 1.0e+00)","direct-ramp","control k = 0"
"Co-H alkene reduction (e-HAT)","Rotating cylinder 3000 rpm",700.0,9.109136779652111,4.135689612559019,8.092105263157895e-10,8.116297553259,8.145995628808334,17.876695662188535,137.1404525862536,17.87865128627132,2.1947779130943093,"newton-wall; mediator; plateau (c-control; c_red/cb 1.51e-03, c_sub/cb 9.3e-01)","direct-ramp","Co-H+alkene: Boucher23 kMHAT"
"Ni-XEC C(sp2)-C(sp3) (ArBr + RBr)","Unstirred batch",0.0,228.0,Inf,1.9148936170212767e-10,0.31972192119578946,0.32089180508781584,NaN,4.862082799552071,0.32089180508781584,1.0,"newton-wall (no collapse); plateau (c-control; c_red/cb 1.42e-03, c_sub/cb 1.0e+00)","direct-ramp","control k = 0"
"Ni-XEC C(sp2)-C(sp3) (ArBr + RBr)","Unstirred batch",100.0,228.0,2.897355115733428,1.9148936170212767e-10,0.31972192119578946,0.32089180508781584,25.15970432370944,4.862082799552071,5.0136805340898825,15.624208703983044,"plateau (c-control; c_red/cb 1.20e-02, c_sub/cb 3.4e-02)","c-control","Ni(I)bpy+ArBr: Ting22/Kawamata19/Till21"
"Ni-XEC C(sp2)-C(sp3) (ArBr + RBr)","Stirred batch",0.0,200.0,Inf,1.9148936170212767e-10,0.3644829901632,0.3658166578001102,NaN,5.5427743914893615,0.3658166578001102,1.0,"newton-wall (no collapse); plateau (c-control; c_red/cb 1.42e-03, c_sub/cb 1.0e+00)","direct-ramp","control k = 0"
"Ni-XEC C(sp2)-C(sp3) (ArBr + RBr)","Stirred batch",100.0,200.0,2.897355115733428,1.9148936170212767e-10,0.3644829901632,0.3658166578001102,25.15970432370944,5.5427743914893615,5.657019484305406,15.464083889248473,"plateau (c-control; c_red/cb 1.03e-02, c_sub/cb 4.5e-02)","c-control","Ni(I)bpy+ArBr: Ting22/Kawamata19/Till21"
"Ni-XEC C(sp2)-C(sp3) (ArBr + RBr)","Recirculating flow cell",0.0,106.89999999999999,Inf,1.9148936170212767e-10,0.6819139198563143,0.6844090884941259,NaN,10.370017570606851,0.6844090884941259,1.0,"newton-wall (no collapse); plateau (c-control; c_red/cb 1.42e-03, c_sub/cb 1.0e+00)","direct-ramp","control k = 0"
"Ni-XEC C(sp2)-C(sp3) (ArBr + RBr)","Recirculating flow cell",100.0,106.89999999999999,2.897355115733428,1.9148936170212767e-10,0.6819139198563143,0.6844090884941259,25.15970432370944,10.370017570606851,9.597364713394256,14.022848139715535,"plateau (c-control; c_red/cb 5.22e-03, c_sub/cb 1.4e-01)","c-control","Ni(I)bpy+ArBr: Ting22/Kawamata19/Till21"
"Ni-XEC C(sp2)-C(sp3) (ArBr + RBr)","ANEC flow cell",0.0,36.199999999999996,Inf,1.9148936170212767e-10,2.0137181776972377,2.02108650718293,NaN,30.623062936405315,2.02108650718293,1.0,"newton-wall (no collapse); plateau (c-control; c_red/cb 1.42e-03, c_sub/cb 1.0e+00)","direct-ramp","control k = 0"
"Ni-XEC C(sp2)-C(sp3) (ArBr + RBr)","ANEC flow cell",100.0,36.199999999999996,2.897355115733428,1.9148936170212767e-10,2.0137181776972377,2.02108650718293,25.15970432370944,30.623062936405315,17.64174639106143,8.728842792410305,"plateau (c-control; c_red/cb 2.20e-03, c_sub/cb 4.9e-01)","c-control","Ni(I)bpy+ArBr: Ting22/Kawamata19/Till21"
"Ni-XEC C(sp2)-C(sp3) (ArBr + RBr)","Microfluidic cell (25 um gap)",0.0,12.499999999999998,Inf,1.9148936170212767e-10,5.831727842611201,5.853066524801763,NaN,88.6843902638298,5.853066524801763,1.0,"newton-wall (no collapse); plateau (c-control; c_red/cb 1.42e-03, c_sub/cb 1.0e+00)","direct-ramp","control k = 0"
"Ni-XEC C(sp2)-C(sp3) (ArBr + RBr)","Microfluidic cell (25 um gap)",100.0,12.499999999999998,2.897355115733428,1.9148936170212767e-10,5.831727842611201,5.853066524801763,25.15970432370944,88.6843902638298,22.66570782058393,3.8724500609279495,"plateau (c-control; c_red/cb 1.78e-03, c_sub/cb 8.1e-01)","c-control","Ni(I)bpy+ArBr: Ting22/Kawamata19/Till21"
"Ni-XEC C(sp2)-C(sp3) (ArBr + RBr)","RDE 1600 rpm",0.0,8.85764188710124,Inf,1.9148936170212767e-10,8.229797384199307,8.259910763220702,NaN,125.1523703969318,8.259910763220702,1.0,"newton-wall (no collapse); plateau (c-control; c_red/cb 1.42e-03, c_sub/cb 1.0e+00)","direct-ramp","control k = 0"
"Ni-XEC C(sp2)-C(sp3) (ArBr + RBr)","RDE 1600 rpm",100.0,8.85764188710124,2.897355115733428,1.9148936170212767e-10,8.229797384199307,8.259910763220702,25.15970432370944,125.1523703969318,23.71828891260704,2.871494570887932,"newton-wall (no collapse); plateau (c-control; c_red/cb 1.77e-03, c_sub/cb 8.8e-01)","direct-ramp","Ni(I)bpy+ArBr: Ting22/Kawamata19/Till21"
"Ni-XEC C(sp2)-C(sp3) (ArBr + RBr)","Rotating cylinder 3000 rpm",0.0,9.10732936801866,Inf,1.9148936170212767e-10,8.004168410623647,8.033456198141105,NaN,121.72118010694535,8.033456198141105,1.0,"newton-wall (no collapse); plateau (c-control; c_red/cb 1.42e-03, c_sub/cb 1.0e+00)","direct-ramp","control k = 0"
"Ni-XEC C(sp2)-C(sp3) (ArBr + RBr)","Rotating cylinder 3000 rpm",100.0,9.10732936801866,2.897355115733428,1.9148936170212767e-10,8.004168410623647,8.033456198141105,25.15970432370944,121.72118010694535,23.622144366066976,2.9404709235276596,"plateau (c-control; c_red/cb 1.79e-03, c_sub/cb 8.7e-01)","c-control","Ni(I)bpy+ArBr: Ting22/Kawamata19/Till21"
"Rh-catalyzed electrooxidative C-H alkenylation","Unstirred batch",0.0,228.0,Inf,1.317857142857143e-10,0.0454743833341614,0.045640777144018124,NaN,1.3942311837406016,0.045640777144018124,1.0,"newton-wall (no collapse); plateau (c-control; c_red/cb 1.42e-03, c_sub/cb 1.0e+00)","direct-ramp","control k = 0"
"Rh-catalyzed electrooxidative C-H alkenylation","Stirred batch",0.0,200.0,Inf,1.317857142857143e-10,0.051840797000943996,0.05203048594418063,NaN,1.5894235494642859,0.05203048594418063,1.0,"newton-wall (no collapse); plateau (c-control; c_red/cb 1.42e-03, c_sub/cb 1.0e+00)","direct-ramp","control k = 0"
"Rh-catalyzed electrooxidative C-H alkenylation","Recirculating flow cell",0.0,106.89999999999999,Inf,1.317857142857143e-10,0.0969893302169205,0.09734422066263917,NaN,2.973664264666578,0.09734422066263917,1.0,"newton-wall (no collapse); plateau (c-control; c_red/cb 1.42e-03, c_sub/cb 1.0e+00)","direct-ramp","control k = 0"
"Rh-catalyzed electrooxidative C-H alkenylation","ANEC flow cell",0.0,36.199999999999996,Inf,1.317857142857143e-10,0.2864132430991381,0.2874612483103903,NaN,8.78134557715075,0.2874612483103903,1.0,"newton-wall (no collapse); plateau (c-control; c_red/cb 1.42e-03, c_sub/cb 1.0e+00)","direct-ramp","control k = 0"
"Rh-catalyzed electrooxidative C-H alkenylation","Microfluidic cell (25 um gap)",0.0,12.5,Inf,1.317857142857143e-10,0.8294527520151039,0.8324877751068901,NaN,25.430776791428574,0.8324877751068901,1.0,"newton-wall (no collapse); plateau (c-control; c_red/cb 1.42e-03, c_sub/cb 1.0e+00)","direct-ramp","control k = 0"
"Rh-catalyzed electrooxidative C-H alkenylation","RDE 1600 rpm",0.0,8.459095584464121,Inf,1.317857142857143e-10,1.2256817879243314,1.2301666395575255,NaN,37.57904219414197,1.2301666395575255,1.0,"newton-wall (no collapse); plateau (c-control; c_red/cb 1.42e-03, c_sub/cb 1.0e+00)","direct-ramp","control k = 0"
"Rh-catalyzed electrooxidative C-H alkenylation","Rotating cylinder 3000 rpm",0.0,9.375591710277618,Inf,1.317857142857143e-10,1.1058672050344427,1.1099136470958795,NaN,33.90556241313162,1.1099136470958795,1.0,"newton-wall (no collapse); plateau (c-control; c_red/cb 1.42e-03, c_sub/cb 1.0e+00)","direct-ramp","control k = 0"
"Cu-catalyzed benzylic cyanation","Unstirred batch",0.0,228.0,Inf,1.0e-9,0.237932828712,0.23880344084473526,NaN,3.2161777333333337,0.23880344084473526,1.0,"newton-wall (no collapse); plateau (c-control; c_red/cb 1.42e-03, c_sub/cb 1.0e+00)","direct-ramp","control k = 0"
"Cu-catalyzed benzylic cyanation","Stirred batch",0.0,200.0,Inf,1.0e-9,0.27124342473168,0.27223592256299817,NaN,3.666442616,0.27223592256299817,1.0,"newton-wall (no collapse); plateau (c-control; c_red/cb 1.42e-03, c_sub/cb 1.0e+00)","direct-ramp","control k = 0"
"Cu-catalyzed benzylic cyanation","Recirculating flow cell",0.0,106.89999999999999,Inf,1.0e-9,0.5074713278422451,0.5093281993695007,NaN,6.8595745855940145,0.5093281993695007,1.0,"newton-wall (no collapse); plateau (c-control; c_red/cb 1.42e-03, c_sub/cb 1.0e+00)","direct-ramp","control k = 0"
"Cu-catalyzed benzylic cyanation","ANEC flow cell",0.0,36.199999999999996,Inf,1.0e-9,1.4985824570811053,1.5040658705138015,NaN,20.256589038674036,1.5040658705138015,1.0,"newton-wall (no collapse); plateau (c-control; c_red/cb 1.42e-03, c_sub/cb 1.0e+00)","direct-ramp","control k = 0"
"Cu-catalyzed benzylic cyanation","Microfluidic cell (25 um gap)",0.0,12.5,Inf,1.0e-9,4.33989479570688,4.355774761007971,NaN,58.663081856,4.355774761007971,1.0,"newton-wall (no collapse); plateau (c-control; c_red/cb 1.42e-03, c_sub/cb 1.0e+00)","direct-ramp","control k = 0"
"Cu-catalyzed benzylic cyanation","RDE 1600 rpm",0.0,12.521638106453118,Inf,1.0e-9,4.332395209407829,4.3482477332210925,NaN,58.56170869705094,4.3482477332210925,1.0,"newton-wall (no collapse); plateau (c-control; c_red/cb 1.42e-03, c_sub/cb 1.0e+00)","direct-ramp","control k = 0"
"Cu-catalyzed benzylic cyanation","Rotating cylinder 3000 rpm",0.0,10.33676269222064,Inf,1.0e-9,5.248131021442826,5.267334283834929,NaN,70.93986241474487,5.267334283834929,1.0,"newton-wall (no collapse); plateau (c-control; c_red/cb 1.42e-03, c_sub/cb 1.0e+00)","direct-ramp","control k = 0"
"Cathodic Ni aryl-aryl homocoupling","Unstirred batch",0.0,228.0,Inf,5.132127955493741e-10,1.7137826233347369,1.720053468567918,NaN,13.030922885586705,1.720053468567918,1.0,"newton-wall (no collapse); plateau (c-control; c_red/cb 1.42e-03, c_sub/cb 1.0e+00)","direct-ramp","control k = 0"
"Cathodic Ni aryl-aryl homocoupling","Unstirred batch",100.0,228.0,4.743275942496564,5.132127955493741e-10,1.7137826233347369,1.720053468567918,82.37817973429091,13.030922885586705,14.42002296609595,8.383473670793368,"plateau (c-control; c_red/cb 1.01e-02, c_sub/cb 2.4e-02)","c-control","Ni(I)bpy+ArBr: Ting22/Kawamata19/Till21"
"Cathodic Ni aryl-aryl homocoupling","Stirred batch",0.0,200.0,Inf,5.132127955493741e-10,1.9537121906016002,1.9608609541674271,NaN,14.855252089568845,1.9608609541674271,1.0,"newton-wall (no collapse); plateau (c-control; c_red/cb 1.42e-03, c_sub/cb 1.0e+00)","direct-ramp","control k = 0"
"Cathodic Ni aryl-aryl homocoupling","Stirred batch",100.0,200.0,4.743275942496564,5.132127955493741e-10,1.9537121906016002,1.9608609541674271,82.37817973429091,14.855252089568845,16.30620092927211,8.315837435906133,"plateau (c-control; c_red/cb 9.14e-03, c_sub/cb 3.3e-02)","c-control","Ni(I)bpy+ArBr: Ting22/Kawamata19/Till21"
"Cathodic Ni aryl-aryl homocoupling","Recirculating flow cell",0.0,106.89999999999999,Inf,5.132127955493741e-10,3.6552145754941074,3.668589250079377,NaN,27.792800915937974,3.668589250079377,1.0,"newton-wall (no collapse); plateau (c-control; c_red/cb 1.42e-03, c_sub/cb 1.0e+00)","direct-ramp","control k = 0"
"Cathodic Ni aryl-aryl homocoupling","Recirculating flow cell",100.0,106.89999999999999,4.743275942496564,5.132127955493741e-10,3.6552145754941074,3.668589250079377,82.37817973429091,27.792800915937974,28.045754961644704,7.6448337630160905,"plateau (c-control; c_red/cb 4.60e-03, c_sub/cb 1.2e-01)","c-control","Ni(I)bpy+ArBr: Ting22/Kawamata19/Till21"
"Cathodic Ni aryl-aryl homocoupling","ANEC flow cell",0.0,36.199999999999996,Inf,5.132127955493741e-10,10.79399000332376,10.833485934626669,NaN,82.07321596446877,10.833485934626669,1.0,"newton-wall (no collapse); plateau (c-control; c_red/cb 1.42e-03, c_sub/cb 1.0e+00)","direct-ramp","control k = 0"
"Cathodic Ni aryl-aryl homocoupling","ANEC flow cell",100.0,36.199999999999996,4.743275942496564,5.132127955493741e-10,10.79399000332376,10.833485934626669,82.37817973429091,82.07321596446877,51.226584757705815,4.728541216264673,"newton-wall (no collapse); plateau (c-control; c_red/cb 2.59e-03, c_sub/cb 5.1e-01)","direct-ramp","Ni(I)bpy+ArBr: Ting22/Kawamata19/Till21"
"Cathodic Ni aryl-aryl homocoupling","Microfluidic cell (25 um gap)",0.0,12.5,Inf,5.132127955493741e-10,31.259395049625603,31.373775266678834,NaN,237.68403343310152,31.373775266678834,1.0,"newton-wall (no collapse); plateau (c-control; c_red/cb 1.42e-03, c_sub/cb 1.0e+00)","direct-ramp","control k = 0"
"Cathodic Ni aryl-aryl homocoupling","Microfluidic cell (25 um gap)",100.0,12.5,4.743275942496564,5.132127955493741e-10,31.259395049625603,31.373775266678834,82.37817973429091,237.68403343310152,64.72696086534972,2.06309123830865,"newton-wall; mediator; plateau (c-control; c_red/cb 1.81e-03, c_sub/cb 8.6e-01)","direct-ramp","Ni(I)bpy+ArBr: Ting22/Kawamata19/Till21"
"Cathodic Ni aryl-aryl homocoupling","RDE 1600 rpm",0.0,10.749677834092756,Inf,5.132127955493741e-10,36.34922312565265,36.48222736403372,NaN,276.3850660241222,36.48222736403372,1.0,"newton-wall (no collapse); plateau (c-control; c_red/cb 1.42e-03, c_sub/cb 1.0e+00)","direct-ramp","control k = 0"
"Cathodic Ni aryl-aryl homocoupling","RDE 1600 rpm",100.0,10.749677834092756,4.743275942496564,5.132127955493741e-10,36.34922312565265,36.48222736403372,82.37817973429091,276.3850660241222,67.53763063816875,1.8512474571317221,"newton-wall (no collapse); plateau (c-control; c_red/cb 1.79e-03, c_sub/cb 8.9e-01)","direct-ramp","Ni(I)bpy+ArBr: Ting22/Kawamata19/Till21"
"Cathodic Ni aryl-aryl homocoupling","Rotating cylinder 3000 rpm",0.0,9.789933686425929,Inf,5.132127955493741e-10,39.91267465499767,40.0587178008412,NaN,303.4801371569278,40.0587178008412,1.0,"newton-wall (no collapse); plateau (c-control; c_red/cb 1.42e-03, c_sub/cb 1.0e+00)","direct-ramp","control k = 0"
"Cathodic Ni aryl-aryl homocoupling","Rotating cylinder 3000 rpm",100.0,9.789933686425929,4.743275942496564,5.132127955493741e-10,39.91267465499767,40.0587178008412,82.37817973429091,303.4801371569278,69.6168900055096,1.7378711508346805,"plateau (c-control; c_red/cb 1.89e-03, c_sub/cb 9.0e-01)","c-control","Ni(I)bpy+ArBr: Ting22/Kawamata19/Till21"
"Co-H alkene isomerization (catalytic)","Unstirred batch",0.0,228.0,Inf,1.2058823529411766e-9,0.05798463762677894,0.058196807293753455,NaN,0.8164909415892675,0.058196807293753455,1.0,"newton-wall (no collapse); plateau (c-control; c_red/cb 1.42e-03, c_sub/cb 1.0e+00)","direct-ramp","control k = 0"
"Co-H alkene isomerization (catalytic)","Unstirred batch",700.0,228.0,5.048514633038118,1.2058823529411766e-9,0.05798463762677894,0.058196807293753455,2.6186905139165084,0.8164909415892675,0.8042345936819205,13.819221896872733,"plateau (c-control; c_red/cb 7.41e-03, c_sub/cb 8.6e-02)","c-control","Co-H+alkene: Boucher23 kMHAT"
"Co-H alkene isomerization (catalytic)","Stirred batch",0.0,200.0,Inf,1.2058823529411766e-9,0.066102486894528,0.06634436031487892,NaN,0.9307996734117648,0.06634436031487892,1.0,"newton-wall (no collapse); plateau (c-control; c_red/cb 1.42e-03, c_sub/cb 1.0e+00)","direct-ramp","control k = 0"
"Co-H alkene isomerization (catalytic)","Stirred batch",700.0,200.0,5.048514633038118,1.2058823529411766e-9,0.066102486894528,0.06634436031487892,2.6186905139165084,0.9307996734117648,0.8962613417184978,13.509231794002165,"plateau (c-control; c_red/cb 5.72e-03, c_sub/cb 1.1e-01)","c-control","Co-H+alkene: Boucher23 kMHAT"
"Co-H alkene isomerization (catalytic)","Recirculating flow cell",0.0,106.89999999999999,Inf,1.2058823529411766e-9,0.12367163123391581,0.12412415400351531,NaN,1.7414399876740223,0.12412415400351531,1.0,"newton-wall (no collapse); plateau (c-control; c_red/cb 1.42e-03, c_sub/cb 1.0e+00)","direct-ramp","control k = 0"
"Co-H alkene isomerization (catalytic)","Recirculating flow cell",700.0,106.89999999999999,5.048514633038118,1.2058823529411766e-9,0.12367163123391581,0.12412415400351531,2.6186905139165084,1.7414399876740223,1.393045847680985,11.223003764775168,"plateau (c-control; c_red/cb 3.14e-03, c_sub/cb 2.7e-01)","c-control","Co-H+alkene: Boucher23 kMHAT"
"Co-H alkene isomerization (catalytic)","ANEC flow cell",0.0,36.199999999999996,Inf,1.2058823529411766e-9,0.3652071099145193,0.36654342715402727,NaN,5.142539632109198,0.36654342715402727,1.0,"newton-wall (no collapse); plateau (c-control; c_red/cb 1.42e-03, c_sub/cb 1.0e+00)","direct-ramp","control k = 0"
"Co-H alkene isomerization (catalytic)","ANEC flow cell",700.0,36.199999999999996,5.048514633038118,1.2058823529411766e-9,0.3652071099145193,0.36654342715402727,2.6186905139165084,5.142539632109198,2.1491077223436394,5.8631735372533385,"newton-wall (no collapse); plateau (c-control; c_red/cb 1.86e-03, c_sub/cb 6.5e-01)","direct-ramp","Co-H+alkene: Boucher23 kMHAT"
"Co-H alkene isomerization (catalytic)","Microfluidic cell (25 um gap)",0.0,12.5,Inf,1.2058823529411766e-9,1.057639790312448,1.0615097650380627,NaN,14.892794774588237,1.0615097650380627,1.0,"newton-wall (no collapse); plateau (c-control; c_red/cb 1.42e-03, c_sub/cb 1.0e+00)","direct-ramp","control k = 0"
"Co-H alkene isomerization (catalytic)","Microfluidic cell (25 um gap)",700.0,12.5,5.048514633038118,1.2058823529411766e-9,1.057639790312448,1.0615097650380627,2.6186905139165084,14.892794774588237,2.5602908513875153,2.4119333949751374,"plateau (c-control; c_red/cb 1.62e-03, c_sub/cb 9.0e-01)","c-control","Co-H+alkene: Boucher23 kMHAT"
"Co-H alkene isomerization (catalytic)","RDE 1600 rpm",0.0,11.971767594247522,Inf,1.2058823529411766e-9,1.104306216674144,1.108346946974775,NaN,15.549912176026831,1.108346946974775,1.0,"newton-wall (no collapse); plateau (c-control; c_red/cb 1.42e-03, c_sub/cb 1.0e+00)","direct-ramp","control k = 0"
"Co-H alkene isomerization (catalytic)","RDE 1600 rpm",700.0,11.971767594247522,5.048514633038118,1.2058823529411766e-9,1.104306216674144,1.108346946974775,2.6186905139165084,15.549912176026831,2.5816575201636036,2.329286445196803,"newton-wall; mediator; plateau (c-control; c_red/cb 1.83e-03, c_sub/cb 9.1e-01)","direct-ramp","Co-H+alkene: Boucher23 kMHAT"
"Co-H alkene isomerization (catalytic)","Rotating cylinder 3000 rpm",0.0,9.534973011661975,Inf,1.2058823529411766e-9,1.3865269846842727,1.3916003796494214,NaN,19.52390787626411,1.3916003796494214,1.0,"newton-wall (no collapse); plateau (c-control; c_red/cb 1.42e-03, c_sub/cb 1.0e+00)","direct-ramp","control k = 0"
"Co-H alkene isomerization (catalytic)","Rotating cylinder 3000 rpm",700.0,9.534973011661975,5.048514633038118,1.2058823529411766e-9,1.3865269846842727,1.3916003796494214,2.6186905139165084,19.52390787626411,2.695710942404199,1.9371300711223687,"newton-wall; mediator; plateau (c-control; c_red/cb 1.73e-03, c_sub/cb 9.3e-01)","direct-ramp","Co-H+alkene: Boucher23 kMHAT"
"Cathodic aryl-halide radical 5-exo cyclization","Unstirred batch",0.0,228.0,Inf,4.64735516372796e-10,0.2586483987649123,0.27052085869879017,NaN,0.9833368550311546,0.27052085869879017,1.0,"newton-wall (no collapse); plateau (c-control; c_red/cb 1.59e-03, c_sub/cb 1.0e+00)","direct-ramp","control k = 0"
"Cathodic aryl-halide radical 5-exo cyclization","Stirred batch",0.0,200.0,Inf,4.64735516372796e-10,0.294859174592,0.3083937789166208,NaN,1.1210040147355163,0.3083937789166208,1.0,"newton-wall (no collapse); plateau (c-control; c_red/cb 1.59e-03, c_sub/cb 1.0e+00)","direct-ramp","control k = 0"
"Cathodic aryl-halide radical 5-exo cyclization","Recirculating flow cell",0.0,106.89999999999999,Inf,4.64735516372796e-10,0.5516542087782975,0.5769762000310962,NaN,2.097294695482725,0.5769762000310962,1.0,"newton-wall (no collapse); plateau (c-control; c_red/cb 1.59e-03, c_sub/cb 1.0e+00)","direct-ramp","control k = 0"
"Cathodic aryl-halide radical 5-exo cyclization","ANEC flow cell",0.0,36.199999999999996,Inf,4.64735516372796e-10,1.6290562132154698,1.703833032688512,NaN,6.193392346605062,1.703833032688512,1.0,"newton-wall (no collapse); plateau (c-control; c_red/cb 1.59e-03, c_sub/cb 1.0e+00)","direct-ramp","control k = 0"
"Cathodic aryl-halide radical 5-exo cyclization","Microfluidic cell (25 um gap)",0.0,12.5,Inf,4.64735516372796e-10,4.717746793472,4.934300462665933,NaN,17.93606423576826,4.934300462665933,1.0,"newton-wall (no collapse); plateau (c-control; c_red/cb 1.59e-03, c_sub/cb 1.0e+00)","direct-ramp","control k = 0"
"Cathodic aryl-halide radical 5-exo cyclization","RDE 1600 rpm",0.0,10.255432088558708,Inf,4.64735516372796e-10,5.750302318728324,6.014252276326312,NaN,21.861663264020727,6.014252276326312,1.0,"newton-wall (no collapse); plateau (c-control; c_red/cb 1.59e-03, c_sub/cb 1.0e+00)","direct-ramp","control k = 0"
"Cathodic aryl-halide radical 5-exo cyclization","Rotating cylinder 3000 rpm",0.0,9.181126281621857,Inf,4.64735516372796e-10,6.4231591102766705,6.717994491241058,NaN,24.419749393480505,6.717994491241058,1.0,"newton-wall (no collapse); plateau (c-control; c_red/cb 1.59e-03, c_sub/cb 1.0e+00)","direct-ramp","control k = 0"
