reaction,reactor,k_M,delta_um,xk_um,i_fick_mAcm2,i_subcap_mAcm2,i_ec_mAcm2,limiter,path,flag
"Ni-catalyzed aryl amination (ArBr + amine)","Unstirred batch",100.0,527.9999999999999,7.0970416371894,0.046020579566060614,0.3499226257253385,0.39338521207409627,"plateau (c-control; c_red/cb 1.11e-02, c_sub/cb 6.0e-03)","c-control","ok"
"Ni-catalyzed aryl amination (ArBr + amine)","Stirred batch",100.0,207.0,7.0970416371894,0.11738582613951692,0.8925562627197039,0.9518052855727538,"plateau (c-control; c_red/cb 6.61e-03, c_sub/cb 6.5e-02)","c-control","ok"
"Ni-catalyzed aryl amination (ArBr + amine)","Recirculating flow cell",100.0,119.87942699999999,7.0970416371894,0.20269421216769745,1.5412081205808459,1.4774769397490228,"plateau (c-control; c_red/cb 4.11e-03, c_sub/cb 1.7e-01)","c-control","ok"
"Ni-catalyzed aryl amination (ArBr + amine)","ANEC flow cell",100.0,40.595278,7.0970416371894,0.5985638529407287,4.551247225920678,2.5951891272017535,"newton-wall (no collapse); plateau (c-control; c_red/cb 1.87e-03, c_sub/cb 5.6e-01)","direct-ramp","ok"
"Ni-catalyzed aryl amination (ArBr + amine)","Microfluidic cell (25 um gap)",100.0,12.499999999999998,7.0970416371894,1.9439092808704002,14.7807317106383,3.4924062362639603,"plateau (c-control; c_red/cb 1.57e-03, c_sub/cb 9.0e-01)","c-control","ok"
"Ni-catalyzed aryl amination (ArBr + amine)","RDE 1600 rpm",100.0,17.715284,7.0970416371894,1.3716328798838335,10.429364066812518,3.1991706188114044,"newton-wall; mediator; plateau (c-control; c_red/cb 1.84e-03, c_sub/cb 8.3e-01)","direct-ramp","ok"
"Ni-catalyzed aryl amination (ArBr + amine)","Rotating cylinder 3000 rpm",100.0,19.650605,7.0970416371894,1.2365454402487863,9.402211605341348,3.125741684487278,"newton-wall; mediator; plateau (c-control; c_red/cb 1.57e-03, c_sub/cb 8.0e-01)","direct-ramp","ok"
"Electrochemical amination of ArX with NH3","Unstirred batch",100.0,527.9999999999999,5.4867848228546094,0.05950177329491516,0.9048683042111438,0.944011520008837,"plateau (c-control; c_red/cb 1.44e-02, c_sub/cb 2.2e-02)","c-control","ok"
"Electrochemical amination of ArX with NH3","Stirred batch",100.0,207.0,5.4867848228546094,0.15177263912905897,2.3080698774081347,2.1473621327962555,"plateau (c-control; c_red/cb 5.45e-03, c_sub/cb 1.4e-01)","c-control","ok"
"Electrochemical amination of ArX with NH3","Recirculating flow cell",100.0,119.87942699999999,5.4867848228546094,0.2620711250122609,3.9854249939273063,3.0957469050915503,"plateau (c-control; c_red/cb 3.61e-03, c_sub/cb 2.9e-01)","c-control","ok"
"Electrochemical amination of ArX with NH3","ANEC flow cell",100.0,40.595278,5.4867848228546094,0.7739061744992903,11.769114245836274,4.680473588312211,"newton-wall (no collapse); plateau (c-control; c_red/cb 1.85e-03, c_sub/cb 6.7e-01)","direct-ramp","ok"
"Electrochemical amination of ArX with NH3","Microfluidic cell (25 um gap)",100.0,12.499999999999998,5.4867848228546094,2.5133549039772163,38.22163716987872,5.631502397467713,"plateau (c-control; c_red/cb 1.81e-03, c_sub/cb 9.2e-01)","c-control","ok"
"Electrochemical amination of ArX with NH3","RDE 1600 rpm",100.0,17.996058,5.4867848228546094,1.745767673104588,26.548617737478054,5.348721277225511,"collapse (c-control)","c-control","ok"
"Electrochemical amination of ArX with NH3","Rotating cylinder 3000 rpm",100.0,18.883512,5.4867848228546094,1.663723162286507,25.30093261377883,5.312994191303517,"plateau (c-control; c_red/cb 1.59e-03, c_sub/cb 8.6e-01)","c-control","ok"
"Co-catalyzed aza-Wacker cyclization","Unstirred batch",10.0,527.9999999999999,59.88878581726855,0.071375024347,1.2060666500000001,0.5036673250378236,"plateau (c-control; c_red/cb 2.10e-03, c_sub/cb 6.4e-01)","c-control","ok"
"Co-catalyzed aza-Wacker cyclization","Stirred batch",10.0,207.0,59.88878581726855,0.18205803311698548,3.07634391884058,0.5877113458248625,"newton-wall (no collapse); plateau (c-control; c_red/cb 1.54e-03, c_sub/cb 8.7e-01)","direct-ramp","ok"
"Co-catalyzed aza-Wacker cyclization","Recirculating flow cell",10.0,119.87942699999999,59.88878581726855,0.3143659741985253,5.3120306556019825,0.6362234094641344,"plateau (c-control; c_red/cb 1.56e-03, c_sub/cb 9.4e-01)","c-control","ok"
"Co-catalyzed aza-Wacker cyclization","ANEC flow cell",10.0,40.595278,59.88878581726855,0.9283348879940173,15.686632105339937,1.067035470963326,"plateau (c-control; c_red/cb 1.74e-03, c_sub/cb 9.9e-01)","c-control","ok"
"Co-catalyzed aza-Wacker cyclization","Microfluidic cell (25 um gap)",10.0,12.499999999999998,59.88878581726855,3.01488102841728,50.944255296,3.0683650789775108,"newton-wall (no collapse); plateau (c-control; c_red/cb 1.61e-03, c_sub/cb 1.0e+00)","direct-ramp","ok"
"Co-catalyzed aza-Wacker cyclization","RDE 1600 rpm",10.0,23.247594,59.88878581726855,1.6210715334763675,27.392219220621286,1.7068949571176106,"newton-wall (no collapse); plateau (c-control; c_red/cb 1.75e-03, c_sub/cb 1.0e+00)","direct-ramp","ok"
"Co-catalyzed aza-Wacker cyclization","Rotating cylinder 3000 rpm",10.0,20.599611,59.88878581726855,1.8294526462279312,30.91336002412861,1.9091346419106963,"newton-wall; mediator; plateau (c-control; c_red/cb 1.42e-03, c_sub/cb 1.0e+00)","direct-ramp","ok"
"Co-H alkene reduction (e-HAT)","Unstirred batch",700.0,527.9999999999999,4.135689612559019,0.14002360711551515,2.365968069377991,2.470178353879777,"plateau (c-control; c_red/cb 1.72e-02, c_sub/cb 1.4e-02)","c-control","ok"
"Co-H alkene reduction (e-HAT)","Stirred batch",700.0,207.0,4.135689612559019,0.3571616645265314,6.034933046529368,5.796571039658585,"plateau (c-control; c_red/cb 6.17e-03, c_sub/cb 9.9e-02)","c-control","ok"
"Co-H alkene reduction (e-HAT)","Recirculating flow cell",700.0,119.87942699999999,4.135689612559019,0.6167235397028716,10.420729994243125,8.663205572019193,"newton-wall (no collapse); plateau (c-control; c_red/cb 4.13e-03, c_sub/cb 2.3e-01)","direct-ramp","ok"
"Co-H alkene reduction (e-HAT)","ANEC flow cell",700.0,40.595278,4.135689612559019,1.8212084803802053,30.772818962628584,14.022198630055218,"newton-wall; mediator; plateau (c-control; c_red/cb 2.20e-03, c_sub/cb 6.0e-01)","direct-ramp","ok"
"Co-H alkene reduction (e-HAT)","Microfluidic cell (25 um gap)",700.0,12.499999999999998,4.135689612559019,5.9145971645593605,99.93849125052633,17.084861532187883,"plateau (c-control; c_red/cb 1.80e-03, c_sub/cb 8.9e-01)","c-control","ok"
"Co-H alkene reduction (e-HAT)","RDE 1600 rpm",700.0,21.96393,4.135689612559019,3.3660854208236866,56.87648524793053,15.907766589068414,"plateau (c-control; c_red/cb 1.61e-03, c_sub/cb 7.8e-01)","c-control","ok"
"Co-H alkene reduction (e-HAT)","Rotating cylinder 3000 rpm",700.0,19.654505,4.135689612559019,3.7616039964879295,63.55953205799784,16.166306283419015,"newton-wall (no collapse); plateau (c-control; c_red/cb 1.78e-03, c_sub/cb 8.1e-01)","direct-ramp","ok"
"Ni-XEC C(sp2)-C(sp3) (ArBr + RBr)","Unstirred batch",100.0,527.9999999999999,2.897355115733428,0.13806173869818184,2.099535754352031,2.2264178024804933,"plateau (c-control; c_red/cb 1.99e-02, c_sub/cb 4.1e-03)","c-control","ok"
"Ni-XEC C(sp2)-C(sp3) (ArBr + RBr)","Stirred batch",100.0,207.0,2.897355115733428,0.3521574784185508,5.355337576318224,5.481848546403765,"plateau (c-control; c_red/cb 1.07e-02, c_sub/cb 4.2e-02)","c-control","ok"
"Ni-XEC C(sp2)-C(sp3) (ArBr + RBr)","Recirculating flow cell",100.0,119.87942699999999,2.897355115733428,0.6080826365030925,9.247248723485077,8.779109267648488,"plateau (c-control; c_red/cb 6.08e-03, c_sub/cb 1.2e-01)","c-control","ok"
"Ni-XEC C(sp2)-C(sp3) (ArBr + RBr)","ANEC flow cell",100.0,40.595278,2.897355115733428,1.7956915588221862,27.307483355524063,16.87350326616882,"plateau (c-control; c_red/cb 2.76e-03, c_sub/cb 4.5e-01)","c-control","ok"
"Ni-XEC C(sp2)-C(sp3) (ArBr + RBr)","Microfluidic cell (25 um gap)",100.0,12.499999999999998,2.897355115733428,5.831727842611201,88.6843902638298,22.66570782058393,"plateau (c-control; c_red/cb 1.78e-03, c_sub/cb 8.1e-01)","c-control","ok"
"Ni-XEC C(sp2)-C(sp3) (ArBr + RBr)","RDE 1600 rpm",100.0,17.715284,2.897355115733428,4.114898639651501,62.57618440087511,21.415636128793047,"newton-wall (no collapse); plateau (c-control; c_red/cb 2.09e-03, c_sub/cb 7.2e-01)","direct-ramp","ok"
"Ni-XEC C(sp2)-C(sp3) (ArBr + RBr)","Rotating cylinder 3000 rpm",100.0,19.650605,2.897355115733428,3.709636320746359,56.4132696320481,20.991412684954184,"newton-wall; mediator; plateau (c-control; c_red/cb 1.76e-03, c_sub/cb 6.9e-01)","direct-ramp","ok"
"Cathodic Ni aryl-aryl homocoupling","Unstirred batch",100.0,527.9999999999999,4.743275942496564,0.7400424964400002,5.626989427866988,6.348197623196965,"plateau (c-control; c_red/cb 1.35e-02, c_sub/cb 1.7e-03)","c-control","ok"
"Cathodic Ni aryl-aryl homocoupling","Stirred batch",100.0,207.0,4.743275942496564,1.8876446286005804,14.352900569631736,15.795892954990173,"plateau (c-control; c_red/cb 7.98e-03, c_sub/cb 3.0e-02)","c-control","ok"
"Cathodic Ni aryl-aryl homocoupling","Recirculating flow cell",100.0,119.87942699999999,4.743275942496564,3.259462010277377,24.78365548004971,25.58300026469121,"newton-wall (no collapse); plateau (c-control; c_red/cb 6.10e-03, c_sub/cb 9.9e-02)","direct-ramp","ok"
"Cathodic Ni aryl-aryl homocoupling","ANEC flow cell",100.0,40.595278,4.743275942496564,9.625317459836587,73.18709377760067,49.25628357203937,"plateau (c-control; c_red/cb 2.29e-03, c_sub/cb 4.6e-01)","c-control","ok"
"Cathodic Ni aryl-aryl homocoupling","Microfluidic cell (25 um gap)",100.0,12.499999999999998,4.743275942496564,31.25939504962561,237.68403343310158,64.72696086534972,"newton-wall; mediator; plateau (c-control; c_red/cb 1.81e-03, c_sub/cb 8.6e-01)","direct-ramp","ok"
"Cathodic Ni aryl-aryl homocoupling","RDE 1600 rpm",100.0,21.499356,4.743275942496564,18.17461128232493,138.1925308792398,57.887589462339065,"newton-wall (no collapse); plateau (c-control; c_red/cb 2.17e-03, c_sub/cb 7.1e-01)","direct-ramp","ok"
"Cathodic Ni aryl-aryl homocoupling","Rotating cylinder 3000 rpm",100.0,21.123439,4.743275942496564,18.498050346836045,140.65183315622843,58.12098448196794,"newton-wall; mediator; plateau (c-control; c_red/cb 1.79e-03, c_sub/cb 7.2e-01)","direct-ramp","ok"
"Co-H alkene isomerization (catalytic)","Unstirred batch",700.0,527.9999999999999,5.048514633038118,0.02503882079338182,0.3525756338680928,0.37225264480022624,"plateau (c-control; c_red/cb 1.47e-02, c_sub/cb 1.4e-02)","c-control","ok"
"Co-H alkene isomerization (catalytic)","Stirred batch",700.0,207.0,5.048514633038118,0.0638671370961623,0.8993233559533961,0.8715056609296037,"plateau (c-control; c_red/cb 6.18e-03, c_sub/cb 1.0e-01)","c-control","ok"
"Co-H alkene isomerization (catalytic)","Recirculating flow cell",700.0,119.87942699999999,5.048514633038118,0.11028161970531941,1.5528930971813286,1.298515170284426,"plateau (c-control; c_red/cb 3.85e-03, c_sub/cb 2.3e-01)","c-control","ok"
"Co-H alkene isomerization (catalytic)","ANEC flow cell",700.0,40.595278,5.048514633038118,0.32566589096657,4.58575341403877,2.086324271711425,"newton-wall (no collapse); plateau (c-control; c_red/cb 2.23e-03, c_sub/cb 6.2e-01)","direct-ramp","ok"
"Co-H alkene isomerization (catalytic)","Microfluidic cell (25 um gap)",700.0,12.499999999999998,5.048514633038118,1.0576397903124481,14.89279477458824,2.5602908513875153,"plateau (c-control; c_red/cb 1.62e-03, c_sub/cb 9.0e-01)","c-control","ok"
"Co-H alkene isomerization (catalytic)","RDE 1600 rpm",700.0,23.943535,5.048514633038118,0.5521531126838872,7.774956149221616,2.3363015198143118,"newton-wall; mediator; plateau (c-control; c_red/cb 1.68e-03, c_sub/cb 7.7e-01)","direct-ramp","ok"
"Co-H alkene isomerization (catalytic)","Rotating cylinder 3000 rpm",700.0,20.573318,5.048514633038118,0.642604045633553,9.048610179571083,2.3908936915016645,"newton-wall; mediator; plateau (c-control; c_red/cb 1.62e-03, c_sub/cb 8.1e-01)","direct-ramp","ok"
