electrolyte,kappa_Sm,gap_label,gap_m,i_mAcm2,E_cell_V,Q_W_cm2
"3.0 M LiBr / THF",0.3,"beaker, 2 cm",0.02,10.0,8.904316687149139,0.06666666666666668
"3.0 M LiBr / THF",0.3,"beaker, 2 cm",0.02,25.0,18.99763559359471,0.41666666666666674
"3.0 M LiBr / THF",0.3,"beaker, 2 cm",0.02,50.0,35.73541425968529,1.666666666666667
"3.0 M LiBr / THF",0.3,"beaker, 2 cm",0.02,100.0,69.13995174023151,6.666666666666668
"3.0 M LiBr / THF",0.3,"beaker, 2 cm",0.02,300.0,202.58618067268998,60.0
"3.0 M LiBr / THF",0.3,"batch, 5 mm",0.005,10.0,3.904316687149139,0.01666666666666667
"3.0 M LiBr / THF",0.3,"batch, 5 mm",0.005,25.0,6.497635593594709,0.10416666666666669
"3.0 M LiBr / THF",0.3,"batch, 5 mm",0.005,50.0,10.735414259685292,0.41666666666666674
"3.0 M LiBr / THF",0.3,"batch, 5 mm",0.005,100.0,19.139951740231506,1.666666666666667
"3.0 M LiBr / THF",0.3,"batch, 5 mm",0.005,300.0,52.58618067268999,15.0
"3.0 M LiBr / THF",0.3,"flow, 1 mm",0.001,10.0,2.5709833538158056,0.0033333333333333335
"3.0 M LiBr / THF",0.3,"flow, 1 mm",0.001,25.0,3.1643022602613757,0.020833333333333336
"3.0 M LiBr / THF",0.3,"flow, 1 mm",0.001,50.0,4.0687475930186245,0.08333333333333334
"3.0 M LiBr / THF",0.3,"flow, 1 mm",0.001,100.0,5.806618406898172,0.33333333333333337
"3.0 M LiBr / THF",0.3,"flow, 1 mm",0.001,300.0,12.58618067268999,3.0
"3.0 M LiBr / THF",0.3,"thin gap, 250 um",0.00025,10.0,2.3209833538158056,0.0008333333333333334
"3.0 M LiBr / THF",0.3,"thin gap, 250 um",0.00025,25.0,2.5393022602613757,0.005208333333333334
"3.0 M LiBr / THF",0.3,"thin gap, 250 um",0.00025,50.0,2.8187475930186245,0.020833333333333336
"3.0 M LiBr / THF",0.3,"thin gap, 250 um",0.00025,100.0,3.3066184068981723,0.08333333333333334
"3.0 M LiBr / THF",0.3,"thin gap, 250 um",0.00025,300.0,5.08618067268999,0.75
"0.25 M Bu4NBF4 / MeCN",1.9949999999999999,"beaker, 2 cm",0.02,10.0,3.2401562861466324,0.010025062656641605
"0.25 M Bu4NBF4 / MeCN",1.9949999999999999,"beaker, 2 cm",0.02,25.0,4.837234591088444,0.06265664160401004
"0.25 M Bu4NBF4 / MeCN",1.9949999999999999,"beaker, 2 cm",0.02,50.0,7.414612254672761,0.25062656641604014
"0.25 M Bu4NBF4 / MeCN",1.9949999999999999,"beaker, 2 cm",0.02,100.0,12.498347730206444,1.0025062656641606
"0.25 M Bu4NBF4 / MeCN",1.9949999999999999,"beaker, 2 cm",0.02,300.0,32.6613686426148,9.022556390977444
"0.25 M Bu4NBF4 / MeCN",1.9949999999999999,"batch, 5 mm",0.005,10.0,2.4882765868985124,0.0025062656641604013
"0.25 M Bu4NBF4 / MeCN",1.9949999999999999,"batch, 5 mm",0.005,25.0,2.957535342968143,0.01566416040100251
"0.25 M Bu4NBF4 / MeCN",1.9949999999999999,"batch, 5 mm",0.005,50.0,3.6552137584321587,0.06265664160401004
"0.25 M Bu4NBF4 / MeCN",1.9949999999999999,"batch, 5 mm",0.005,100.0,4.979550737725241,0.25062656641604014
"0.25 M Bu4NBF4 / MeCN",1.9949999999999999,"batch, 5 mm",0.005,300.0,10.104977665171193,2.255639097744361
"0.25 M Bu4NBF4 / MeCN",1.9949999999999999,"flow, 1 mm",0.001,10.0,2.2877753337656803,0.0005012531328320803
"0.25 M Bu4NBF4 / MeCN",1.9949999999999999,"flow, 1 mm",0.001,25.0,2.456282210136062,0.0031328320802005015
"0.25 M Bu4NBF4 / MeCN",1.9949999999999999,"flow, 1 mm",0.001,50.0,2.6527074927679983,0.012531328320802006
"0.25 M Bu4NBF4 / MeCN",1.9949999999999999,"flow, 1 mm",0.001,100.0,2.974538206396919,0.050125313283208024
"0.25 M Bu4NBF4 / MeCN",1.9949999999999999,"flow, 1 mm",0.001,300.0,4.089940071186231,0.45112781954887227
"0.25 M Bu4NBF4 / MeCN",1.9949999999999999,"thin gap, 250 um",0.00025,10.0,2.2501813488032743,0.00012531328320802008
"0.25 M Bu4NBF4 / MeCN",1.9949999999999999,"thin gap, 250 um",0.00025,25.0,2.3622972477300475,0.0007832080200501254
"0.25 M Bu4NBF4 / MeCN",1.9949999999999999,"thin gap, 250 um",0.00025,50.0,2.464737567955968,0.0031328320802005015
"0.25 M Bu4NBF4 / MeCN",1.9949999999999999,"thin gap, 250 um",0.00025,100.0,2.5985983567728588,0.012531328320802006
"0.25 M Bu4NBF4 / MeCN",1.9949999999999999,"thin gap, 250 um",0.00025,300.0,2.96212052231405,0.11278195488721807
"0.2 M NaI / DMF",0.877,"beaker, 2 cm",0.02,10.0,4.518151730858754,0.02280501710376283
"0.2 M NaI / DMF",0.877,"beaker, 2 cm",0.02,25.0,8.03222320286875,0.14253135689851767
"0.2 M NaI / DMF",0.877,"beaker, 2 cm",0.02,50.0,13.804589478233373,0.5701254275940707
"0.2 M NaI / DMF",0.877,"beaker, 2 cm",0.02,100.0,25.278302177327667,2.280501710376283
"0.2 M NaI / DMF",0.877,"beaker, 2 cm",0.02,300.0,71.00123198397847,20.524515393386547
"0.2 M NaI / DMF",0.877,"batch, 5 mm",0.005,10.0,2.807775448076543,0.005701254275940707
"0.2 M NaI / DMF",0.877,"batch, 5 mm",0.005,25.0,3.756282495913219,0.03563283922462942
"0.2 M NaI / DMF",0.877,"batch, 5 mm",0.005,50.0,5.252708064322311,0.14253135689851767
"0.2 M NaI / DMF",0.877,"batch, 5 mm",0.005,100.0,8.174539349505546,0.5701254275940707
"0.2 M NaI / DMF",0.877,"batch, 5 mm",0.005,300.0,19.689943500512108,5.131128848346637
"0.2 M NaI / DMF",0.877,"flow, 1 mm",0.001,10.0,2.351675106001286,0.0011402508551881414
"0.2 M NaI / DMF",0.877,"flow, 1 mm",0.001,25.0,2.6160316407250774,0.007126567844925885
"0.2 M NaI / DMF",0.877,"flow, 1 mm",0.001,50.0,2.972206353946029,0.02850627137970354
"0.2 M NaI / DMF",0.877,"flow, 1 mm",0.001,100.0,3.61353592875298,0.11402508551881416
"0.2 M NaI / DMF",0.877,"flow, 1 mm",0.001,300.0,6.006933238254414,1.0262257696693273
"0.2 M NaI / DMF",0.877,"thin gap, 250 um",0.00025,10.0,2.266156291862176,0.00028506271379703536
"0.2 M NaI / DMF",0.877,"thin gap, 250 um",0.00025,25.0,2.402234605377301,0.0017816419612314712
"0.2 M NaI / DMF",0.877,"thin gap, 250 um",0.00025,50.0,2.544612283250476,0.007126567844925885
"0.2 M NaI / DMF",0.877,"thin gap, 250 um",0.00025,100.0,2.758347787361874,0.02850627137970354
"0.2 M NaI / DMF",0.877,"thin gap, 250 um",0.00025,300.0,3.4413688140810956,0.25655644241733183
"1 M NaOH (aq)",17.45,"beaker, 2 cm",0.02,10.0,2.3522632009982316,0.0011461318051575933
"1 M NaOH (aq)",17.45,"beaker, 2 cm",0.02,25.0,2.6175018782174404,0.0071633237822349575
"1 M NaOH (aq)",17.45,"beaker, 2 cm",0.02,50.0,2.9751468289307548,0.02865329512893983
"1 M NaOH (aq)",17.45,"beaker, 2 cm",0.02,100.0,3.619416878722432,0.11461318051575932
"1 M NaOH (aq)",17.45,"beaker, 2 cm",0.02,300.0,6.024576088162769,1.0315186246418337
"1 M NaOH (aq)",17.45,"batch, 5 mm",0.005,10.0,2.266303315611412,0.0002865329512893983
"1 M NaOH (aq)",17.45,"batch, 5 mm",0.005,25.0,2.402602164750392,0.0017908309455587394
"1 M NaOH (aq)",17.45,"batch, 5 mm",0.005,50.0,2.5453474019966573,0.0071633237822349575
"1 M NaOH (aq)",17.45,"batch, 5 mm",0.005,100.0,2.759818024854237,0.02865329512893983
"1 M NaOH (aq)",17.45,"batch, 5 mm",0.005,300.0,3.4457795265581845,0.25787965616045844
"1 M NaOH (aq)",17.45,"flow, 1 mm",0.001,10.0,2.24338067950826,5.7306590257879666e-5
"1 M NaOH (aq)",17.45,"flow, 1 mm",0.001,25.0,2.3452955744925124,0.00035816618911174784
"1 M NaOH (aq)",17.45,"flow, 1 mm",0.001,50.0,2.430734221480898,0.0014326647564469914
"1 M NaOH (aq)",17.45,"flow, 1 mm",0.001,100.0,2.5305916638227184,0.0057306590257879654
"1 M NaOH (aq)",17.45,"flow, 1 mm",0.001,300.0,2.7581004434636287,0.0515759312320917
"1 M NaOH (aq)",17.45,"thin gap, 250 um",0.00025,10.0,2.239082685238919,1.4326647564469916e-5
"1 M NaOH (aq)",17.45,"thin gap, 250 um",0.00025,25.0,2.3345505888191598,8.954154727793696e-5
"1 M NaOH (aq)",17.45,"thin gap, 250 um",0.00025,50.0,2.409244250134193,0.00035816618911174784
"1 M NaOH (aq)",17.45,"thin gap, 250 um",0.00025,100.0,2.487611721129309,0.0014326647564469914
"1 M NaOH (aq)",17.45,"thin gap, 250 um",0.00025,300.0,2.6291606153833995,0.012893982808022925
"0.3 wt% H2SO4 / MeOH (BASF)",0.3,"beaker, 2 cm",0.02,10.0,8.904316687149139,0.06666666666666668
"0.3 wt% H2SO4 / MeOH (BASF)",0.3,"beaker, 2 cm",0.02,25.0,18.99763559359471,0.41666666666666674
"0.3 wt% H2SO4 / MeOH (BASF)",0.3,"beaker, 2 cm",0.02,50.0,35.73541425968529,1.666666666666667
"0.3 wt% H2SO4 / MeOH (BASF)",0.3,"beaker, 2 cm",0.02,100.0,69.13995174023151,6.666666666666668
"0.3 wt% H2SO4 / MeOH (BASF)",0.3,"beaker, 2 cm",0.02,300.0,202.58618067268998,60.0
"0.3 wt% H2SO4 / MeOH (BASF)",0.3,"batch, 5 mm",0.005,10.0,3.904316687149139,0.01666666666666667
"0.3 wt% H2SO4 / MeOH (BASF)",0.3,"batch, 5 mm",0.005,25.0,6.497635593594709,0.10416666666666669
"0.3 wt% H2SO4 / MeOH (BASF)",0.3,"batch, 5 mm",0.005,50.0,10.735414259685292,0.41666666666666674
"0.3 wt% H2SO4 / MeOH (BASF)",0.3,"batch, 5 mm",0.005,100.0,19.139951740231506,1.666666666666667
"0.3 wt% H2SO4 / MeOH (BASF)",0.3,"batch, 5 mm",0.005,300.0,52.58618067268999,15.0
"0.3 wt% H2SO4 / MeOH (BASF)",0.3,"flow, 1 mm",0.001,10.0,2.5709833538158056,0.0033333333333333335
"0.3 wt% H2SO4 / MeOH (BASF)",0.3,"flow, 1 mm",0.001,25.0,3.1643022602613757,0.020833333333333336
"0.3 wt% H2SO4 / MeOH (BASF)",0.3,"flow, 1 mm",0.001,50.0,4.0687475930186245,0.08333333333333334
"0.3 wt% H2SO4 / MeOH (BASF)",0.3,"flow, 1 mm",0.001,100.0,5.806618406898172,0.33333333333333337
"0.3 wt% H2SO4 / MeOH (BASF)",0.3,"flow, 1 mm",0.001,300.0,12.58618067268999,3.0
"0.3 wt% H2SO4 / MeOH (BASF)",0.3,"thin gap, 250 um",0.00025,10.0,2.3209833538158056,0.0008333333333333334
"0.3 wt% H2SO4 / MeOH (BASF)",0.3,"thin gap, 250 um",0.00025,25.0,2.5393022602613757,0.005208333333333334
"0.3 wt% H2SO4 / MeOH (BASF)",0.3,"thin gap, 250 um",0.00025,50.0,2.8187475930186245,0.020833333333333336
"0.3 wt% H2SO4 / MeOH (BASF)",0.3,"thin gap, 250 um",0.00025,100.0,3.3066184068981723,0.08333333333333334
"0.3 wt% H2SO4 / MeOH (BASF)",0.3,"thin gap, 250 um",0.00025,300.0,5.08618067268999,0.75
