x_um,c_Cl_M,c_OX_M,c_P_mM
0.014999999999999899,1.3379151247286831,1.9224847086005217,8.504975525113018e-5
0.04606254728896532,1.3380186849364637,1.922184383997722,8.505031284529498e-5
0.07932545627194784,1.3381295809849207,1.9218627854566692,8.50515492298665e-5
0.11494459283912892,1.3382483325191534,1.9215184060065191,8.505360615427756e-5
0.153086863872627,1.3383754959940801,1.9211496319279344,8.505664913068739e-5
0.19393099935156738,1.3385116672819204,1.9207547351913994,8.506087112820069e-5
0.2376683898587273,1.3386574844643702,1.9203318653598986,8.506649682403989e-5
0.2845039834132081,1.338813630822574,1.9198790409180013,8.507378749472525e-5
0.3346572458315829,1.3389808380388935,1.9193941399867298,8.508304664273125e-5
0.3883631891176527,1.3391598896254737,1.91887489038071,8.509462646839129e-5
0.4458734726997195,1.339351624595684,1.9183188589610072,8.510893531332024e-5
0.5074575826756376,1.3395569413956179,1.9177234402337358,8.512644622066637e-5
0.5734040945914406,1.3397768021141052,1.9170858441410634,8.514770677950291e-5
0.6440220256707685,1.340012236990926,1.9164030829873602,8.517335044612879e-5
0.7196422828314766,1.3402643492443802,1.9156719574392378,8.520410956453245e-5
0.8006192132746509,1.3405343202408277,1.9148890415338935,8.52408303424968e-5
0.887332264911902,1.3408234150304106,1.9140506666255035,8.528449007959776e-5
0.9801877644114929,1.3411329882749083,1.9131529041944182,8.533621698968605e-5
1.0796208211950065,1.3414644905955075,1.912191547438652,8.539731301453304e-5
1.1860973663064458,1.3418194753702104,1.9111620915613503,8.546928008863484e-5
1.3001163357076575,1.3421996060127588,1.9100597126619296,8.55538503894736e-5
1.4222120082307301,1.3426066637671594,1.9088792451319132,8.565302119501703e-5
1.552956509142724,1.3430425560543537,1.9076151574495963,8.576909507358176e-5
1.6929624910541319,1.343509325410123,1.906261526260082,8.590472625370332e-5
1.842886004733469,1.3440091590561274,1.904812008619245,8.60629741674994e-5
2.0034295732802847,1.3445443991489208,1.9032598122715854,8.624736533534659e-5
2.1753454840617854,1.3451175537549567,1.9015976638226493,8.646196496901886e-5
2.3594393138386827,1.345731308603031,1.8998177746569365,8.67114599229906e-5
2.5565737035985627,1.3463885396692128,1.8979118044415415,8.700125492980897e-5
2.7676724007851927,1.3470923266532426,1.8958708220445593,8.733758442861692e-5
2.993724587865145,1.3478459674095455,1.8936852636850952,8.772764275309613e-5
3.235789517514867,1.3486529934004678,1.8913448881188042,8.817973600824782e-5
3.4950014761481203,1.3495171862441668,1.888838728648942,8.870345966287263e-5
3.7725750990422555,1.3504425954346697,1.8861550417381059,8.93099067531253e-5
4.06981106196936,1.3514335573171459,1.8832812519798352,9.00119126799765e-5
4.388102176002549,1.3524947154072982,1.8802038931722556,9.082434395243108e-5
4.728939914056926,1.353631042150082,1.8769085452176546,9.176443996111701e-5
5.093921399747759,1.3548478622197027,1.873379766552304,9.285221907168873e-5
5.484756891314824,1.3561508774700608,1.8696010217899715,9.41109631477366e-5
5.903277795681628,1.3575461936525544,1.8655546042400546,9.556779823904722e-5
6.35144525020246,1.3590403490264007,1.8612215529373246,9.725439385737365e-5
6.831359312310207,1.3606403449955444,1.8565815637945515,9.920780934923677e-5
7.345268800126559,1.3623536789156723,1.8516128944617198,0.00010147152382292254
7.895581830146441,1.36418837922503,1.846292262446126,0.00010409669651654331
8.484877101374998,1.3661530430636148,1.8405947360160406,0.00010714371825209231
9.115915978793163,1.3682568765569778,1.8344936173768924,0.00011068413286518528
9.791655432773501,1.3705097379532956,1.8279603175727086,0.00011480303182639877
10.515261895078767,1.3729221838157764,1.8209642225268847,0.00011960205788692263
11.290126096370729,1.3755055184866913,1.8134725495948596,0.00012520319756863964
12.11987895475598,1.3782718470546453,1.805450193956985,0.00013175360199986407
13.008408589820478,1.3812341320730366,1.7968595641323655,0.00013943175708343243
13.959878541878536,1.384406254295145,1.7876604058437036,0.00014845543597350963
14.978747281809364,1.3878030777100074,1.7778096134088772,0.00015909202181070401
16.069789102901883,1.3914405191831951,1.767261027776919,0.00017167200466067817
17.238116492604394,1.395335623027976,1.7559652202640892,0.00018660675990122012
18.48920408901042,1.399506640855098,1.7438692609794353,0.00020441214450897058
19.828914334337764,1.4039731170736887,1.7309164708587466,0.000225740059978454
21.263524945609905,1.4087559804415521,1.7170461561505568,0.00025142101134501563
22.79975833126395,1.4138776420904933,1.7021933241180411,0.0002825219695999756
24.444813091527674,1.4193621004811612,1.6862883786361853,0.00032042571513797206
26.206397750172613,1.4252350537721852,1.6692567942745153,0.0003669406024432362
28.092766875705994,1.43152402011987,1.6510187673626913,0.00042445380464896517
30.11275976126097,1.4382584664569567,1.6314888424400837,0.0004961472948039367
32.275841844434375,1.4454699463312082,1.610575512392903,0.0005863052394148497
34.592149061160164,1.4531922474155377,1.5881807904865588,0.0007007559335121573
37.07253534145553,1.4614615493288379,1.5641997524117055,0.0008475138078894285
39.728623469598574,1.4703165924270503,1.5385200463885345,0.001037722107626522
42.57285954706244,1.479798858231038,1.5110213693296999,0.0012870522924446157
45.61857131341214,1.4899527621415665,1.4815749070718844,0.0016178047703695304
48.88003059844887,1.5008258590347718,1.450042736790028,0.0020620984136989285
52.37252019824478,1.5124690622053782,1.416277189975072,0.002666768899410111
56.11240548844093,1.5249368758805752,1.3801201749016905,0.0035009781408914292
60.11721111037977,1.5382876410820985,1.3414024585343032,0.004668170549375575
64.40570308941363,1.5525837938258662,1.2999429096545903,0.006325069692606846
68.99797677018573,1.5678921332759423,1.255547708216991,0.008712186411530976
73.91555098093734,1.584284095100705,1.2080095315303927,0.012203309257976884
79.18146886808368,1.601836021218099,1.1571067374804425,0.01738651944954377
84.8204058735569,1.62062941020566,1.1026025814042058,0.02519782818943035
90.85878536088435,1.6407511210172168,1.044244530864105,0.03714285844132456
97.32490243181215,1.6622934834174992,0.9817637882827279,0.05566559186372368
104.24905651366319,1.6853542377366235,0.9148752046721755,0.08476093142206052
111.66369333871765,1.7100361798628616,0.8432778787463161,0.13098493069116793
119.60355698091387,1.7364463239384498,0.7666568866734105,0.20509410526247415
128.1058526622949,1.7646943291952615,0.6846867448183512,0.32462595833994484
137.21042109209162,1.7948899290735112,0.597037227478527,0.5177431723693184
146.95992515537387,1.8271393288819637,0.5033816185166414,0.8283859380570066
157.40004982606942,1.8615414444131393,0.40340531867683765,1.321672017483738
168.579716241119,1.898187364531358,0.2968067540053688,2.0854225584277906
180.551310938892,1.9371720677157858,0.18326908861434849,3.2168051376105162
193.37093133604594,1.9786375281775033,0.06235718938547781,4.7707613736765175
