reaction,short,var,factor,k_M,delta_um,xk_um,gamma,ilim_mAcm2,limiter,path,c_red_surf_norm,c_S_surf_norm,share_in_film,regime_solved,regime_analytic
"ACT-mediated alcohol oxidation (flow, hectogram)",ACT,D_med,0.75,20.0,36.2,6.668957939588464,129.88330522765597,15.935705541585419,"plateau (c-control; c_red/cb 1.63e-03, c_sub/cb 9.7e-01)",c-control,0.0016326276682887306,0.9663620682710432,0.9834994717747145,kinetic,kinetic
"ACT-mediated alcohol oxidation (flow, hectogram)",ACT,D_med,1.25,20.0,36.2,8.609587678861281,77.92998313659359,20.51530591878275,"plateau (c-control; c_red/cb 1.50e-03, c_sub/cb 9.6e-01)",c-control,0.0015007414312007924,0.95964091485361,0.9610450119716013,kinetic,kinetic
"ACT-mediated alcohol oxidation (flow, hectogram)",ACT,D_S,0.75,20.0,36.2,7.700649323271382,73.05935919055648,18.256747053915742,"plateau (c-control; c_red/cb 1.70e-03, c_sub/cb 9.5e-01)",c-control,0.0016984963701220164,0.9505575804845791,0.9731462833641652,kinetic,kinetic
"ACT-mediated alcohol oxidation (flow, hectogram)",ACT,D_S,1.25,20.0,36.2,7.700649323271382,121.76559865092747,18.437167407065477,"plateau (c-control; c_red/cb 1.56e-03, c_sub/cb 9.7e-01)",c-control,0.0015554718967689695,0.9699615359132433,0.9736708790203272,kinetic,kinetic
"NHPI-mediated allylic C-H -> enone",NHPI,D_med,0.75,20.2,36.2,21.556083362847914,12.048600840945337,27.164247333214906,"plateau (c-control; c_red/cb 1.65e-03, c_sub/cb 9.3e-01)",c-control,0.0016518516402254217,0.9295776251389781,0.6182756671599041,mixed,mixed
"NHPI-mediated allylic C-H -> enone",NHPI,D_med,1.25,20.2,36.2,27.828783957922912,7.229160504567201,38.069489600382376,"plateau (c-control; c_red/cb 1.96e-03, c_sub/cb 9.3e-01)",c-control,0.0019604894490436713,0.92582894136171,0.4722268580737222,mixed,mixed
"NHPI-mediated allylic C-H -> enone",NHPI,D_S,0.75,20.2,36.2,24.89082106442851,6.777337973031753,32.426454887233746,"plateau (c-control; c_red/cb 1.85e-03, c_sub/cb 9.0e-01)",c-control,0.0018450977666521029,0.9049975475073271,0.5305039135754845,mixed,mixed
"NHPI-mediated allylic C-H -> enone",NHPI,D_S,1.25,20.2,36.2,24.89082106442851,11.295563288386255,32.84814251702915,"plateau (c-control; c_red/cb 1.70e-03, c_sub/cb 9.4e-01)",c-control,0.001697367539714948,0.941117252718211,0.5389816019964403,mixed,mixed
"Br- oxidation / electrophilic bromination",Bromination,D_med,0.75,22800.0,36.2,1.0887588907733554,0.16725992307692306,219.02050378320735,"plateau (c-control; c_red/cb 1.68e-03, c_sub/cb 1.4e-29)",c-control,0.0016750539865971873,1.4387308728604594e-29,0.7686632130890665,substrate-limited,substrate-limited
"Br- oxidation / electrophilic bromination",Bromination,D_med,1.25,22800.0,36.2,1.4055816840001552,0.10035595384615387,359.2348404836741,"plateau (c-control; c_red/cb 1.77e-03, c_sub/cb 1.1e-30)",c-control,0.0017719318938811527,1.1482133550383697e-30,0.5532487594605954,substrate-limited,substrate-limited
"Br- oxidation / electrophilic bromination",Bromination,D_S,0.75,22800.0,36.2,1.2571904773411902,0.09408370673076923,286.11278132191234,"plateau (c-control; c_red/cb 1.50e-03, c_sub/cb 1.4e-34)",c-control,0.001498177337203477,1.4277583793476722e-34,0.5489736076866857,substrate-limited,substrate-limited
"Br- oxidation / electrophilic bromination",Bromination,D_S,1.25,22800.0,36.2,1.2571904773411902,0.15680617788461537,292.21395025921083,"plateau (c-control; c_red/cb 1.70e-03, c_sub/cb 4.0e-27)",c-control,0.001699223396990451,3.972878170749308e-27,0.7210822256515617,substrate-limited,substrate-limited
