reaction,reactor,delta_um,xk_um,i_tier0_mAcm2,i_saveant_mAcm2,i_subcap_mAcm2,i_ec_mAcm2,amplification,limiter,flag,path
"Br-mediated Hofmann rearrangement","Unstirred batch",300.0,3.3166247903554,6.946943904,1024.0180608539874,51.45884373333334,130.65677995700509,18.80780696699938,"newton-wall (no collapse)","ok","direct"
"Br-mediated Hofmann rearrangement","Stirred batch",100.0,3.3166247903554,20.840831711999996,1024.0180608539874,154.37653120000002,515.2048541456434,24.720935386133952,"newton-wall (no collapse)","ok","direct"
"Br-mediated Hofmann rearrangement","Parallel-plate flow (1 mm)",94.8330077258227,3.3166247903554,21.976347910691768,1024.0180608539874,162.7877623014205,543.2758767234105,24.720935386133927,"newton-wall (no collapse)","ok","direct"
"Br-mediated Hofmann rearrangement","RDE 1600 rpm",15.30140289911607,3.3166247903554,136.20209760769015,1024.0180608539874,1008.9044267236309,3325.531762237888,24.41615673068844,"newton-wall (no collapse)","ok","direct"
"Br-mediated Hofmann rearrangement","Rotating cylinder 3000 rpm",12.804787733746279,3.3166247903554,162.75811942649537,1024.0180608539874,1205.6156994555213,3916.0550188408365,24.060581632668722,"newton-wall (no collapse)","ok","direct"
"Br-mediated Hofmann rearrangement","Thin-gap microflow (250 um)",37.634504056319834,3.3166247903554,55.37692666498755,1024.0180608539874,410.19945677768555,1368.9694259678345,24.72093538613393,"newton-wall (no collapse)","ok","direct"
"ACT-mediated alcohol oxidation (flow, hectogram)","Unstirred batch",300.0,7.700649323271382,0.47679834896666673,18.574992664285368,23.220803234666672,12.802915912039488,26.851846152123624,"newton-wall (no collapse)","ok","direct"
"ACT-mediated alcohol oxidation (flow, hectogram)","Stirred batch",100.0,7.700649323271382,1.4303950469000002,18.574992664285368,69.66240970400001,16.569037216333452,11.583539283250753,"newton-wall (no collapse)","ok","direct"
"ACT-mediated alcohol oxidation (flow, hectogram)","Parallel-plate flow (1 mm)",57.21674767717675,7.700649323271382,2.4999586746356997,18.574992664285368,121.75178165848061,17.531693197420708,7.012793201461809,"newton-wall (no collapse)","ok","direct"
"ACT-mediated alcohol oxidation (flow, hectogram)","RDE 1600 rpm",10.254434530006915,7.700649323271382,13.949038756981906,18.574992664285368,679.3393580128795,21.441732400798884,1.5371476683342544,"newton-wall; mediator","ok","direct"
"ACT-mediated alcohol oxidation (flow, hectogram)","Rotating cylinder 3000 rpm",9.271873054238856,7.700649323271382,15.427250120147633,18.574992664285368,751.330494890158,22.344559275401807,1.448382511554689,"newton-wall; mediator","ok","direct"
"ACT-mediated alcohol oxidation (flow, hectogram)","Thin-gap microflow (250 um)",22.70648136323735,7.700649323271382,6.299501116081611,18.574992664285368,306.7952651474485,18.469774313025972,2.9319423828460978,"newton-wall (no collapse)","ok","direct"
"Cl-mediated propylene epoxidation","Unstirred batch",300.0,157.13484026367723,130.57681597333334,171.9280900064332,0.4996589402952,262.9812599482498,2.0139965734955303,"substrate (total catalysis)","ok","direct"
"Cl-mediated propylene epoxidation","Stirred batch",100.0,157.13484026367723,391.73044791999996,171.9280900064332,1.4989768208856,788.9437798447493,2.0139965734955307,"substrate (total catalysis)","ok","direct"
"Cl-mediated propylene epoxidation","Parallel-plate flow (1 mm)",86.23236214265766,157.13484026367723,454.2731269171828,171.9280900064332,1.738299617034475,914.9045210423064,2.0139965734955307,"substrate (total catalysis)","ok","direct"
"Cl-mediated propylene epoxidation","RDE 1600 rpm",15.454637809000372,157.13484026367723,2534.711280596084,171.9280900064332,9.69920382095681,5094.495826107286,2.009891960913679,"newton-wall (no collapse)","ok","direct"
"Cl-mediated propylene epoxidation","Rotating cylinder 3000 rpm",14.369067850509941,157.13484026367723,2726.206403890688,171.9280900064332,10.43196981516378,5479.3803349712825,2.0098919609136785,"newton-wall (no collapse)","ok","direct"
"Cl-mediated propylene epoxidation","Thin-gap microflow (250 um)",34.22133559473938,157.13484026367723,1144.696550009048,171.9280900064332,4.380240557051864,2305.414929410378,2.0139965734955307,"mediator","ok","direct"
"NHPI-mediated allylic C-H -> enone","Unstirred batch",300.0,158.20853365024428,2.2181977826800003,4.2062164375731355,38.24163972042667,4.3490797807911745,1.9606366099314496,"newton-wall; mediator","ok","direct"
"NHPI-mediated allylic C-H -> enone","Stirred batch",100.0,158.20853365024428,6.65459334804,4.2062164375731355,114.72491916128,7.553504458817338,1.135081298550286,"newton-wall; mediator","ok","direct"
"NHPI-mediated allylic C-H -> enone","Parallel-plate flow (1 mm)",87.07370661131506,158.20853365024428,7.64248314103037,4.2062164375731355,131.75609908671524,8.441677215211312,1.1045725661977965,"newton-wall; mediator","ok","direct"
"NHPI-mediated allylic C-H -> enone","RDE 1600 rpm",13.592868190762912,158.20853365024428,48.95650612254266,4.2062164375731355,844.0081780476748,49.2505336327292,1.006005892443602,"newton-wall (no collapse)","ok","direct"
"NHPI-mediated allylic C-H -> enone","Rotating cylinder 3000 rpm",10.91856105200796,158.20853365024428,60.947530689643386,4.2062164375731355,1050.732954780536,61.313575003668554,1.0060058924436026,"newton-wall; mediator","ok","direct"
"NHPI-mediated allylic C-H -> enone","Thin-gap microflow (250 um)",34.555223368392966,158.20853365024428,19.257850765701708,4.2062164375731355,332.0045653827745,19.644680245185437,1.0200868458370584,"newton-wall; mediator","ok","direct"
"HMF -> FDCA (biomass)","Unstirred batch",300.0,10.890362712049587,0.7628773583466667,21.015205237450495,18.3708072128,12.502045011542878,16.388014239454854,"newton-wall (no collapse)","ok","direct"
"HMF -> FDCA (biomass)","Stirred batch",100.0,10.890362712049587,2.28863207504,21.015205237450495,55.1124216384,17.735087553154152,7.749208685211747,"newton-wall (no collapse)","ok","direct"
"HMF -> FDCA (biomass)","Parallel-plate flow (1 mm)",57.21674767717675,10.890362712049587,3.999933879417119,21.015205237450495,96.3221851569586,19.245095355417007,4.8113533712265895,"newton-wall; mediator","ok","direct"
"HMF -> FDCA (biomass)","RDE 1600 rpm",10.254434530006915,10.890362712049587,22.31846201117105,21.015205237450495,537.4496416855355,28.530917489308276,1.278354999328704,"newton-wall (no collapse)","ok","direct"
"HMF -> FDCA (biomass)","Rotating cylinder 3000 rpm",9.271873054238856,10.890362712049587,24.683600192236213,21.015205237450495,594.4044026056207,30.421909274335885,1.2324745595216922,"newton-wall; mediator","ok","direct"
"HMF -> FDCA (biomass)","Thin-gap microflow (250 um)",22.70648136323735,10.890362712049587,10.079201785730579,21.015205237450495,242.71669730224727,21.25101588472039,2.1084026628781336,"newton-wall (no collapse)","ok","direct"
"BQ-mediated Wacker-Tsuji oxidation","Unstirred batch",300.0,12.720777563426767,2.5189104007466674,59.40463281086052,8.278441485600002,10.682071423352795,4.240750850124072,"newton-wall (no collapse)","ok","direct"
"BQ-mediated Wacker-Tsuji oxidation","Stirred batch",100.0,12.720777563426767,7.556731202240001,59.40463281086052,24.8353244568,27.866273278311645,3.6876094348904984,"newton-wall (no collapse)","ok","direct"
"BQ-mediated Wacker-Tsuji oxidation","Parallel-plate flow (1 mm)",82.53628888099794,12.720777563426767,9.155646933841924,59.40463281086052,30.09018795672767,31.856328567759615,3.4794186361653368,"newton-wall (no collapse)","ok","direct"
"BQ-mediated Wacker-Tsuji oxidation","RDE 1600 rpm",13.785342291921477,12.720777563426767,54.81714593817824,59.40463281086052,180.15747401030487,73.44148084693363,1.3397538231880872,"newton-wall (no collapse)","ok","direct"
"BQ-mediated Wacker-Tsuji oxidation","Rotating cylinder 3000 rpm",11.855455450775365,12.720777563426767,63.740538974787164,59.40463281086052,209.4843556193848,80.45087996596081,1.2621619029262285,"newton-wall (no collapse)","ok","direct"
"BQ-mediated Wacker-Tsuji oxidation","Thin-gap microflow (250 um)",32.75454794881183,12.720777563426767,23.07078459470579,59.40463281086052,75.8225224039488,50.4938228438539,2.1886478388533464,"newton-wall (no collapse)","ok","direct"
"Br- oxidation / electrophilic bromination","Unstirred batch",300.0,4.472135954999579,16.724124213333333,1294.4865671018144,4.824266600000001,71.24040894829749,4.2597392867664166,"newton-wall (no collapse)","ok","direct"
"Br- oxidation / electrophilic bromination","Stirred batch",100.0,4.472135954999579,50.17237263999999,1294.4865671018144,14.472799799999999,213.72122684489233,4.259739286766415,"newton-wall (no collapse)","ok","direct"
"Br- oxidation / electrophilic bromination","Parallel-plate flow (1 mm)",86.93461099652019,4.472135954999579,57.71277062711914,1294.4865671018144,16.64791460397668,245.8413563884784,4.259739286766418,"newton-wall (no collapse)","ok","direct"
"Br- oxidation / electrophilic bromination","RDE 1600 rpm",15.761274893671272,4.472135954999579,318.32686745503077,1294.4865671018144,91.82505791972044,1359.0117281085934,4.269233505087589,"newton-wall (no collapse)","ok","direct"
"Br- oxidation / electrophilic bromination","Rotating cylinder 3000 rpm",14.84333051680979,4.472135954999579,338.01290473981385,1294.4865671018144,97.50372252110017,1443.0560180671937,4.269233505087591,"newton-wall (no collapse)","ok","direct"
"Br- oxidation / electrophilic bromination","Thin-gap microflow (250 um)",34.50002323708058,4.472135954999579,145.4270691217239,1294.4865671018144,41.95011609280498,620.8621160411526,4.26923350508759,"newton-wall; substrate (total catalysis)","ok","direct"
"Aryl thiocyanation (NH4SCN)","Unstirred batch",300.0,4.69041575982343,2.508618632,113.13908045114896,11.111894068666665,12.124630670041604,4.8331900733652855,"newton-wall; mediator","ok","direct"
"Aryl thiocyanation (NH4SCN)","Stirred batch",100.0,4.69041575982343,7.5258558959999995,113.13908045114896,33.335682205999994,34.9162687839464,4.6395080196133485,"newton-wall; mediator","ok","direct"
"Aryl thiocyanation (NH4SCN)","Parallel-plate flow (1 mm)",62.690702677286474,4.69041575982343,12.004740056497564,113.13908045114896,53.17484217333215,53.7585021747436,4.4781063081534045,"newton-wall (no collapse)","ok","direct"
"Aryl thiocyanation (NH4SCN)","RDE 1600 rpm",11.685021537118054,4.69041575982343,64.40600791443767,113.13908045114896,285.2855863389514,216.69753967759317,3.3645547472135258,"newton-wall (no collapse)","ok","direct"
"Aryl thiocyanation (NH4SCN)","Rotating cylinder 3000 rpm",11.084389219384214,4.69041575982343,67.89599090258302,113.13908045114896,300.7444212415697,225.51522942331144,3.321480788856592,"newton-wall; mediator","ok","direct"
"Aryl thiocyanation (NH4SCN)","Thin-gap microflow (250 um)",24.87882184463754,4.69041575982343,30.250049391394903,113.13908045114896,133.99220595803766,120.04151492164448,3.96830806351649,"newton-wall (no collapse)","ok","direct"
