reaction,k_M,delta_um,xk_um,i_tier0_mAcm2,i_k0_mAcm2,i_subcap_mAcm2,i_ec_mAcm2,limiter,path,flag
"ACT-mediated alcohol oxidation (flow, hectogram)",20.0,260.0,7.700649323271382,0.5501519411153847,0.5493655900110891,26.79583218355385,13.461335124890525,"plateau (c-control; c_red/cb 2.11e-03, c_sub/cb 5.2e-01)","c-control","ok"
"ACT-mediated alcohol oxidation (flow, hectogram)",20.0,228.0,7.700649323271382,0.627366248640351,0.6264952804857009,30.556650735631578,14.014531130165707,"plateau (c-control; c_red/cb 2.41e-03, c_sub/cb 5.6e-01)","c-control","ok"
"ACT-mediated alcohol oxidation (flow, hectogram)",20.0,200.0,7.700649323271382,0.7151975234500001,0.7142380114624876,34.834581838620004,14.529968574171512,"plateau (c-control; c_red/cb 2.05e-03, c_sub/cb 6.0e-01)","c-control","ok"
"ACT-mediated alcohol oxidation (flow, hectogram)",20.0,176.598,7.700649323271382,0.8099723931754608,0.8089265411070014,39.45070933829375,14.984919936075256,"newton-wall (no collapse); plateau (c-control; c_red/cb 1.89e-03, c_sub/cb 6.4e-01)","direct-ramp","ok"
"ACT-mediated alcohol oxidation (flow, hectogram)",20.0,119.95,7.700649323271382,1.1924927443934974,1.1911955396115559,58.08183716318465,16.133492501853475,"plateau (c-control; c_red/cb 1.67e-03, c_sub/cb 7.4e-01)","c-control","ok"
"ACT-mediated alcohol oxidation (flow, hectogram)",20.0,106.9,7.700649323271382,1.3380683319925166,1.3367163802807416,65.17227659236669,16.411968928931255,"newton-wall (no collapse); plateau (c-control; c_red/cb 1.84e-03, c_sub/cb 7.7e-01)","direct-ramp","ok"
"ACT-mediated alcohol oxidation (flow, hectogram)",20.0,81.473,7.700649323271382,1.7556675793207568,1.7543886166233555,85.51196553120666,16.990209973220356,"newton-wall; mediator; plateau (c-control; c_red/cb 1.58e-03, c_sub/cb 8.2e-01)","direct-ramp","ok"
"ACT-mediated alcohol oxidation (flow, hectogram)",20.0,55.338,7.700649323271382,2.5848332915898666,2.588225216620888,125.89750926531497,17.60436883174715,"newton-wall; mediator; plateau (c-control; c_red/cb 1.71e-03, c_sub/cb 8.8e-01)","direct-ramp","ok"
"ACT-mediated alcohol oxidation (flow, hectogram)",20.0,37.587,7.700649323271382,3.805557897411339,3.8105517077012436,185.35441423162263,18.019030899137302,"newton-wall; mediator; plateau (c-control; c_red/cb 1.60e-03, c_sub/cb 9.2e-01)","direct-ramp","ok"
"ACT-mediated alcohol oxidation (flow, hectogram)",20.0,36.2,7.700649323271382,3.9513675328729287,3.9565526805902387,192.4562532520442,18.040780423571373,"plateau (c-control; c_red/cb 1.57e-03, c_sub/cb 9.3e-01)","c-control","ok"
"ACT-mediated alcohol oxidation (flow, hectogram)",20.0,25.53,7.700649323271382,5.602800810419115,5.614131993838664,272.89135792103406,18.368260446807074,"newton-wall; mediator; plateau (c-control; c_red/cb 1.46e-03, c_sub/cb 9.5e-01)","direct-ramp","ok"
"ACT-mediated alcohol oxidation (flow, hectogram)",20.0,17.341,7.700649323271382,8.248630683928264,8.278812975252892,401.75978131157376,18.948876830354646,"newton-wall; mediator; plateau (c-control; c_red/cb 1.66e-03, c_sub/cb 9.7e-01)","direct-ramp","ok"
"ACT-mediated alcohol oxidation (flow, hectogram)",20.0,12.624,7.700649323271382,11.330759243504438,11.372219249355233,551.8786729819392,20.076116051303917,"newton-wall; mediator; plateau (c-control; c_red/cb 1.40e-03, c_sub/cb 9.8e-01)","direct-ramp","ok"
"ACT-mediated alcohol oxidation (flow, hectogram)",20.0,12.5,7.700649323271382,11.443160375200002,11.485031664308835,557.3533094179201,20.134361902376256,"newton-wall; mediator; plateau (c-control; c_red/cb 1.46e-03, c_sub/cb 9.8e-01)","direct-ramp","ok"
"ACT-mediated alcohol oxidation (flow, hectogram)",20.0,11.778,7.700649323271382,12.144634461708272,12.189072491412848,591.5194742506368,20.445322455112375,"newton-wall (no collapse); plateau (c-control; c_red/cb 1.64e-03, c_sub/cb 9.9e-01)","direct-ramp","ok"
"ACT-mediated alcohol oxidation (flow, hectogram)",20.0,10.992,7.700649323271382,13.013055375727802,13.060671015635052,633.8169912412664,20.892357663006628,"plateau (c-control; c_red/cb 1.45e-03, c_sub/cb 9.9e-01)","c-control","ok"
"ACT-mediated alcohol oxidation (flow, hectogram)",20.0,8.0,7.700649323271382,17.879938086250004,17.945361975482566,870.8645459654999,23.97150281496827,"plateau (c-control; c_red/cb 1.60e-03, c_sub/cb 9.9e-01)","c-control","ok"
"NHPI-mediated allylic C-H -> enone",0.5,260.0,158.20853365024428,2.559458980015385,2.568824211594827,48.210246928448015,4.503851613329947,"plateau (c-control; c_red/cb 1.50e-03, c_sub/cb 9.6e-01)","c-control","ok"
"NHPI-mediated allylic C-H -> enone",0.5,228.0,158.20853365024428,2.9186812930000006,2.9293609430467313,54.976597374545975,4.6947929434094915,"newton-wall; mediator; plateau (c-control; c_red/cb 1.48e-03, c_sub/cb 9.7e-01)","direct-ramp","ok"
"NHPI-mediated allylic C-H -> enone",0.5,200.0,158.20853365024428,3.3272966740200007,3.3394714750732746,62.673321006982405,4.932793702220619,"newton-wall (no collapse); plateau (c-control; c_red/cb 1.45e-03, c_sub/cb 9.7e-01)","direct-ramp","ok"
"NHPI-mediated allylic C-H -> enone",0.5,176.598,158.20853365024428,3.7682155789080287,3.782003731722073,70.9785173184095,5.223911078075815,"newton-wall; mediator; plateau (c-control; c_red/cb 1.60e-03, c_sub/cb 9.8e-01)","direct-ramp","ok"
"NHPI-mediated allylic C-H -> enone",0.5,119.95,158.20853365024428,5.547806042551063,5.568105835887077,104.49907629342627,6.597966720420203,"newton-wall; mediator; plateau (c-control; c_red/cb 1.44e-03, c_sub/cb 9.9e-01)","direct-ramp","ok"
"NHPI-mediated allylic C-H -> enone",0.5,106.9,158.20853365024428,6.225063936426568,6.247841861689944,117.25597943308215,7.172609766624731,"collapse (c-control)","c-control","ok"
"NHPI-mediated allylic C-H -> enone",0.5,81.473,158.20853365024428,8.167851126189046,8.197737839709532,153.8505296404512,8.91045949127838,"plateau (c-control; c_red/cb 1.41e-03, c_sub/cb 1.0e+00)","c-control","ok"
"NHPI-mediated allylic C-H -> enone",0.5,55.338,158.20853365024428,12.025359333622466,12.069360927656488,226.51097259381405,12.557709032908585,"plateau (c-control; c_red/cb 1.48e-03, c_sub/cb 1.0e+00)","c-control","ok"
"NHPI-mediated allylic C-H -> enone",0.5,37.587,158.20853365024428,17.70450780333626,17.76928978143121,333.48402908975123,18.10168491374169,"newton-wall (no collapse); plateau (c-control; c_red/cb 1.58e-03, c_sub/cb 1.0e+00)","direct-ramp","ok"
"NHPI-mediated allylic C-H -> enone",0.5,36.2,158.20853365024428,18.382854552596687,18.45011864681366,346.26144202752715,18.795249471072065,"newton-wall; mediator; plateau (c-control; c_red/cb 1.49e-03, c_sub/cb 1.0e+00)","direct-ramp","ok"
"NHPI-mediated allylic C-H -> enone",0.5,25.53,158.20853365024428,26.06577887990599,26.161155308055413,490.9778378925375,26.405842653103477,"newton-wall; mediator; plateau (c-control; c_red/cb 1.42e-03, c_sub/cb 1.0e+00)","direct-ramp","ok"
"NHPI-mediated allylic C-H -> enone",0.5,17.341,158.20853365024428,38.37491118182343,38.51532754827604,722.8339888931713,38.69544599355247,"newton-wall; mediator; plateau (c-control; c_red/cb 1.43e-03, c_sub/cb 1.0e+00)","direct-ramp","ok"
"NHPI-mediated allylic C-H -> enone",0.5,12.624,158.20853365024428,52.71382563403043,52.90670904742199,992.9233366125223,53.03041920107926,"newton-wall (no collapse); plateau (c-control; c_red/cb 1.75e-03, c_sub/cb 1.0e+00)","direct-ramp","ok"
"NHPI-mediated allylic C-H -> enone",0.5,12.5,158.20853365024428,53.23674678432001,53.43154360117239,1002.7731361117185,53.55648095955394,"newton-wall (no collapse); plateau (c-control; c_red/cb 1.74e-03, c_sub/cb 1.0e+00)","direct-ramp","ok"
"NHPI-mediated allylic C-H -> enone",0.5,11.778,158.20853365024428,56.5001982343352,56.706936238296386,1064.2438615551437,56.83953234797284,"newton-wall; mediator; plateau (c-control; c_red/cb 1.67e-03, c_sub/cb 1.0e+00)","direct-ramp","ok"
"NHPI-mediated allylic C-H -> enone",0.5,10.992,158.20853365024428,60.540332496724886,60.76185362214838,1140.3442686859971,60.903931222200164,"newton-wall; mediator; plateau (c-control; c_red/cb 1.60e-03, c_sub/cb 1.0e+00)","direct-ramp","ok"
"NHPI-mediated allylic C-H -> enone",0.5,8.0,158.20853365024428,83.1824168505,83.4867868768319,1566.8330251745601,83.5261711357048,"plateau (c-control; c_red/cb 1.74e-03, c_sub/cb 1.0e+00)","c-control","ok"
"Br-mediated Hofmann rearrangement",1000.0,260.0,2.345207879911715,8.015704504615384,16.006488579795835,55.25195427236923,120.83538209217306,"plateau (c-control; c_red/cb 1.16e-02, c_sub/cb 2.7e-20)","c-control","ok"
"Br-mediated Hofmann rearrangement",1000.0,228.0,2.345207879911715,9.140715663157895,18.253241695196245,63.00661452112281,137.79643346633648,"plateau (c-control; c_red/cb 1.16e-02, c_sub/cb 3.2e-18)","c-control","ok"
"Br-mediated Hofmann rearrangement",1000.0,200.0,2.345207879911715,10.420415856,20.808991721411985,71.82754055408002,157.09013803993602,"plateau (c-control; c_red/cb 1.16e-02, c_sub/cb 2.4e-16)","c-control","ok"
"Br-mediated Hofmann rearrangement",1000.0,176.598,2.345207879911715,11.801284109672816,23.56687089932847,81.34581428337808,177.90973423276859,"plateau (c-control; c_red/cb 1.16e-02, c_sub/cb 9.7e-15)","c-control","ok"
"Br-mediated Hofmann rearrangement",1000.0,119.95,2.345207879911715,17.374599176323468,34.69879354512306,119.76246861872447,261.94600345162695,"plateau (c-control; c_red/cb 1.16e-02, c_sub/cb 1.1e-10)","c-control","ok"
"Br-mediated Hofmann rearrangement",1000.0,106.9,2.345207879911715,19.49563303274088,38.935626644330995,134.3826764342002,293.93034424543777,"plateau (c-control; c_red/cb 1.16e-02, c_sub/cb 1.0e-09)","c-control","ok"
"Br-mediated Hofmann rearrangement",1000.0,81.473,2.345207879911715,25.580047024167513,51.090548020345345,176.32231672843764,385.6890994860494,"plateau (c-control; c_red/cb 1.16e-02, c_sub/cb 8.7e-08)","c-control","ok"
"Br-mediated Hofmann rearrangement",1000.0,55.338,2.345207879911715,37.66097746937005,75.2296744451478,259.5957228453504,567.9131058505635,"plateau (c-control; c_red/cb 1.17e-02, c_sub/cb 9.3e-06)","c-control","ok"
"Br-mediated Hofmann rearrangement",1000.0,37.587,2.345207879911715,55.44691439061377,110.77988995392587,382.1935273050789,836.1126264400608,"plateau (c-control; c_red/cb 1.16e-02, c_sub/cb 2.5e-04)","c-control","ok"
"Br-mediated Hofmann rearrangement",1000.0,36.2,2.345207879911715,57.57135832044199,115.02713172595901,396.83724063027626,868.1129716115552,"plateau (c-control; c_red/cb 1.16e-02, c_sub/cb 3.3e-04)","c-control","ok"
"Br-mediated Hofmann rearrangement",1000.0,25.53,2.345207879911715,81.63271332549941,163.1452204635101,562.6912695188406,1228.8160522337512,"plateau (c-control; c_red/cb 1.10e-02, c_sub/cb 2.7e-03)","c-control","ok"
"Br-mediated Hofmann rearrangement",1000.0,17.341,2.345207879911715,120.18240996482325,240.29096496876065,828.4129006871577,1789.661669972187,"plateau (c-control; c_red/cb 1.07e-02, c_sub/cb 1.6e-02)","c-control","ok"
"Br-mediated Hofmann rearrangement",1000.0,12.624,2.345207879911715,165.0889711026616,330.45574331892396,1137.9521634043092,2391.188867105156,"newton-wall (no collapse); plateau (c-control; c_red/cb 9.37e-03, c_sub/cb 4.8e-02)","direct-ramp","ok"
"Br-mediated Hofmann rearrangement",1000.0,12.5,2.345207879911715,166.726653696,333.7338642926479,1149.2406488652803,2409.78065323686,"plateau (c-control; c_red/cb 8.56e-03, c_sub/cb 5.0e-02)","c-control","ok"
"Br-mediated Hofmann rearrangement",1000.0,11.778,2.345207879911715,176.9471193071829,354.19199385787897,1219.6899397874001,2533.7621700797617,"plateau (c-control; c_red/cb 8.85e-03, c_sub/cb 6.0e-02)","c-control","ok"
"Br-mediated Hofmann rearrangement",1000.0,10.992,2.345207879911715,189.59999737991265,379.5190414536114,1306.9057597176127,2680.3280783112277,"plateau (c-control; c_red/cb 8.92e-03, c_sub/cb 7.4e-02)","c-control","ok"
"Br-mediated Hofmann rearrangement",1000.0,8.0,2.345207879911715,260.5103964,521.6759926758805,1795.6885138520001,3341.6550765543698,"newton-wall (no collapse); plateau (c-control; c_red/cb 6.42e-03, c_sub/cb 1.8e-01)","direct-ramp","ok"
