k_M,ilim_mAcm2,limiter,saveant_mAcm2,xk_um
0.01,1.1875773709002873,"newton-wall (no collapse)",0.3342349944183025,346.41016151377545
0.1,1.4493005218168293,"newton-wall (no collapse)",1.056943856095501,109.54451150103323
1.0,3.2412511166990097,"mediator",3.3423499441830247,34.64101615137755
10.0,9.48061897356995,"mediator",10.569438560955009,10.954451150103322
100.0,23.984505254032484,"newton-wall (no collapse)",33.423499441830245,3.464101615137755
300.0,33.25773073349239,"newton-wall (no collapse)",57.891199199999996,2.0
1000.0,41.863150328271985,"mediator",105.6943856095501,1.0954451150103321
3000.0,46.375128763083275,"newton-wall (no collapse)",183.06804595051756,0.6324555320336759
10000.0,29.259807803957855,"newton-wall (no collapse)",334.2349944183025,0.34641016151377546
100000.0,19.284042080795974,"newton-wall (no collapse)",1056.943856095501,0.10954451150103321
