case,x_um,c_S_norm,phi_mV
SR0,0.8333333333333334,0.10749999999999937,57.28071625181509
SR0,2.5,0.12249999999999928,53.92951027527838
SR0,4.166666666666667,0.1374999999999993,50.964981911418995
SR0,5.833333333333333,0.15249999999999933,48.30712889554506
SR0,7.5,0.16749999999999934,45.898449599909306
SR0,9.166666666666666,0.18249999999999933,43.69622852961376
SR0,10.833333333333334,0.1974999999999993,41.66786701749944
SR0,12.5,0.2124999999999993,39.787922201393485
SR0,14.166666666666666,0.22749999999999931,38.036155440931125
SR0,15.833333333333334,0.24249999999999935,36.39620358007274
SR0,17.5,0.25749999999999934,34.85464883086586
SR0,19.166666666666668,0.2724999999999994,33.400351897651824
SR0,20.833333333333332,0.28749999999999926,32.02396372871711
SR0,22.5,0.30249999999999955,30.717561398880772
SR0,24.166666666666668,0.3174999999999994,29.47437208500426
SR0,25.833333333333332,0.33249999999999935,28.288560739460507
SR0,27.5,0.3474999999999996,27.1550646003378
SR0,29.166666666666668,0.3624999999999996,26.069462664276617
SR0,30.833333333333336,0.37749999999999967,25.027871617515217
SR0,32.5,0.3924999999999995,24.026862040108153
SR0,34.166666666666664,0.4074999999999996,23.063390321853852
SR0,35.833333333333336,0.4224999999999996,22.1347428825726
SR0,37.5,0.4374999999999994,21.23849012140581
SR0,39.166666666666664,0.45249999999999974,20.372448127469365
SR0,40.833333333333336,0.46749999999999964,19.534646633335193
SR0,42.5,0.48249999999999954,18.723302028489467
SR0,44.166666666666664,0.4974999999999995,17.93679450338392
SR0,45.833333333333336,0.5124999999999996,17.173648587934967
SR0,47.5,0.5274999999999995,16.432516496970127
SR0,49.166666666666664,0.5424999999999995,15.712163810424853
SR0,50.833333333333336,0.5574999999999996,15.011457106239911
SR0,52.5,0.5724999999999997,14.329353234909435
SR0,54.166666666666664,0.5874999999999995,13.664889980940952
SR0,55.833333333333336,0.6024999999999999,13.017177901442265
SR0,57.5,0.6174999999999995,12.385393168160759
SR0,59.166666666666664,0.6324999999999994,11.768771268478009
SR0,60.833333333333336,0.6474999999999997,11.166601444569073
SR0,62.5,0.6624999999999999,10.578221769299272
SR0,64.16666666666666,0.6774999999999994,10.003014773326557
SR0,65.83333333333334,0.6925,9.44040355098828
SR0,67.5,0.7075,8.889848283414397
SR0,69.16666666666666,0.7225000000000001,8.350843126349055
SR0,70.83333333333334,0.7374999999999996,7.822913417716563
SR0,72.5,0.7524999999999996,7.305613166304861
SR0,74.16666666666666,0.7674999999999997,6.798522788276283
SR0,75.83333333333334,0.7824999999999998,6.301247062725677
SR0,77.5,0.7974999999999998,5.813413281331096
SR0,79.16666666666666,0.8124999999999998,5.334669570397284
SR0,80.83333333333334,0.8274999999999999,4.864683366370797
SR0,82.5,0.8424999999999999,4.4031400282849065
SR0,84.16666666666666,0.8574999999999996,3.9497415726358254
SR0,85.83333333333334,0.8724999999999997,3.5042055179517573
SR0,87.5,0.8875000000000001,3.066263827836168
SR0,89.16666666666666,0.9024999999999996,2.6356619425828502
SR0,90.83333333333334,0.9174999999999995,2.2121578906029393
SR0,92.5,0.9325000000000003,1.7955214718983783
SR0,94.16666666666666,0.9474999999999999,1.3855335066837837
SR0,95.83333333333334,0.9625000000000004,0.9819851430170623
SR0,97.5,0.9775,0.5846772179637437
SR0,99.16666666666666,0.9925000000000004,0.193419667403623
SR10,0.8333333333333334,0.1131677652900826,1.0857697511159123
SR10,2.5,0.1283801786429245,1.0671372028254795
SR10,4.166666666666667,0.1435816352197531,1.0485181572769569
SR10,5.833333333333333,0.15877215881536044,1.0299125949140264
SR10,7.5,0.17395177315568836,1.011320496222828
SR10,9.166666666666666,0.18912050189807733,0.992741841731831
SR10,10.833333333333334,0.2042783686315143,0.9741766120117176
SR10,12.5,0.2194253968768793,0.9556247876752532
SR10,14.166666666666666,0.2345616100871906,0.937086349377177
SR10,15.833333333333334,0.2496870316478501,0.9185612778140653
SR10,17.5,0.2648016848768863,0.9000495537242247
SR10,19.166666666666668,0.2799055930251972,0.8815511578875671
SR10,20.833333333333332,0.29499877927679075,0.8630660711254843
SR10,22.5,0.31008126674902664,0.8445942743007365
SR10,24.166666666666668,0.32515307849285424,0.8261357483173332
SR10,25.833333333333332,0.3402142374930516,0.8076904741204083
SR10,27.5,0.3552647666684632,0.7892584326961087
SR10,29.166666666666668,0.3703046888722347,0.7708396050714736
SR10,30.833333333333336,0.3853340268920499,0.752433972314313
SR10,32.5,0.40035280345036406,0.7340415155331033
SR10,34.166666666666664,0.4153610412046371,0.7156622158768607
SR10,35.833333333333336,0.43035876274756585,0.6972960545350217
SR10,37.5,0.44534599060731533,0.678943012737345
SR10,39.166666666666664,0.46032274724774985,0.660603071753773
SR10,40.833333333333336,0.4752890550686609,0.6422762128943406
SR10,42.5,0.49024493640599554,0.6239624175090408
SR10,44.166666666666664,0.5051904135320849,0.6056616669877247
SR10,45.833333333333336,0.5201255086558696,0.5873739427599836
SR10,47.5,0.5350502439231245,0.5690992262950274
SR10,49.166666666666664,0.549964641416686,0.5508374991015929
SR10,50.833333333333336,0.5648687231566708,0.5325887427278047
SR10,52.5,0.5797625111007026,0.5143529387610882
SR10,54.166666666666664,0.5946460271441315,0.4961300688280381
SR10,55.833333333333336,0.6095192931202544,0.4779201145943248
SR10,57.5,0.6243823308005376,0.45972305776456907
SR10,59.166666666666664,0.6392351618948307,0.4415388800822399
SR10,60.833333333333336,0.6540778080515883,0.42336756332954234
SR10,62.5,0.6689102908580862,0.40520908932730876
SR10,64.16666666666666,0.6837326318406353,0.387063439934888
SR10,65.83333333333334,0.6985448524647994,0.3689305970500399
SR10,67.5,0.7133469741356069,0.3508105426088233
SR10,69.16666666666666,0.7281390181977672,0.3327032585854901
SR10,70.83333333333334,0.7429210059358787,0.31460872699237646
SR10,72.5,0.7576929585746442,0.2965269298797987
SR10,74.16666666666666,0.7724548972790789,0.27845784933594064
SR10,75.83333333333334,0.7872068431547211,0.26040146748675114
SR10,77.5,0.8019488172478428,0.24235776649584165
SR10,79.16666666666666,0.8166808405456527,0.22432672856437338
SR10,80.83333333333334,0.8314029339765076,0.20630833593095257
SR10,82.5,0.846115118410117,0.18830257087153138
SR10,84.16666666666666,0.8608174146577501,0.17030941569930058
SR10,85.83333333333334,0.8755098434724363,0.15232885276457922
SR10,87.5,0.8901924255491716,0.1343608644547197
SR10,89.16666666666666,0.9048651815251215,0.11640543319400354
SR10,90.83333333333334,0.919528131979823,0.09846254144352828
SR10,92.5,0.9341812974353831,0.08053217170111704
SR10,94.16666666666666,0.9488246983566819,0.06261430650120824
SR10,95.83333333333334,0.96345835515157,0.04470892841475808
SR10,97.5,0.9780822881710695,0.026816020049132402
SR10,99.16666666666666,0.9926965177095668,0.008935564048017038
