k_M,x_um,c_red_norm,c_ox_norm,c_S_norm
1.0,0.015000000000000048,0.10500783937314011,0.8567741724801683,0.9610815828906261
1.0,0.04591296027258255,0.1057852730724855,0.8560572734523252,0.9610815981634191
1.0,0.07870740752095076,0.10660930892250735,0.8552973538782422,0.9610816315398905
1.0,0.1134978566025896,0.10748269427424381,0.854491871692097,0.961081686258938
1.0,0.15040579220935088,0.10840833266254883,0.8536381395807944,0.9610817660213347
1.0,0.189560093079579,0.10938929195496243,0.8527333173121635,0.9610818750504143
1.0,0.2310974820294909,0.11042881283142394,0.851774403738997,0.9610820181604047
1.0,0.27516300337527433,0.11153031759522596,0.8507582284763859,0.961082200833368
1.0,0.3219105294130132,0.11269741931334029,0.8496814432516562,0.9610824293057818
1.0,0.3715032977250165,0.1139339312815906,0.84854051292843,0.9610827106659455
1.0,0.42411448118876927,0.11524387680705053,0.8473317062089004,0.9610830529635321
1.0,0.4799277926789188,0.11663149929645722,0.8460510860214342,0.9610834653327494
1.0,0.5391381265738532,0.11810127263528866,0.8446944996041237,0.9610839581307579
1.0,0.6019522393069484,0.11965791183739607,0.8432575682989485,0.9610845430931836
1.0,0.6685894713388988,0.12130638393963702,0.8417356770758705,0.9610852335087693
1.0,0.7392825130721844,0.12305191910974651,0.8401239638115301,0.9610860444154579
1.0,0.8142782173821699,0.12490002192862674,0.8384173083533071,0.9610869928204376
1.0,0.8938384616021123,0.1268564828002448,0.8366103214064509,0.9610880979470161
1.0,0.9782410619720386,0.12892738943330267,0.8346973332898712,0.9610893815114444
1.0,1.0677807437446578,0.13111913832868655,0.8326723826150833,0.9610908680332401
1.0,1.1627701703358153,0.1334384461952994,0.8305292049528594,0.9610925851828872
1.0,1.2635410351131797,0.13589236120412568,0.8282612215634281,0.9610945641712548
1.0,1.3704452196355779,0.13848827397614255,0.825861528278746,0.961096840185555
1.0,1.483856022387427,0.14123392818386482,0.8233228846395158,0.9610994528771453
1.0,1.6041694622988845,0.14413743062875803,0.8206377034054226,0.9611024469070937
1.0,1.7318056616034678,0.14720726063736134,0.8177980405745965,0.9611058725560198
1.0,1.8672103128619506,0.15045227859759508,0.8147955860677442,0.9611097864054121
1.0,2.0108562352752246,0.1538817334332857,0.8116216552538533,0.9611142520983641
1.0,2.1632450257206166,0.157505268789305,0.8082671815179875,0.9611193411884801
1.0,2.324908810276911,0.16133292767180854,0.8047227100975801,0.9611251340865552
1.0,2.4964121023542196,0.16537515525780164,0.8009783934419141,0.9611317211155955
1.0,2.678353773917107,0.16964279955561812,0.7970239883802338,0.9611392036857249
1.0,2.87136914668427,0.17414710956287122,0.792848855417222,0.9611476956016345
1.0,3.0761322106070406,0.17889973053108105,0.788441960510444,0.961157324516353
1.0,3.2933579773733936,0.1839126959066077,0.7837918797227535,0.9611682335463512
1.0,3.5238049771556756,0.1891984154759247,0.7788868071835235,0.9611805830642766
1.0,3.7682779073204253,0.19476965919994615,0.7737145668357112,0.9611945526869375
1.0,4.027630442349324,0.20063953617747785,0.7682626284909649,0.9612103434775846
1.0,4.302768214783217,0.2068214681324639,0.7625181287618124,0.9612281803829177
1.0,4.594651977598375,0.21332915677426284,0.7564678974879386,0.9612483149267504
1.0,4.904300959057674,0.22017654433564532,0.7500984903219412,0.9612710281836687
1.0,5.2327964217515,0.22737776655072342,0.7433962281878106,0.9612966340574832
1.0,5.581285438256196,0.23494709729604324,0.7363472443715972,0.961325482890616
1.0,5.950984896594233,0.2428988840843512,0.7289375400467372,0.9613579654318366
1.0,6.343185749482793,0.2512474735742143,0.7211530490745993,0.9613945171908946
1.0,6.759257522208699,0.2600071262422494,0.7129797129516651,0.9614356232094617
1.0,7.2006530948707175,0.2691919193612052,0.7044035667957483,0.9614818232784872
1.0,7.668913775688347,0.2788156374400141,0.6954108372715585,0.9615337176322843
1.0,8.16567468309257,0.2888916493152594,0.685988053346912,0.9615919731495091
1.0,8.692670455392264,0.29943277114189487,0.6761221707405825,0.9616573300904359
1.0,9.251741307953855,0.31045111461979336,0.6658007108659484,0.9617306093985024
1.0,9.844839459045279,0.3219579199176589,0.6550119149853507,0.9618127205918114
1.0,10.474035946782607,0.3339633729235784,0.6437449141616626,0.9619046702670508
1.0,11.141527860983437,0.3464764066691396,0.6319899154184183,0.962007571233882
1.0,11.849646015179959,0.35950448704933546,0.6197384042895558,0.9621226522921161
1.0,12.600863085581533,0.37305338330156423,0.60698336364522,0.962251268656744
1.0,13.397802245407265,0.3871269241224014,0.5937195083112042,0.962394913026905
1.0,14.243246324738736,0.4017267407990649,0.5799435345460832,0.962555227283945
1.0,15.140147527878183,0.416851999322017,0.565654382891075,0.9627340147907074
1.0,16.09163774214414,0.4324991241338795,0.55085351225234,0.9629332532488272
1.0,17.101039474101814,0.4486615169647578,0.5355451823033456,0.9631551080529596
1.0,18.171877451416368,0.4653292751107399,0.5197367403964768,0.9634019460604629
1.0,19.307890930841637,0.48248891453439596,0.5034389081402064,0.9636763496719084
1.0,20.513046755322463,0.5001231043046135,0.4866660616248688,0.9639811310919676
1.0,21.79155320580477,0.5182104201461286,0.4694364979634546,0.9643193466117229
1.0,23.147874696122457,0.536725126231182,0.4517726793544499,0.9646943107224559
1.0,24.586747362274135,0.5556369958077464,0.43370144427641505,0.9651096098376253
1.0,26.113195600525895,0.5749111828081814,0.41525417369800177,0.9655691153644796
1.0,27.732549612089464,0.5945081582040062,0.39646689834578847,0.9660769958298095
1.0,29.45046401564,0.6143837265512649,0.3773803311317093,0.9666377277261753
1.0,31.27293759266645,0.6344891398944961,0.3580398068177258,0.967256104705841
1.0,33.206334234603325,0.6547713279625396,0.3384951088978089,0.9679372447096731
1.0,35.25740516488903,0.675173265411926,0.31880016150174617,0.9686865945770393
1.0,37.43331251354804,0.6956344988016755,0.29901256183853164,0.9695099316391813
1.0,39.74165432661676,0.7160918581190896,0.27919292621587377,0.9704133617501128
1.0,42.19049109774365,0.7364803802060045,0.25940401983154826,0.9714033131514063
1.0,44.788373914609075,0.7567344746741436,0.2397096370384621,0.9724865254927196
1.0,47.54437431844933,0.7767893673546289,0.2201731941489109,0.9736700332263336
1.0,50.46811598095139,0.7965828627937943,0.20085599028103376,0.974961142442406
1.0,53.569808309130686,0.8160574769989782,0.181815082041421,0.9763673999828694
1.0,56.86028209553673,0.8351630063864341,0.1631007031152524,0.9778965533220051
1.0,60.35102733827361,0.8538596214345852,0.14475313727455366,0.9795564991648128
1.0,64.05423336289881,0.8721216080026333,0.12679891866452703,0.9813552178919176
1.0,67.98283138630205,0.889941931776446,0.10924618008939735,0.9833006897245531
1.0,72.15053967119282,0.9073378810808433,0.09207888872547787,0.9854007865736699
1.0,76.57191142887142,0.9243581643329628,0.07524958451899952,0.9876631306378186
1.0,81.26238563755528,0.9410920221005779,0.058670046817763145,0.9900949064117284
1.0,86.2383409537125,0.9576811931966839,0.04219902418341873,0.9927026060664057
1.0,91.51715290465617,0.9743360014487703,0.025625714822607948,0.9954916779151746
1.0,97.11725456210948,0.9913574873944881,0.008646990403827211,0.9984660319042342
100.0,0.015000000000000048,0.14083645994602484,0.8264991186641746,0.5734906879684074
100.0,0.04591296027258255,0.14655989638091357,0.8211686779094224,0.573491567113612
100.0,0.07870740752095076,0.15259072420145625,0.8155495837255229,0.5734934828060106
100.0,0.1134978566025896,0.15894283005880763,0.8096285133365901,0.5734966138722
100.0,0.15040579220935088,0.16563039943224517,0.8033918202632802,0.5735011631357451
100.0,0.189560093079579,0.17266787695770758,0.7968255673272095,0.5735073602663537
100.0,0.2310974820294909,0.1800699189820611,0.7899155667505027,0.5735154649310991
100.0,0.27516300337527433,0.18785133752242705,0.782647428151578,0.5735257702744088
100.0,0.3219105294130132,0.19602703476869468,0.7750066152881605,0.5735386067549662
100.0,0.3715032977250165,0.20461192723230628,0.7669785124445041,0.5735543463689512
100.0,0.42411448118876927,0.2136208586178797,0.7585485013999214,0.5735734072901834
100.0,0.4799277926789188,0.2230685004790019,0.7497020499474509,0.5735962589585837
100.0,0.5391381265738532,0.23296923971882463,0.7404248129519424,0.5736234276489582
100.0,0.6019522393069484,0.2433370520136821,0.7307027469424494,0.5736555025522284
100.0,0.6685894713388988,0.25418536027813143,0.7205222392205616,0.5736931424009065
100.0,0.7392825130721844,0.2655268773574717,0.7098702524293671,0.5737370826696134
100.0,0.8142782173821699,0.2773734322343766,0.6987344854617463,0.57378814337973
100.0,0.8938384616021123,0.289735779175809,0.6871035514854231,0.5738472375346384
100.0,0.9782410619720386,0.30262338943143013,0.6749671737188184,0.5739153802083375
100.0,1.0677807437446578,0.31604422533226606,0.6623163993986165,0.5739936983053573
100.0,1.1627701703358153,0.33000449693579387,0.649143832128888,0.5740834410035958
100.0,1.2635410351131797,0.3445084017283121,0.6354438824838435,0.574185990883905
100.0,1.3704452196355779,0.3595578483348354,0.6212130363428181,0.574302875740653
100.0,1.483856022387427,0.3751521657076614,0.6064501399578196,0.574435781056057
100.0,1.6041694622988845,0.39128779987319795,0.5911567001822795,0.5745865631075509
100.0,1.7318056616034678,0.4079580010170785,0.5753371976167748,0.5747572626618326
100.0,1.8672103128619506,0.4251525044823542,0.5589994096473736,0.5749501191913823
100.0,2.0108562352752246,0.4428572101439161,0.5421547394613366,0.5751675855292538
100.0,2.1632450257206166,0.46105386559954875,0.5248185461232566,0.5754123428558585
100.0,2.324908810276911,0.47971975967428343,0.5070104696873676,0.5756873158876189
100.0,2.4964121023542196,0.4988274338537078,0.48875474412018016,0.5759956881120563
100.0,2.678353773917107,0.5183444204195765,0.4700804895314901,0.5763409168877746
100.0,2.87136914668427,0.538233017224159,0.4510219738909472,0.5767267482016428
100.0,3.0761322106070406,0.5584501101644916,0.4316188330835321,0.577157230850368
100.0,3.2933579773733936,0.5789470554483911,0.4119162368862602,0.5776367297908929
100.0,3.5238049771556756,0.5996696346123745,0.3919649873015287,0.5781699383853308
100.0,3.7682779073204253,0.6205580958759435,0.3718215347479443,0.5787618892533957
100.0,4.027630442349324,0.6415472957024705,0.3515478969925222,0.5794179634408032
100.0,4.302768214783217,0.6625669542781101,0.3312114655305696,0.5801438976184482
100.0,4.594651977598375,0.6835420379015935,0.3108846845169573,0.5809457890470814
100.0,4.904300959057674,0.7043932798797754,0.29064458846976005,0.5818300980785863
100.0,5.2327964217515,0.7250378493283642,0.27057218695133844,0.5828036480206605
100.0,5.581285438256196,0.745390174176856,0.2507516874214654,0.5838736222693051
100.0,5.950984896594233,0.7653629205853653,0.23126955156872753,0.5850475587150883
100.0,6.343185749482793,0.7848681258482646,0.2122133857377518,0.586333341555944
100.0,6.759257522208699,0.8038184756860526,0.19367067259949305,0.5877391908012155
100.0,7.2006530948707175,0.8221287096823904,0.175727358897547,0.5892736499271788
100.0,7.668913775688347,0.8397171306644227,0.15846632277970885,0.5909455723395648
100.0,8.16567468309257,0.856507185311834,0.14196575360176228,0.5927641075074546
100.0,8.692670455392264,0.8724290745911285,0.12629748674228589,0.5947386878462723
100.0,9.251741307953855,0.8874213442476048,0.11152534532121874,0.5968790176334637
100.0,9.844839459045279,0.9014323981699717,0.0977035490621608,0.5991950654238839
100.0,10.474035946782607,0.9144218716960563,0.08487525705782063,0.6016970615755909
100.0,11.141527860983437,0.9263617986454145,0.07307131500202652,0.6043955025816495
100.0,11.849646015179959,0.9372375058520269,0.06230927765431725,0.6073011639103031
100.0,12.600863085581533,0.9470481729712935,0.0525927731101087,0.610425122966748
100.0,13.397802245407265,0.9558070039355042,0.04391126626617252,0.6137787935906183
100.0,14.243246324738736,0.9635409699486699,0.0362402644200182,0.6173739731866357
100.0,15.140147527878183,0.9702901022814208,0.029541988376359286,0.6212229031531986
100.0,16.09163774214414,0.9761063358023462,0.023766508433701733,0.6253383427381839
100.0,17.101039474101814,0.981051930060264,0.018853317450100642,0.6297336558393939
100.0,18.171877451416368,0.9851975221333434,0.014733284677570757,0.6344229096192352
100.0,19.307890930841637,0.9886198921854309,0.011330906543891036,0.6394209831722406
100.0,20.513046755322463,0.9913995461416627,0.008566746708995024,0.6447436839317356
100.0,21.79155320580477,0.9936182374068909,0.006359940257567716,0.6504078690933796
100.0,23.147874696122457,0.9953565585927654,0.004630628268597608,0.6564315691287079
100.0,24.586747362274135,0.9966917328695786,0.003302191040778194,0.6628341105073622
100.0,26.113195600525895,0.9976957218697692,0.0023031617534292905,0.6696362350651881
100.0,27.732549612089464,0.9984337433888454,0.0015687268097932285,0.6768602140385711
100.0,29.45046401564,0.9989632592683945,0.0010417526084312233,0.6845299555897383
100.0,31.27293759266645,0.9993334550269646,0.0006733177221310964,0.6926711055960938
100.0,33.206334234603325,0.9995851923416478,0.0004227701014388826,0.7013111424654648
100.0,35.25740516488903,0.9997513782057504,0.00025736616692815915,0.7104794676525426
100.0,37.43331251354804,0.9998576650823008,0.00015157799379213356,0.7202074942798637
100.0,39.74165432661676,0.9999233781751842,8.617276940048102e-5,0.7305287367245306
100.0,42.19049109774365,0.999962560856309,4.717358297647939e-5,0.7414789041762998
100.0,44.788373914609075,0.9999850370225871,2.4802728385733548e-5,0.7530960010107679
100.0,47.54437431844933,0.9999974073657117,1.2490427816740419e-5,0.7654204364095878
100.0,50.46811598095139,1.0000039213281577,6.007099780430682e-6,0.7784951450914307
100.0,53.569808309130686,1.0000071932965822,2.7505692908620777e-6,0.7923657204031191
100.0,56.86028209553673,1.0000087560314888,1.195239936310442e-6,0.8070805604637246
100.0,60.35102733827361,1.0000094632590613,4.913834740440276e-7,0.8226910276320993
100.0,64.05423336289881,1.0000097651862039,1.9090902421960514e-7,0.8392516213181689
100.0,67.98283138630205,1.000009885506768,7.118306011197968e-8,0.8568201640788835
100.0,72.15053967119282,1.0000099274742902,2.9458895091739305e-8,0.8754580010016738
100.0,76.57191142887142,1.0000099312238209,2.5851959401218413e-8,0.8952302125481576
100.0,81.26238563755528,1.0000098940239552,6.329694748089268e-8,0.9162058413257738
100.0,86.2383409537125,1.0000097384343007,2.1971683827861505e-7,0.9384581339414987
100.0,91.51715290465617,1.0000091086990521,8.528101795763738e-7,0.9620648016515778
100.0,97.11725456210948,1.000006359751275,3.6166997541979785e-6,0.9871083159553703
1000.0,0.015000000000000048,0.26975943700141064,0.7080932326330777,0.23729724513712924
1000.0,0.04591296027258255,0.27968074378604235,0.6987186367475109,0.23730036169349764
1000.0,0.07870740752095076,0.2900616893759958,0.6889028886932491,0.2373071290189963
1000.0,0.1134978566025896,0.3009144358657588,0.6786335288065909,0.23731814883498653
1000.0,0.15040579220935088,0.31225030304833845,0.6678988134742755,0.23733409746685935
1000.0,0.189560093079579,0.32407958651442287,0.656687886270482,0.237355733519977
1000.0,0.2310974820294909,0.33641135908751524,0.644990966047278,0.23738390615702895
1000.0,0.27516300337527433,0.3492532554247282,0.6327995523971403,0.23741956399315484
1000.0,0.3219105294130132,0.3626112398874631,0.6201066486704402,0.23746376461934307
1000.0,0.3715032977250165,0.3764893581231633,0.6069070024330385,0.2375176847573137
1000.0,0.42411448118876927,0.3908894732056758,0.5931973628809236,0.23758263104019012
1000.0,0.4799277926789188,0.4058109876640915,0.578976754281732,0.2376600514025714
1000.0,0.5391381265738532,0.42125055329419475,0.5642467639788191,0.23775154705102663
1000.0,0.6019522393069484,0.4372017712975075,0.5490118428648874,0.23785888497140922
1000.0,0.6685894713388988,0.4536548860333314,0.5332796155029368,0.23798401091268612
1000.0,0.7392825130721844,0.4705964764995355,0.5170611962385405,0.2381290627681804
1000.0,0.8142782173821699,0.4880091505751655,0.5003715067082374,0.23829638425429706
1000.0,0.8938384616021123,0.5058712480549163,0.48322958910751146,0.2384885387641591
1000.0,0.9782410619720386,0.5241565595692503,0.46565890844724117,0.23870832324938554
1000.0,1.0677807437446578,0.5428340695948525,0.44768763581563586,0.2389587819580195
1000.0,1.1627701703358153,0.5618677328904842,0.42934890339833426,0.23924321983099703
1000.0,1.2635410351131797,0.5812162948058607,0.41068102072802876,0.23956521533445957
1000.0,1.3704452196355779,0.6008331669579257,0.3917276403847877,0.2399286324817921
1000.0,1.483856022387427,0.6206663706896809,0.37253786021164464,0.2403376317789868
1000.0,1.6041694622988845,0.6406585614484852,0.3531662481254124,0.24079667981152547
1000.0,1.7318056616034678,0.6607471476570527,0.3336727748853411,0.24131055718254357
1000.0,1.8672103128619506,0.6808645177017596,0.31412263984448147,0.24188436451296735
1000.0,2.0108562352752246,0.7009383882181633,0.29458597487861543,0.24252352622728032
1000.0,2.1632450257206166,0.7208922857927863,0.2751374125064476,0.24323379187646835
1000.0,2.324908810276911,0.7406461723988531,0.25585550583126543,0.2440212347955109
1000.0,2.4964121023542196,0.7601172222197942,0.23682199049695113,0.24489224795945136
1000.0,2.678353773917107,0.7792207538779821,0.21812088249682898,0.2458535369922596
1000.0,2.87136914668427,0.7978713173914741,0.19983741051235357,0.24691211039845376
1000.0,3.0761322106070406,0.8159839293825932,0.18205678755433302,0.24807526722989465
1000.0,3.2933579773733936,0.8334754431712426,0.1648628340285931,0.24935058256900977
1000.0,3.5238049771556756,0.8502660324945287,0.1483364728541915,0.2507458914027826
1000.0,3.7682779073204253,0.8662807588956533,0.1325541267106713,0.2522692716745107
1000.0,4.027630442349324,0.8814511836351044,0.11758605752458007,0.2539290275250293
1000.0,4.302768214783217,0.8957169757528846,0.10349469840788947,0.25573367396088403
1000.0,4.594651977598375,0.9090274592594021,0.090333037748076,0.2576919243992118
1000.0,4.904300959057674,0.9213430351106704,0.07814312317884387,0.25981268271977
1000.0,5.2327964217515,0.9326364085132595,0.06695475876104026,0.2621050415824356
1000.0,5.581285438256196,0.9428935501701148,0.0567844708340081,0.2645782888204893
1000.0,5.950984896594233,0.9521143222903105,0.04763481563506153,0.26724192367281274
1000.0,6.343185749482793,0.9603127074143906,0.039494094042583694,0.27010568445090394
1000.0,6.759257522208699,0.9675165909862311,0.032336525072439455,0.27317958893415545
1000.0,7.2006530948707175,0.9737670673727301,0.026122909886579414,0.2764739883433985
1000.0,7.668913775688347,0.9791172633787875,0.020801792494487707,0.2799996351658835
1000.0,8.16567468309257,0.9836307022151699,0.016311093205073735,0.28376776441895946
1000.0,8.692670455392264,0.9873792625562414,0.012580158169475008,0.28779018718781785
1000.0,9.251741307953855,0.9904408192028475,0.00953213574868979,0.2920793945165165
1000.0,9.844839459045279,0.9928966807325814,0.007086561240398951,0.296648669048163
1000.0,10.474035946782607,0.9948289618145587,0.005162009287199198,0.30151220128510225
1000.0,11.141527860983437,0.9963180401201726,0.0036786614802246896,0.3066852070565053
1000.0,11.849646015179959,0.9974402471603645,0.002560637969435604,0.312184042806491
1000.0,12.600863085581533,0.9982659273664887,0.0017379577028185868,0.31802631568821976
1000.0,13.397802245407265,0.9988579705365239,0.0011480218594389817,0.3242309861628167
1000.0,14.243246324738736,0.9992708817260019,0.0007365566606072533,0.3308184618004954
1000.0,15.140147527878183,0.9995504041811432,0.00045800056641062074,0.3378106821591375
1000.0,16.09163774214414,0.9997336610041112,0.0002753708750076932,0.34523119582855927
1000.0,17.101039474101814,0.9998497366289734,0.00015968926770333196,0.3531052318154763
1000.0,18.171877451416368,0.9999205860975282,8.907873923132969e-5,0.36145976825543524
1000.0,19.307890930841637,0.9999621430194944,4.766124142596336e-5,0.37032360186661434
1000.0,20.513046755322463,0.9999854976750232,2.4384621308518115e-5,0.3797274215658835
1000.0,21.79155320580477,0.9999980334556549,1.189059846128164e-5,0.38970388928621086
1000.0,23.147874696122457,1.000004438343266,5.507002507300302e-6,0.40028773037206605
1000.0,24.586747362274135,1.0000075421630732,2.4134908105147463e-6,0.4115158351355819
1000.0,26.113195600525895,1.0000089633681997,9.970068241644634e-7,0.4234273723880783
1000.0,27.732549612089464,1.0000095757911205,3.866215944987385e-7,0.43606391514714826
1000.0,29.45046401564,1.0000098231064065,1.4013177924289937e-7,0.44946957833151097
1000.0,31.27293759266645,1.0000099162904719,4.726025560984357e-8,0.46369116810394834
1000.0,33.206334234603325,1.0000099488990926,1.4761752321499783e-8,0.47877834256466056
1000.0,35.25740516488903,1.0000099594469405,4.249845067063035e-9,0.4947837836630072
1000.0,37.43331251354804,1.000009962585421,1.1221799823179227e-9,0.5117633804124494
1000.0,39.74165432661676,1.000009963440172,2.704156611879204e-10,0.5297764237063999
1000.0,42.19049109774365,1.000009963652173,5.916817336892648e-11,0.5488858132114036
1000.0,44.788373914609075,1.0000099636998176,1.169601919232116e-11,0.5691582769507529
1000.0,47.54437431844933,1.0000099637094713,2.0782917145870274e-12,0.5906646042925099
1000.0,50.46811598095139,1.000009963711226,3.303361773529378e-13,0.6134798931326158
1000.0,53.569808309130686,1.0000099637115105,4.6744484612952464e-14,0.6376838121273264
1000.0,56.86028209553673,1.0000099637115514,5.882859585890588e-15,0.6633608788875754
1000.0,60.35102733827361,1.0000099637115567,8.376183926071263e-16,0.6906007551057284
1000.0,64.05423336289881,1.0000099637115556,1.8865586396068896e-15,0.7194985596450307
1000.0,67.98283138630205,1.0000099637115378,2.00155798776511e-14,0.7501552006849497
1000.0,72.15053967119282,1.0000099637113078,2.5119196622840775e-13,0.7826777280822242
1000.0,76.57191142887142,1.0000099637079551,3.620444617404121e-12,0.8171797071780851
1000.0,81.26238563755528,1.0000099636517596,6.011654483344659e-11,0.8537816153578758
1000.0,86.2383409537125,1.00000996256438,1.1536217901782761e-9,0.8926112627669235
1000.0,91.51715290465617,1.000009938204961,2.565810258183498e-8,0.9338042390984347
1000.0,97.11725456210948,1.0000093046875906,6.631737207577478e-7,0.9775044000741595
