case,delta_um,i_mAcm2,ilim_mAcm2,x_um,c_norm
fan_median,200.0,2.691,13.454,1.2500,0.801250
fan_median,200.0,2.691,13.454,3.7500,0.803750
fan_median,200.0,2.691,13.454,6.2500,0.806250
fan_median,200.0,2.691,13.454,8.7500,0.808750
fan_median,200.0,2.691,13.454,11.2500,0.811250
fan_median,200.0,2.691,13.454,13.7500,0.813750
fan_median,200.0,2.691,13.454,16.2500,0.816250
fan_median,200.0,2.691,13.454,18.7500,0.818750
fan_median,200.0,2.691,13.454,21.2500,0.821250
fan_median,200.0,2.691,13.454,23.7500,0.823750
fan_median,200.0,2.691,13.454,26.2500,0.826250
fan_median,200.0,2.691,13.454,28.7500,0.828750
fan_median,200.0,2.691,13.454,31.2500,0.831250
fan_median,200.0,2.691,13.454,33.7500,0.833750
fan_median,200.0,2.691,13.454,36.2500,0.836250
fan_median,200.0,2.691,13.454,38.7500,0.838750
fan_median,200.0,2.691,13.454,41.2500,0.841250
fan_median,200.0,2.691,13.454,43.7500,0.843750
fan_median,200.0,2.691,13.454,46.2500,0.846250
fan_median,200.0,2.691,13.454,48.7500,0.848750
fan_median,200.0,2.691,13.454,51.2500,0.851250
fan_median,200.0,2.691,13.454,53.7500,0.853750
fan_median,200.0,2.691,13.454,56.2500,0.856250
fan_median,200.0,2.691,13.454,58.7500,0.858750
fan_median,200.0,2.691,13.454,61.2500,0.861250
fan_median,200.0,2.691,13.454,63.7500,0.863750
fan_median,200.0,2.691,13.454,66.2500,0.866250
fan_median,200.0,2.691,13.454,68.7500,0.868750
fan_median,200.0,2.691,13.454,71.2500,0.871250
fan_median,200.0,2.691,13.454,73.7500,0.873750
fan_median,200.0,2.691,13.454,76.2500,0.876250
fan_median,200.0,2.691,13.454,78.7500,0.878750
fan_median,200.0,2.691,13.454,81.2500,0.881250
fan_median,200.0,2.691,13.454,83.7500,0.883750
fan_median,200.0,2.691,13.454,86.2500,0.886250
fan_median,200.0,2.691,13.454,88.7500,0.888750
fan_median,200.0,2.691,13.454,91.2500,0.891250
fan_median,200.0,2.691,13.454,93.7500,0.893750
fan_median,200.0,2.691,13.454,96.2500,0.896250
fan_median,200.0,2.691,13.454,98.7500,0.898750
fan_median,200.0,2.691,13.454,101.2500,0.901250
fan_median,200.0,2.691,13.454,103.7500,0.903750
fan_median,200.0,2.691,13.454,106.2500,0.906250
fan_median,200.0,2.691,13.454,108.7500,0.908750
fan_median,200.0,2.691,13.454,111.2500,0.911250
fan_median,200.0,2.691,13.454,113.7500,0.913750
fan_median,200.0,2.691,13.454,116.2500,0.916250
fan_median,200.0,2.691,13.454,118.7500,0.918750
fan_median,200.0,2.691,13.454,121.2500,0.921250
fan_median,200.0,2.691,13.454,123.7500,0.923750
fan_median,200.0,2.691,13.454,126.2500,0.926250
fan_median,200.0,2.691,13.454,128.7500,0.928750
fan_median,200.0,2.691,13.454,131.2500,0.931250
fan_median,200.0,2.691,13.454,133.7500,0.933750
fan_median,200.0,2.691,13.454,136.2500,0.936250
fan_median,200.0,2.691,13.454,138.7500,0.938750
fan_median,200.0,2.691,13.454,141.2500,0.941250
fan_median,200.0,2.691,13.454,143.7500,0.943750
fan_median,200.0,2.691,13.454,146.2500,0.946250
fan_median,200.0,2.691,13.454,148.7500,0.948750
fan_median,200.0,2.691,13.454,151.2500,0.951250
fan_median,200.0,2.691,13.454,153.7500,0.953750
fan_median,200.0,2.691,13.454,156.2500,0.956250
fan_median,200.0,2.691,13.454,158.7500,0.958750
fan_median,200.0,2.691,13.454,161.2500,0.961250
fan_median,200.0,2.691,13.454,163.7500,0.963750
fan_median,200.0,2.691,13.454,166.2500,0.966250
fan_median,200.0,2.691,13.454,168.7500,0.968750
fan_median,200.0,2.691,13.454,171.2500,0.971250
fan_median,200.0,2.691,13.454,173.7500,0.973750
fan_median,200.0,2.691,13.454,176.2500,0.976250
fan_median,200.0,2.691,13.454,178.7500,0.978750
fan_median,200.0,2.691,13.454,181.2500,0.981250
fan_median,200.0,2.691,13.454,183.7500,0.983750
fan_median,200.0,2.691,13.454,186.2500,0.986250
fan_median,200.0,2.691,13.454,188.7500,0.988750
fan_median,200.0,2.691,13.454,191.2500,0.991250
fan_median,200.0,2.691,13.454,193.7500,0.993750
fan_median,200.0,2.691,13.454,196.2500,0.996250
fan_median,200.0,2.691,13.454,198.7500,0.998750
fan_median,200.0,6.727,13.454,1.2500,0.503125
fan_median,200.0,6.727,13.454,3.7500,0.509375
fan_median,200.0,6.727,13.454,6.2500,0.515625
fan_median,200.0,6.727,13.454,8.7500,0.521875
fan_median,200.0,6.727,13.454,11.2500,0.528125
fan_median,200.0,6.727,13.454,13.7500,0.534375
fan_median,200.0,6.727,13.454,16.2500,0.540625
fan_median,200.0,6.727,13.454,18.7500,0.546875
fan_median,200.0,6.727,13.454,21.2500,0.553125
fan_median,200.0,6.727,13.454,23.7500,0.559375
fan_median,200.0,6.727,13.454,26.2500,0.565625
fan_median,200.0,6.727,13.454,28.7500,0.571875
fan_median,200.0,6.727,13.454,31.2500,0.578125
fan_median,200.0,6.727,13.454,33.7500,0.584375
fan_median,200.0,6.727,13.454,36.2500,0.590625
fan_median,200.0,6.727,13.454,38.7500,0.596875
fan_median,200.0,6.727,13.454,41.2500,0.603125
fan_median,200.0,6.727,13.454,43.7500,0.609375
fan_median,200.0,6.727,13.454,46.2500,0.615625
fan_median,200.0,6.727,13.454,48.7500,0.621875
fan_median,200.0,6.727,13.454,51.2500,0.628125
fan_median,200.0,6.727,13.454,53.7500,0.634375
fan_median,200.0,6.727,13.454,56.2500,0.640625
fan_median,200.0,6.727,13.454,58.7500,0.646875
fan_median,200.0,6.727,13.454,61.2500,0.653125
fan_median,200.0,6.727,13.454,63.7500,0.659375
fan_median,200.0,6.727,13.454,66.2500,0.665625
fan_median,200.0,6.727,13.454,68.7500,0.671875
fan_median,200.0,6.727,13.454,71.2500,0.678125
fan_median,200.0,6.727,13.454,73.7500,0.684375
fan_median,200.0,6.727,13.454,76.2500,0.690625
fan_median,200.0,6.727,13.454,78.7500,0.696875
fan_median,200.0,6.727,13.454,81.2500,0.703125
fan_median,200.0,6.727,13.454,83.7500,0.709375
fan_median,200.0,6.727,13.454,86.2500,0.715625
fan_median,200.0,6.727,13.454,88.7500,0.721875
fan_median,200.0,6.727,13.454,91.2500,0.728125
fan_median,200.0,6.727,13.454,93.7500,0.734375
fan_median,200.0,6.727,13.454,96.2500,0.740625
fan_median,200.0,6.727,13.454,98.7500,0.746875
fan_median,200.0,6.727,13.454,101.2500,0.753125
fan_median,200.0,6.727,13.454,103.7500,0.759375
fan_median,200.0,6.727,13.454,106.2500,0.765625
fan_median,200.0,6.727,13.454,108.7500,0.771875
fan_median,200.0,6.727,13.454,111.2500,0.778125
fan_median,200.0,6.727,13.454,113.7500,0.784375
fan_median,200.0,6.727,13.454,116.2500,0.790625
fan_median,200.0,6.727,13.454,118.7500,0.796875
fan_median,200.0,6.727,13.454,121.2500,0.803125
fan_median,200.0,6.727,13.454,123.7500,0.809375
fan_median,200.0,6.727,13.454,126.2500,0.815625
fan_median,200.0,6.727,13.454,128.7500,0.821875
fan_median,200.0,6.727,13.454,131.2500,0.828125
fan_median,200.0,6.727,13.454,133.7500,0.834375
fan_median,200.0,6.727,13.454,136.2500,0.840625
fan_median,200.0,6.727,13.454,138.7500,0.846875
fan_median,200.0,6.727,13.454,141.2500,0.853125
fan_median,200.0,6.727,13.454,143.7500,0.859375
fan_median,200.0,6.727,13.454,146.2500,0.865625
fan_median,200.0,6.727,13.454,148.7500,0.871875
fan_median,200.0,6.727,13.454,151.2500,0.878125
fan_median,200.0,6.727,13.454,153.7500,0.884375
fan_median,200.0,6.727,13.454,156.2500,0.890625
fan_median,200.0,6.727,13.454,158.7500,0.896875
fan_median,200.0,6.727,13.454,161.2500,0.903125
fan_median,200.0,6.727,13.454,163.7500,0.909375
fan_median,200.0,6.727,13.454,166.2500,0.915625
fan_median,200.0,6.727,13.454,168.7500,0.921875
fan_median,200.0,6.727,13.454,171.2500,0.928125
fan_median,200.0,6.727,13.454,173.7500,0.934375
fan_median,200.0,6.727,13.454,176.2500,0.940625
fan_median,200.0,6.727,13.454,178.7500,0.946875
fan_median,200.0,6.727,13.454,181.2500,0.953125
fan_median,200.0,6.727,13.454,183.7500,0.959375
fan_median,200.0,6.727,13.454,186.2500,0.965625
fan_median,200.0,6.727,13.454,188.7500,0.971875
fan_median,200.0,6.727,13.454,191.2500,0.978125
fan_median,200.0,6.727,13.454,193.7500,0.984375
fan_median,200.0,6.727,13.454,196.2500,0.990625
fan_median,200.0,6.727,13.454,198.7500,0.996875
fan_median,200.0,10.763,13.454,1.2500,0.205000
fan_median,200.0,10.763,13.454,3.7500,0.215000
fan_median,200.0,10.763,13.454,6.2500,0.225000
fan_median,200.0,10.763,13.454,8.7500,0.235000
fan_median,200.0,10.763,13.454,11.2500,0.245000
fan_median,200.0,10.763,13.454,13.7500,0.255000
fan_median,200.0,10.763,13.454,16.2500,0.265000
fan_median,200.0,10.763,13.454,18.7500,0.275000
fan_median,200.0,10.763,13.454,21.2500,0.285000
fan_median,200.0,10.763,13.454,23.7500,0.295000
fan_median,200.0,10.763,13.454,26.2500,0.305000
fan_median,200.0,10.763,13.454,28.7500,0.315000
fan_median,200.0,10.763,13.454,31.2500,0.325000
fan_median,200.0,10.763,13.454,33.7500,0.335000
fan_median,200.0,10.763,13.454,36.2500,0.345000
fan_median,200.0,10.763,13.454,38.7500,0.355000
fan_median,200.0,10.763,13.454,41.2500,0.365000
fan_median,200.0,10.763,13.454,43.7500,0.375000
fan_median,200.0,10.763,13.454,46.2500,0.385000
fan_median,200.0,10.763,13.454,48.7500,0.395000
fan_median,200.0,10.763,13.454,51.2500,0.405000
fan_median,200.0,10.763,13.454,53.7500,0.415000
fan_median,200.0,10.763,13.454,56.2500,0.425000
fan_median,200.0,10.763,13.454,58.7500,0.435000
fan_median,200.0,10.763,13.454,61.2500,0.445000
fan_median,200.0,10.763,13.454,63.7500,0.455000
fan_median,200.0,10.763,13.454,66.2500,0.465000
fan_median,200.0,10.763,13.454,68.7500,0.475000
fan_median,200.0,10.763,13.454,71.2500,0.485000
fan_median,200.0,10.763,13.454,73.7500,0.495000
fan_median,200.0,10.763,13.454,76.2500,0.505000
fan_median,200.0,10.763,13.454,78.7500,0.515000
fan_median,200.0,10.763,13.454,81.2500,0.525000
fan_median,200.0,10.763,13.454,83.7500,0.535000
fan_median,200.0,10.763,13.454,86.2500,0.545000
fan_median,200.0,10.763,13.454,88.7500,0.555000
fan_median,200.0,10.763,13.454,91.2500,0.565000
fan_median,200.0,10.763,13.454,93.7500,0.575000
fan_median,200.0,10.763,13.454,96.2500,0.585000
fan_median,200.0,10.763,13.454,98.7500,0.595000
fan_median,200.0,10.763,13.454,101.2500,0.605000
fan_median,200.0,10.763,13.454,103.7500,0.615000
fan_median,200.0,10.763,13.454,106.2500,0.625000
fan_median,200.0,10.763,13.454,108.7500,0.635000
fan_median,200.0,10.763,13.454,111.2500,0.645000
fan_median,200.0,10.763,13.454,113.7500,0.655000
fan_median,200.0,10.763,13.454,116.2500,0.665000
fan_median,200.0,10.763,13.454,118.7500,0.675000
fan_median,200.0,10.763,13.454,121.2500,0.685000
fan_median,200.0,10.763,13.454,123.7500,0.695000
fan_median,200.0,10.763,13.454,126.2500,0.705000
fan_median,200.0,10.763,13.454,128.7500,0.715000
fan_median,200.0,10.763,13.454,131.2500,0.725000
fan_median,200.0,10.763,13.454,133.7500,0.735000
fan_median,200.0,10.763,13.454,136.2500,0.745000
fan_median,200.0,10.763,13.454,138.7500,0.755000
fan_median,200.0,10.763,13.454,141.2500,0.765000
fan_median,200.0,10.763,13.454,143.7500,0.775000
fan_median,200.0,10.763,13.454,146.2500,0.785000
fan_median,200.0,10.763,13.454,148.7500,0.795000
fan_median,200.0,10.763,13.454,151.2500,0.805000
fan_median,200.0,10.763,13.454,153.7500,0.815000
fan_median,200.0,10.763,13.454,156.2500,0.825000
fan_median,200.0,10.763,13.454,158.7500,0.835000
fan_median,200.0,10.763,13.454,161.2500,0.845000
fan_median,200.0,10.763,13.454,163.7500,0.855000
fan_median,200.0,10.763,13.454,166.2500,0.865000
fan_median,200.0,10.763,13.454,168.7500,0.875000
fan_median,200.0,10.763,13.454,171.2500,0.885000
fan_median,200.0,10.763,13.454,173.7500,0.895000
fan_median,200.0,10.763,13.454,176.2500,0.905000
fan_median,200.0,10.763,13.454,178.7500,0.915000
fan_median,200.0,10.763,13.454,181.2500,0.925000
fan_median,200.0,10.763,13.454,183.7500,0.935000
fan_median,200.0,10.763,13.454,186.2500,0.945000
fan_median,200.0,10.763,13.454,188.7500,0.955000
fan_median,200.0,10.763,13.454,191.2500,0.965000
fan_median,200.0,10.763,13.454,193.7500,0.975000
fan_median,200.0,10.763,13.454,196.2500,0.985000
fan_median,200.0,10.763,13.454,198.7500,0.995000
fan_median,200.0,12.781,13.454,1.2500,0.055938
fan_median,200.0,12.781,13.454,3.7500,0.067813
fan_median,200.0,12.781,13.454,6.2500,0.079688
fan_median,200.0,12.781,13.454,8.7500,0.091563
fan_median,200.0,12.781,13.454,11.2500,0.103438
fan_median,200.0,12.781,13.454,13.7500,0.115313
fan_median,200.0,12.781,13.454,16.2500,0.127188
fan_median,200.0,12.781,13.454,18.7500,0.139063
fan_median,200.0,12.781,13.454,21.2500,0.150938
fan_median,200.0,12.781,13.454,23.7500,0.162813
fan_median,200.0,12.781,13.454,26.2500,0.174688
fan_median,200.0,12.781,13.454,28.7500,0.186563
fan_median,200.0,12.781,13.454,31.2500,0.198438
fan_median,200.0,12.781,13.454,33.7500,0.210313
fan_median,200.0,12.781,13.454,36.2500,0.222188
fan_median,200.0,12.781,13.454,38.7500,0.234063
fan_median,200.0,12.781,13.454,41.2500,0.245937
fan_median,200.0,12.781,13.454,43.7500,0.257813
fan_median,200.0,12.781,13.454,46.2500,0.269687
fan_median,200.0,12.781,13.454,48.7500,0.281562
fan_median,200.0,12.781,13.454,51.2500,0.293438
fan_median,200.0,12.781,13.454,53.7500,0.305312
fan_median,200.0,12.781,13.454,56.2500,0.317188
fan_median,200.0,12.781,13.454,58.7500,0.329062
fan_median,200.0,12.781,13.454,61.2500,0.340937
fan_median,200.0,12.781,13.454,63.7500,0.352812
fan_median,200.0,12.781,13.454,66.2500,0.364687
fan_median,200.0,12.781,13.454,68.7500,0.376563
fan_median,200.0,12.781,13.454,71.2500,0.388437
fan_median,200.0,12.781,13.454,73.7500,0.400313
fan_median,200.0,12.781,13.454,76.2500,0.412187
fan_median,200.0,12.781,13.454,78.7500,0.424062
fan_median,200.0,12.781,13.454,81.2500,0.435937
fan_median,200.0,12.781,13.454,83.7500,0.447813
fan_median,200.0,12.781,13.454,86.2500,0.459688
fan_median,200.0,12.781,13.454,88.7500,0.471562
fan_median,200.0,12.781,13.454,91.2500,0.483437
fan_median,200.0,12.781,13.454,93.7500,0.495312
fan_median,200.0,12.781,13.454,96.2500,0.507187
fan_median,200.0,12.781,13.454,98.7500,0.519063
fan_median,200.0,12.781,13.454,101.2500,0.530937
fan_median,200.0,12.781,13.454,103.7500,0.542812
fan_median,200.0,12.781,13.454,106.2500,0.554687
fan_median,200.0,12.781,13.454,108.7500,0.566563
fan_median,200.0,12.781,13.454,111.2500,0.578438
fan_median,200.0,12.781,13.454,113.7500,0.590313
fan_median,200.0,12.781,13.454,116.2500,0.602187
fan_median,200.0,12.781,13.454,118.7500,0.614062
fan_median,200.0,12.781,13.454,121.2500,0.625938
fan_median,200.0,12.781,13.454,123.7500,0.637812
fan_median,200.0,12.781,13.454,126.2500,0.649687
fan_median,200.0,12.781,13.454,128.7500,0.661563
fan_median,200.0,12.781,13.454,131.2500,0.673438
fan_median,200.0,12.781,13.454,133.7500,0.685313
fan_median,200.0,12.781,13.454,136.2500,0.697187
fan_median,200.0,12.781,13.454,138.7500,0.709063
fan_median,200.0,12.781,13.454,141.2500,0.720938
fan_median,200.0,12.781,13.454,143.7500,0.732813
fan_median,200.0,12.781,13.454,146.2500,0.744687
fan_median,200.0,12.781,13.454,148.7500,0.756563
fan_median,200.0,12.781,13.454,151.2500,0.768437
fan_median,200.0,12.781,13.454,153.7500,0.780312
fan_median,200.0,12.781,13.454,156.2500,0.792188
fan_median,200.0,12.781,13.454,158.7500,0.804063
fan_median,200.0,12.781,13.454,161.2500,0.815938
fan_median,200.0,12.781,13.454,163.7500,0.827812
fan_median,200.0,12.781,13.454,166.2500,0.839687
fan_median,200.0,12.781,13.454,168.7500,0.851562
fan_median,200.0,12.781,13.454,171.2500,0.863437
fan_median,200.0,12.781,13.454,173.7500,0.875312
fan_median,200.0,12.781,13.454,176.2500,0.887188
fan_median,200.0,12.781,13.454,178.7500,0.899063
fan_median,200.0,12.781,13.454,181.2500,0.910937
fan_median,200.0,12.781,13.454,183.7500,0.922813
fan_median,200.0,12.781,13.454,186.2500,0.934687
fan_median,200.0,12.781,13.454,188.7500,0.946562
fan_median,200.0,12.781,13.454,191.2500,0.958438
fan_median,200.0,12.781,13.454,193.7500,0.970312
fan_median,200.0,12.781,13.454,196.2500,0.982187
fan_median,200.0,12.781,13.454,198.7500,0.994062
fan_median,200.0,13.387,13.454,1.2500,0.011219
fan_median,200.0,13.387,13.454,3.7500,0.023656
fan_median,200.0,13.387,13.454,6.2500,0.036094
fan_median,200.0,13.387,13.454,8.7500,0.048531
fan_median,200.0,13.387,13.454,11.2500,0.060969
fan_median,200.0,13.387,13.454,13.7500,0.073406
fan_median,200.0,13.387,13.454,16.2500,0.085844
fan_median,200.0,13.387,13.454,18.7500,0.098281
fan_median,200.0,13.387,13.454,21.2500,0.110719
fan_median,200.0,13.387,13.454,23.7500,0.123156
fan_median,200.0,13.387,13.454,26.2500,0.135594
fan_median,200.0,13.387,13.454,28.7500,0.148031
fan_median,200.0,13.387,13.454,31.2500,0.160469
fan_median,200.0,13.387,13.454,33.7500,0.172906
fan_median,200.0,13.387,13.454,36.2500,0.185344
fan_median,200.0,13.387,13.454,38.7500,0.197781
fan_median,200.0,13.387,13.454,41.2500,0.210219
fan_median,200.0,13.387,13.454,43.7500,0.222656
fan_median,200.0,13.387,13.454,46.2500,0.235094
fan_median,200.0,13.387,13.454,48.7500,0.247531
fan_median,200.0,13.387,13.454,51.2500,0.259969
fan_median,200.0,13.387,13.454,53.7500,0.272406
fan_median,200.0,13.387,13.454,56.2500,0.284844
fan_median,200.0,13.387,13.454,58.7500,0.297281
fan_median,200.0,13.387,13.454,61.2500,0.309719
fan_median,200.0,13.387,13.454,63.7500,0.322156
fan_median,200.0,13.387,13.454,66.2500,0.334594
fan_median,200.0,13.387,13.454,68.7500,0.347031
fan_median,200.0,13.387,13.454,71.2500,0.359469
fan_median,200.0,13.387,13.454,73.7500,0.371906
fan_median,200.0,13.387,13.454,76.2500,0.384344
fan_median,200.0,13.387,13.454,78.7500,0.396781
fan_median,200.0,13.387,13.454,81.2500,0.409219
fan_median,200.0,13.387,13.454,83.7500,0.421656
fan_median,200.0,13.387,13.454,86.2500,0.434094
fan_median,200.0,13.387,13.454,88.7500,0.446531
fan_median,200.0,13.387,13.454,91.2500,0.458969
fan_median,200.0,13.387,13.454,93.7500,0.471406
fan_median,200.0,13.387,13.454,96.2500,0.483844
fan_median,200.0,13.387,13.454,98.7500,0.496281
fan_median,200.0,13.387,13.454,101.2500,0.508719
fan_median,200.0,13.387,13.454,103.7500,0.521156
fan_median,200.0,13.387,13.454,106.2500,0.533594
fan_median,200.0,13.387,13.454,108.7500,0.546031
fan_median,200.0,13.387,13.454,111.2500,0.558469
fan_median,200.0,13.387,13.454,113.7500,0.570906
fan_median,200.0,13.387,13.454,116.2500,0.583344
fan_median,200.0,13.387,13.454,118.7500,0.595781
fan_median,200.0,13.387,13.454,121.2500,0.608219
fan_median,200.0,13.387,13.454,123.7500,0.620656
fan_median,200.0,13.387,13.454,126.2500,0.633094
fan_median,200.0,13.387,13.454,128.7500,0.645531
fan_median,200.0,13.387,13.454,131.2500,0.657969
fan_median,200.0,13.387,13.454,133.7500,0.670406
fan_median,200.0,13.387,13.454,136.2500,0.682844
fan_median,200.0,13.387,13.454,138.7500,0.695281
fan_median,200.0,13.387,13.454,141.2500,0.707719
fan_median,200.0,13.387,13.454,143.7500,0.720156
fan_median,200.0,13.387,13.454,146.2500,0.732594
fan_median,200.0,13.387,13.454,148.7500,0.745031
fan_median,200.0,13.387,13.454,151.2500,0.757469
fan_median,200.0,13.387,13.454,153.7500,0.769906
fan_median,200.0,13.387,13.454,156.2500,0.782344
fan_median,200.0,13.387,13.454,158.7500,0.794781
fan_median,200.0,13.387,13.454,161.2500,0.807219
fan_median,200.0,13.387,13.454,163.7500,0.819656
fan_median,200.0,13.387,13.454,166.2500,0.832094
fan_median,200.0,13.387,13.454,168.7500,0.844531
fan_median,200.0,13.387,13.454,171.2500,0.856969
fan_median,200.0,13.387,13.454,173.7500,0.869406
fan_median,200.0,13.387,13.454,176.2500,0.881844
fan_median,200.0,13.387,13.454,178.7500,0.894281
fan_median,200.0,13.387,13.454,181.2500,0.906719
fan_median,200.0,13.387,13.454,183.7500,0.919156
fan_median,200.0,13.387,13.454,186.2500,0.931594
fan_median,200.0,13.387,13.454,188.7500,0.944031
fan_median,200.0,13.387,13.454,191.2500,0.956469
fan_median,200.0,13.387,13.454,193.7500,0.968906
fan_median,200.0,13.387,13.454,196.2500,0.981344
fan_median,200.0,13.387,13.454,198.7500,0.993781
