class,reaction,carrier,natural,stirred,flow,anec,micro,rde,rce
C-N formation,Ni-catalyzed aryl amination (ArBr + amine),catalyst,0.0535,0.061,0.1141,0.3368,0.9755,1.3767,1.3389
C-N formation,Electrochemical amination of ArX with NH3,catalyst,0.0691,0.0788,0.1475,0.4355,1.2613,1.7522,1.8014
C-O formation,Shono oxidation (N-acyliminium capture),substrate,208.7784,238.0074,445.2899,1314.9582,3808.1189,3497.0374,3957.7851
Cyclization,Oxidative benzimidazole annulation (C-H/N-H),substrate,3.7897,4.3202,8.0827,23.8686,69.1235,69.3319,81.9191
C-N formation,Mn-catalyzed alkene diazidation,catalyst,0.1634,0.1863,0.3485,1.0291,2.9803,2.9751,3.604
C-O formation,Br-mediated Hofmann rearrangement,mediator,132.925,148.6477,213.1306,180.1703,354.8788,298.2504,347.3919
C-N formation,Arene C-H pyridination,substrate,3.4026,3.8789,7.2571,21.4306,62.063,55.0587,66.1633
Cyclization,Amidyl-radical C-H amination (phenanthridinone),mediator,15.22,16.84,25.8043,60.5635,168.3072,137.8797,164.3281
Cyclization,Co-catalyzed allylic C-H amination,catalyst,0.1659,0.1891,0.3538,1.0449,3.0259,3.254,3.9618
C-N formation,Ritter-type C(sp3)-H amination,substrate,22.1854,25.2914,47.3179,139.7315,404.6625,396.5704,479.7902
Reduction,Co-H alkene reduction (e-HAT),catalyst,4.2431,4.7096,7.14,10.6068,12.613,12.9783,13.6637
C-C formation,Kolbe homocoupling of 10-undecenoate,substrate,83.7397,95.4633,178.6029,527.4214,1527.4124,1431.9907,1784.8379
C-C formation,Ni-XEC C(sp2)-C(sp3) (ArBr + RBr),catalyst,7.2814,7.7546,9.6953,11.6121,12.3655,12.527,12.5171
C-C formation,Doubly decarboxylative Csp3-Csp3,catalyst,0.1506,0.1716,0.3211,0.9483,2.7463,3.3474,3.7391
C-C formation,BDD phenol-arene cross-coupling,substrate,10.91,12.4374,23.2692,68.7149,198.9982,210.108,225.2962
C-C formation,Decarboxylative arylation (radical-radical),substrate,6.4549,7.3586,13.7672,40.655,117.7369,108.1387,130.2559
C-C formation,Cathodic Giese (R-I + alkene),mediator,1.0772,1.0867,1.1195,1.1446,1.1652,1.155,1.1568
Cyclization,Rh-catalyzed electrooxidative C-H alkenylation,catalyst,0.092,0.1049,0.1963,0.5796,1.6784,2.4802,2.2377
C-C formation,Cu-catalyzed benzylic cyanation,catalyst,0.2388,0.2722,0.5093,1.5041,4.3558,4.3482,5.2673
C-C formation,Cathodic Ni aryl-aryl homocoupling,catalyst,18.59,20.8934,34.2858,55.5871,65.6133,68.2836,70.2268
C-C formation,Anodic dehydrogenative 2-naphthol coupling,substrate,78.9233,89.9725,168.3303,497.0858,1439.5606,1331.9751,1605.2027
C-C formation,Acrylonitrile hydrodimerization (ADN),substrate,382.2368,435.7499,815.2478,2407.4583,6971.9991,6519.6364,7082.1392
Reduction,Birch reduction of naphthalene,substrate,9.9719,11.368,21.2685,62.8067,181.8881,160.5888,190.2902
Reduction,Nitroarene -> aniline,substrate,47.8922,54.5971,102.1461,301.6414,873.5534,1020.2348,997.9235
Reduction,Rapid-alternating-polarity (hetero)arene reduction,substrate,3.5953,4.0986,7.6681,22.6443,65.5779,61.9139,67.2025
Multicomponent coupling,Diazo difunctionalization (thiol + alcohol),substrate,13.7233,15.6446,29.2696,86.4342,250.3136,222.4194,267.3075
Functional group intraconversion,Cathodic aryl halide hydrodehalogenation,substrate,5.5729,6.3531,11.886,35.1,101.6495,100.4413,121.5869
Reduction,Benzaldehyde -> benzyl alcohol,substrate,0.9569,1.0908,2.0408,6.0267,17.4532,19.1885,18.6919
Oxidation,"ACT-mediated alcohol oxidation (flow, hectogram)",mediator,16.1468,16.4485,17.5104,18.3664,20.1545,21.4457,22.343
C-O formation,Anodic methoxylation of 4-tBu-toluene (Lysmeral),substrate,181.9597,207.434,388.0898,1146.0442,3318.9441,3257.5248,3703.435
C-O formation,Shono alpha-methoxylation of amides,substrate,245.3071,279.6501,523.1994,1545.0282,4474.4016,3907.9796,4407.8184
Oxidation,Cl-mediated ethylene epoxidation,mediator,173.1846,197.4304,369.371,1090.0715,3149.3435,2547.4001,2740.028
Unclassified,Alkaline lignin -> vanillin (pilot),substrate,49.7698,56.7376,106.1507,313.4671,907.8008,955.9543,1046.8529
Oxidation,Thioether -> sulfone (kilo-scale),mediator,118.6856,134.2624,230.4956,284.7852,168.816,179.1436,170.7325
Oxidation,NHPI-mediated allylic C-H -> enone,mediator,23.8183,25.24,28.9496,32.689,62.2538,58.0561,69.8966
Multicomponent coupling,"Alkenesulfonate from cinnamic acid, SO2 and alcohol",substrate,21.5761,24.5968,46.0184,135.894,393.5489,365.9513,441.1679
Oxidation,HMF -> FDCA (biomass),mediator,14.071,14.7725,17.4726,20.0457,25.6296,28.5215,30.3809
Cyclization,Radical-cation Diels-Alder (catalytic in e-),substrate,0.4058,0.4626,0.8655,2.5559,7.4019,7.7363,9.1652
Oxidation,BQ-mediated Wacker-Tsuji oxidation,mediator,3.5339,3.9749,7.1932,20.9803,60.6789,55.0168,63.9631
C-O formation,Non-Kolbe decarboxylative alpha-methoxylation,substrate,10.7839,12.2936,23.0002,67.9206,196.6981,194.1118,220.7647
Isomerization,Co-H alkene isomerization (catalytic),catalyst,7.1027,7.297,7.9512,8.5019,8.8351,8.8653,9.1564
Cyclization,Oxazole synthesis from ketones and acetonitrile,mediator,0.2384,0.2718,0.5084,1.5014,4.348,4.7591,5.8013
Cyclization,Cathodic aryl-halide radical 5-exo cyclization,catalyst,0.2705,0.3084,0.577,1.7038,4.9343,6.0143,6.718
Cyclization,Dehydrogenative lactonization (C-H/O-H),substrate,8.0221,9.1452,17.1098,50.5258,146.3228,145.051,175.6268
Halogenation,Anodic benzylic fluorination,substrate,16.7505,19.0956,35.726,105.5003,305.529,277.1539,333.5571
Halogenation,Br- oxidation / electrophilic bromination,mediator,45.8951,52.3208,97.8924,289.1437,837.8886,668.4458,714.4376
Multicomponent coupling,Alkoxysulfonylation of styrenes with sulfinates,substrate,8.1431,9.2832,17.3679,51.2882,148.5307,137.6224,155.8494
C-S formation,Aryl thiocyanation (NH4SCN),mediator,8.9651,10.1788,18.5087,49.3832,115.4999,118.1515,122.5429
Other bond formation,Anodic C-H phosphorylation of arenes,substrate,7.6689,8.7426,16.3565,48.3015,139.8811,130.6719,157.5791
Cyclization,"Anodic N-N coupling to pyrazolidine-3,5-diones",substrate,1.7236,1.9649,3.6761,10.8555,31.4376,39.5214,42.8842
