system,table,page,m_mol_kg,u_m,kappa_mScm,u_kappa,kappa_calc
Bu4NBF4/MeCN,SI 85,171,0.0000,0.0000,0.17,0.12,0.00
Bu4NBF4/MeCN,SI 85,171,0.0905,0.0023,7.66,0.32,8.08
Bu4NBF4/MeCN,SI 85,171,0.1896,0.0048,13.36,0.57,13.65
Bu4NBF4/MeCN,SI 85,171,0.2960,0.0074,18.16,0.71,18.20
Bu4NBF4/MeCN,SI 85,171,0.4094,0.0101,22.13,0.77,22.00
Bu4NBF4/MeCN,SI 85,171,0.5312,0.0130,25.48,0.86,25.17
Bu4NBF4/MeCN,SI 85,171,0.6609,0.0160,28.02,0.93,27.77
Bu4NBF4/MeCN,SI 85,171,0.8014,0.0193,30.13,1.00,29.85
Bu4NBF4/MeCN,SI 85,171,0.9477,0.0226,31.60,1.02,31.39
Bu4NBF4/MeCN,SI 85,171,1.1116,0.0263,32.61,1.04,32.52
Bu4NBF4/MeCN,SI 85,171,1.2888,0.0302,33.14,1.08,33.18
Bu4NBF4/MeCN,SI 85,171,1.4818,0.0343,33.40,0.94,33.40
Bu4NBF4/MeCN,SI 85,171,1.6926,0.0388,33.04,0.93,33.19
Bu4NBF4/MeCN,SI 85,171,1.9247,0.0436,32.41,0.88,32.56
Bu4NBF4/MeCN,SI 85,171,2.1715,0.0486,31.42,0.81,31.60
Bu4NBF4/MeCN,SI 85,171,2.4541,0.0542,30.11,0.77,30.25
Bu4NBF4/MeCN,SI 85,171,2.7689,0.0604,28.45,0.71,28.58
Bu4NBF4/MeCN,SI 85,171,3.1218,0.0672,26.60,0.69,26.62
Bu4NBF4/MeCN,SI 85,171,3.5209,0.0748,24.49,0.65,24.44
Bu4NBF4/MeCN,SI 85,171,3.9753,0.0834,22.21,0.57,22.08
Bu4NBF4/MeCN,SI 85,171,4.4956,0.0935,19.95,0.45,19.63
Et4NBF4/MeCN,SI 81,163,0.0000,0.0000,0.12,0.06,0.00
Et4NBF4/MeCN,SI 81,163,0.0792,0.0013,7.32,0.34,7.53
Et4NBF4/MeCN,SI 81,163,0.1668,0.0025,13.49,0.35,13.66
Et4NBF4/MeCN,SI 81,163,0.2575,0.0038,19.01,0.46,19.03
Et4NBF4/MeCN,SI 81,163,0.3517,0.0052,23.88,0.59,23.87
Et4NBF4/MeCN,SI 81,163,0.4439,0.0064,28.09,0.68,28.03
Et4NBF4/MeCN,SI 81,163,0.5457,0.0078,32.14,0.78,32.07
Et4NBF4/MeCN,SI 81,163,0.6517,0.0091,35.89,0.81,35.77
Et4NBF4/MeCN,SI 81,163,0.7620,0.0105,39.22,0.83,39.15
Et4NBF4/MeCN,SI 81,163,0.8706,0.0118,42.17,0.87,42.06
Et4NBF4/MeCN,SI 81,163,0.9904,0.0132,44.99,0.91,44.87
Et4NBF4/MeCN,SI 81,163,1.1158,0.0146,47.57,0.96,47.41
Et4NBF4/MeCN,SI 81,163,1.2467,0.0170,49.37,1.03,49.68
Et4NBF4/MeCN,SI 81,163,1.3758,0.0182,51.27,1.05,51.60
Et4NBF4/MeCN,SI 81,163,1.5189,0.0196,53.18,1.07,53.40
Et4NBF4/MeCN,SI 81,163,1.6687,0.0209,54.78,1.09,54.97
Et4NBF4/MeCN,SI 81,163,1.8267,0.0223,56.19,1.11,56.33
Et4NBF4/MeCN,SI 81,163,1.9830,0.0236,57.36,1.18,57.42
Et4NBF4/MeCN,SI 81,163,2.1576,0.0251,58.35,1.17,58.39
Et4NBF4/MeCN,SI 81,163,2.3408,0.0268,59.25,1.19,59.18
Et4NBF4/MeCN,SI 81,163,2.5316,0.0290,59.83,1.18,59.79
NaOH/H2O,SI 16,61,0.0000,0.0000,0.23,0.18,0.00
NaOH/H2O,SI 16,61,0.6111,0.0150,112.49,4.32,112.07
NaOH/H2O,SI 16,61,1.2560,0.0304,215.78,7.76,218.32
NaOH/H2O,SI 16,61,1.9330,0.0463,294.08,10.31,299.47
NaOH/H2O,SI 16,61,2.6456,0.0627,351.00,12.02,355.19
NaOH/H2O,SI 16,61,3.3962,0.0795,386.10,12.97,388.29
NaOH/H2O,SI 16,61,4.1897,0.0969,403.52,13.30,402.62
NaOH/H2O,SI 16,61,4.7168,0.1083,408.05,13.27,403.74
NaOH/H2O,SI 16,61,5.0291,0.1149,406.14,13.16,402.04
NaOH/H2O,SI 16,61,5.9181,0.1335,395.29,12.64,390.25
NaOH/H2O,SI 16,61,6.8580,0.1527,373.07,11.85,370.63
NaOH/H2O,SI 16,61,7.8604,0.1727,345.31,10.91,345.83
NaOH/H2O,SI 16,61,8.9294,0.1935,314.12,9.89,318.22
NaOH/H2O,SI 16,61,10.0677,0.2152,283.45,8.89,289.73
NaOH/H2O,SI 16,61,11.2897,0.2382,263.20,8.02,261.66
NaOH/H2O,SI 16,61,12.5949,0.2623,233.88,7.11,235.26
NaOH/H2O,SI 16,61,13.9999,0.2881,209.33,6.32,211.18
NaOH/H2O,SI 16,61,15.5091,0.3157,188.56,5.65,190.06
NaOH/H2O,SI 16,61,17.1449,0.3459,173.25,5.11,172.17
NaOH/H2O,SI 16,61,18.9204,0.3794,163.35,4.71,157.90
NaOH/H2O,SI 16,61,20.8399,0.4168,146.15,4.33,147.73
NaCl/H2O,SI 13,54,0.0000,0.0000,0.46,0.88,0.00
NaCl/H2O,SI 13,54,0.2074,0.0029,21.48,0.31,21.22
NaCl/H2O,SI 13,54,0.4187,0.0056,39.68,1.19,39.85
NaCl/H2O,SI 13,54,0.6372,0.0085,57.72,1.83,57.57
NaCl/H2O,SI 13,54,0.8603,0.0105,74.32,1.72,74.41
NaCl/H2O,SI 13,54,1.0907,0.0127,90.82,1.80,90.64
NaCl/H2O,SI 13,54,1.3265,0.0146,106.10,1.75,106.15
NaCl/H2O,SI 13,54,1.5677,0.0162,120.94,2.15,120.96
NaCl/H2O,SI 13,54,1.8169,0.0175,135.28,2.17,135.19
NaCl/H2O,SI 13,54,2.0714,0.0185,148.36,2.03,148.68
NaCl/H2O,SI 13,54,2.3325,0.0193,161.37,2.22,161.46
NaCl/H2O,SI 13,54,2.6014,0.0196,173.50,2.33,173.55
NaCl/H2O,SI 13,54,2.8776,0.0195,185.09,2.56,184.89
NaCl/H2O,SI 13,54,3.1624,0.0190,195.66,2.62,195.50
NaCl/H2O,SI 13,54,3.4535,0.0181,205.03,2.95,205.23
NaCl/H2O,SI 13,54,3.7545,0.0166,214.19,2.95,214.18
NaCl/H2O,SI 13,54,4.0642,0.0146,222.23,3.03,222.25
NaCl/H2O,SI 13,54,4.3827,0.0121,229.31,3.08,229.40
NaCl/H2O,SI 13,54,4.7131,0.0090,235.90,3.21,235.65
NaCl/H2O,SI 13,54,5.0508,0.0051,241.09,3.39,240.88
NaCl/H2O,SI 13,54,5.4003,0.0035,245.33,3.64,245.12
KHCO3/H2O,SI 31,94,0.0000,0.0000,1.53,1.23,0.00
KHCO3/H2O,SI 31,94,0.1276,0.0019,13.22,0.76,12.56
KHCO3/H2O,SI 31,94,0.2573,0.0037,24.40,0.94,23.61
KHCO3/H2O,SI 31,94,0.3925,0.0054,34.70,1.12,34.25
KHCO3/H2O,SI 31,94,0.5307,0.0070,44.59,1.29,44.41
KHCO3/H2O,SI 31,94,0.6725,0.0085,53.90,1.45,54.20
KHCO3/H2O,SI 31,94,0.8180,0.0099,62.82,1.61,63.66
KHCO3/H2O,SI 31,94,0.9676,0.0112,71.84,1.76,72.81
KHCO3/H2O,SI 31,94,1.1207,0.0123,80.55,1.90,81.63
KHCO3/H2O,SI 31,94,1.2795,0.0132,89.37,2.04,90.24
KHCO3/H2O,SI 31,94,1.5793,0.0146,109.33,2.36,105.09
KHCO3/H2O,SI 31,94,1.6100,0.0147,109.00,2.35,106.52
KHCO3/H2O,SI 31,94,1.7824,0.0152,113.90,2.41,114.20
KHCO3/H2O,SI 31,94,1.9610,0.0155,121.27,2.51,121.63
KHCO3/H2O,SI 31,94,2.1439,0.0157,128.15,2.61,128.69
KHCO3/H2O,SI 31,94,2.3320,0.0158,134.74,2.69,135.42
KHCO3/H2O,SI 31,94,2.5272,0.0157,140.96,2.77,141.86
KHCO3/H2O,SI 31,94,2.7286,0.0157,147.14,2.86,147.95
KHCO3/H2O,SI 31,94,2.9355,0.0158,153.31,2.94,153.66
KHCO3/H2O,SI 31,94,3.1510,0.0161,159.49,3.03,159.06
KHCO3/H2O,SI 31,94,3.3717,0.0169,164.36,3.10,164.03
Na2CO3/H2O,SI 22,74,0.0000,0.0000,0.03,0.02,0.00
Na2CO3/H2O,SI 22,74,0.1064,0.0016,16.72,1.09,16.85
Na2CO3/H2O,SI 22,74,0.2137,0.0030,28.65,1.20,28.90
Na2CO3/H2O,SI 22,74,0.3268,0.0045,39.50,1.34,39.66
Na2CO3/H2O,SI 22,74,0.4408,0.0057,49.27,1.48,49.12
Na2CO3/H2O,SI 22,74,0.5568,0.0069,57.55,1.59,57.61
Na2CO3/H2O,SI 22,74,0.6764,0.0080,65.13,1.70,65.35
Na2CO3/H2O,SI 22,74,0.7988,0.0089,72.11,1.79,72.32
Na2CO3/H2O,SI 22,74,0.9244,0.0097,78.29,1.87,78.59
Na2CO3/H2O,SI 22,74,1.0528,0.0104,83.78,1.93,84.14
Na2CO3/H2O,SI 22,74,1.1849,0.0110,88.90,1.99,89.04
Na2CO3/H2O,SI 22,74,1.3320,0.0114,94.10,2.04,93.58
Na2CO3/H2O,SI 22,74,1.4588,0.0117,97.09,2.06,96.80
Na2CO3/H2O,SI 22,74,1.6017,0.0118,99.83,2.08,99.71
Na2CO3/H2O,SI 22,74,1.7470,0.0119,101.95,2.08,101.93
Na2CO3/H2O,SI 22,74,1.8968,0.0119,103.30,2.08,103.52
Na2CO3/H2O,SI 22,74,2.0518,0.0118,104.41,2.07,104.48
Na2CO3/H2O,SI 22,74,2.2091,0.0119,104.81,2.05,104.79
Na2CO3/H2O,SI 22,74,2.2154,0.0119,104.91,2.05,104.79
Na2CO3/H2O,SI 22,74,2.3727,0.0121,104.43,2.02,104.49
Na2CO3/H2O,SI 22,74,2.5397,0.0127,103.55,1.99,103.58
NaI/MeOH,SI 97,197,0.0000,0.0000,0.23,0.13,0.00
NaI/MeOH,SI 97,197,0.1429,0.0025,7.14,0.36,7.25
NaI/MeOH,SI 97,197,0.2917,0.0051,12.63,0.73,12.68
NaI/MeOH,SI 97,197,0.4475,0.0076,17.54,0.81,17.51
NaI/MeOH,SI 97,197,0.6111,0.0101,21.97,0.90,21.96
NaI/MeOH,SI 97,197,0.7819,0.0127,26.14,0.93,26.07
NaI/MeOH,SI 97,197,0.9610,0.0153,30.01,1.05,29.91
NaI/MeOH,SI 97,197,1.1486,0.0179,33.49,1.00,33.49
NaI/MeOH,SI 97,197,1.3461,0.0204,36.81,1.05,36.84
NaI/MeOH,SI 97,197,1.5540,0.0229,39.96,1.04,39.95
NaI/MeOH,SI 97,197,1.7728,0.0253,42.85,1.05,42.83
NaI/MeOH,SI 97,197,2.0036,0.0277,45.67,0.94,45.48
NaI/MeOH,SI 97,197,2.2471,0.0298,48.17,0.93,47.89
NaI/MeOH,SI 97,197,2.5046,0.0312,49.87,0.96,50.06
NaI/MeOH,SI 97,197,2.7775,0.0338,51.90,0.98,51.98
NaI/MeOH,SI 97,197,3.0672,0.0361,53.67,1.01,53.65
NaI/MeOH,SI 97,197,3.3750,0.0384,55.16,1.03,55.05
NaI/MeOH,SI 97,197,3.7039,0.0406,56.31,1.04,56.19
NaI/MeOH,SI 97,197,4.0538,0.0430,57.16,1.05,57.03
NaI/MeOH,SI 97,197,4.4290,0.0458,57.63,1.05,57.58
NaI/MeOH,SI 97,197,4.8303,0.0493,57.69,1.05,57.82
KSCN/MeOH,SI 112,226,0.0000,0.0000,0.02,0.01,0.00
KSCN/MeOH,SI 112,226,0.1141,0.0020,6.27,0.20,6.25
KSCN/MeOH,SI 112,226,0.2312,0.0039,11.30,0.28,11.22
KSCN/MeOH,SI 112,226,0.3509,0.0057,15.65,0.49,15.73
KSCN/MeOH,SI 112,226,0.4733,0.0074,19.92,0.54,19.93
KSCN/MeOH,SI 112,226,0.5986,0.0091,23.95,0.60,23.88
KSCN/MeOH,SI 112,226,0.7268,0.0107,27.65,0.63,27.62
KSCN/MeOH,SI 112,226,0.8582,0.0121,30.97,0.78,31.18
KSCN/MeOH,SI 112,226,0.9927,0.0135,34.36,0.82,34.56
KSCN/MeOH,SI 112,226,1.1301,0.0149,37.70,0.88,37.77
KSCN/MeOH,SI 112,226,1.2715,0.0161,40.78,0.89,40.83
KSCN/MeOH,SI 112,226,1.4164,0.0173,43.84,0.89,43.74
KSCN/MeOH,SI 112,226,1.5645,0.0185,46.60,0.92,46.48
KSCN/MeOH,SI 112,226,1.7166,0.0196,49.16,0.98,49.08
KSCN/MeOH,SI 112,226,1.8721,0.0207,51.65,0.99,51.51
KSCN/MeOH,SI 112,226,2.0332,0.0218,53.79,0.98,53.82
KSCN/MeOH,SI 112,226,2.1974,0.0231,55.88,1.02,55.95
KSCN/MeOH,SI 112,226,2.3662,0.0250,58.06,1.05,57.93
KSCN/MeOH,SI 112,226,2.5405,0.0263,59.80,1.06,59.77
KSCN/MeOH,SI 112,226,2.7187,0.0278,61.41,1.09,61.43
KSCN/MeOH,SI 112,226,2.8999,0.0299,62.99,1.11,62.92
