reaction,electrolyte,conc_M,cation,z_cat,D_cat,anion,z_an,D_an,note,basis,D_cat_basis,D_an_basis,counterion_inventory_M
Ni-catalyzed aryl amination (ArBr + amine),0.2 M nBu4NBr/DMA,0.2,Bu4N+,1.0,6.099e-10,Br-,-1.0,1.151e-09,,,state B; Krumgalz 1983 Table 2 lambda0*eta=0.2105 / Table 3 eta=0.00919 P,"state A; Krumgalz 1983 Table 4 (pp. 580-581), read from page image",
Electrochemical amination of ArX with NH3,0.21 M TBAB/DMSO-THF,0.21,Bu4N+,1.0,2.911e-10,Br-,-1.0,6.327e-10,,,state B; Krumgalz 1983 Table 2 lambda0*eta=0.2146 / Table 3 eta=0.01963 P; solvent taken as major component DMSO of 'DMSO-THF',"state A; Krumgalz 1983 Table 4 (pp. 580-581), read from page image; solvent taken as major component DMSO of 'DMSO-THF'",
Shono oxidation (N-acyliminium capture),0.156 M Et4NOTs/MeOH,0.156,Et4N+,1.0,1.628e-09,OTs-,-1.0,1.5e-09,,,state B; Krumgalz 1983 Table 2 lambda0*eta=0.3331 / Table 3 eta=0.00545 P,"DECLARED CLASS DEFAULT (supporting ion: it carries no flux, so its D does not enter i_lim; Table S7d) -- no lambda0 for OTs- in MeOH in Krumgalz 1983 or CRC 5-75/5-76",
Oxidative benzimidazole annulation (C-H/N-H),0.033 M Et4NPF6/THF-MeOH 5:1,0.033,Et4N+,1.0,1.818e-09,PF6-,-1.0,2.064e-09,"Walden-scaled from the MeOH entry this row replaced (D ~ 1/mu); estimate, not measured (x0.544/0.480 = 1.133)",condition audit 2026-08-23,"state B; per-ion lambda0*eta transfer: mean 0.3140 (RSD 6.1%, n=9 non-aqueous solvents, all from Krumgalz 1983 / EES 2015 in this file) divided by eta(THF)=0.00460 P. STATE B -- a transfer, not a measurement in this solvent; carried only because this ion's lambda0*eta is constant to <12%, the criterion Krumgalz sets for non-solvated ions.; solvent taken as major component THF of 'THF-MeOH 5:1'","state A; Energy Environ. Sci. 2015, 8, 3515-3530, Table 2 p. 3518, column THF (limiting molar conductivity, 25 C); read from page image; cross-checked vs Krumgalz 1983 (<0.25% on 3 ions in MeCN) and CRC 5-75/76 (<0.35% on 5 aqueous ions); solvent taken as major component THF of 'THF-MeOH 5:1'",
Mn-catalyzed alkene diazidation,0.1 M LiClO4/MeCN,0.1,Li+,1.0,1.863e-09,ClO4-,-1.0,2.759e-09,,,"state A; Energy Environ. Sci. 2015, 8, 3515-3530, Table 2 p. 3518, column AN (limiting molar conductivity, 25 C); read from page image; cross-checked vs Krumgalz 1983 (<0.25% on 3 ions in MeCN) and CRC 5-75/76 (<0.35% on 5 aqueous ions)","state A; Energy Environ. Sci. 2015, 8, 3515-3530, Table 2 p. 3518, column AN (limiting molar conductivity, 25 C); read from page image; cross-checked vs Krumgalz 1983 (<0.25% on 3 ions in MeCN) and CRC 5-75/76 (<0.35% on 5 aqueous ions)",
Br-mediated Hofmann rearrangement,0.08 M NaBr/MeCN,0.08,Na+,1.0,2.045e-09,Br-,-1.0,2.681e-09,,,"state A; Krumgalz 1983 Table 4 (pp. 580-581), read from page image","state A; Krumgalz 1983 Table 4 (pp. 580-581), read from page image",
Arene C-H pyridination,0.3 M Bu4NBF4/MeCN,0.3,Bu4N+,1.0,1.643e-09,BF4-,-1.0,2.889e-09,,,state B; Krumgalz 1983 Table 2 lambda0*eta=0.2122 / Table 3 eta=0.00344 P,"state A; Energy Environ. Sci. 2015, 8, 3515-3530, Table 2 p. 3518, column AN (limiting molar conductivity, 25 C); read from page image; cross-checked vs Krumgalz 1983 (<0.25% on 3 ions in MeCN) and CRC 5-75/76 (<0.35% on 5 aqueous ions)",
Amidyl-radical C-H amination (phenanthridinone),0.04 M NaBr/MeCN,0.04,Na+,1.0,2.045e-09,Br-,-1.0,2.681e-09,,,"state A; Krumgalz 1983 Table 4 (pp. 580-581), read from page image","state A; Krumgalz 1983 Table 4 (pp. 580-581), read from page image",
Co-catalyzed aza-Wacker cyclization,0.033 M Et4NPF6/MeCN,0.033,Et4N+,1.0,2.263e-09,PF6-,-1.0,2.737e-09,,,state B; Krumgalz 1983 Table 2 lambda0*eta=0.2924 / Table 3 eta=0.00344 P,"state A; Energy Environ. Sci. 2015, 8, 3515-3530, Table 2 p. 3518, column AN (limiting molar conductivity, 25 C); read from page image; cross-checked vs Krumgalz 1983 (<0.25% on 3 ions in MeCN) and CRC 5-75/76 (<0.35% on 5 aqueous ions)",
Ritter-type C(sp3)-H amination,0.1 M Bu4NBF4/MeCN,0.1,Bu4N+,1.0,1.643e-09,BF4-,-1.0,2.889e-09,,,state B; Krumgalz 1983 Table 2 lambda0*eta=0.2122 / Table 3 eta=0.00344 P,"state A; Energy Environ. Sci. 2015, 8, 3515-3530, Table 2 p. 3518, column AN (limiting molar conductivity, 25 C); read from page image; cross-checked vs Krumgalz 1983 (<0.25% on 3 ions in MeCN) and CRC 5-75/76 (<0.35% on 5 aqueous ions)",
Co-H alkene reduction (e-HAT),0.24 M Et3NHBF4/THF-HFIP,0.24,Et3NH+,1.0,1e-09,BF4-,-1.0,1.5e-09,,,"DECLARED CLASS DEFAULT (supporting ion: it carries no flux, so its D does not enter i_lim; Table S7d) -- no lambda0 for Et3NH+ in THF in Krumgalz 1983 or CRC 5-75/5-76","DECLARED CLASS DEFAULT (supporting ion: it carries no flux, so its D does not enter i_lim; Table S7d) -- no lambda0 for BF4- in THF in Krumgalz 1983 or CRC 5-75/5-76",
Kolbe homocoupling of 10-undecenoate,Me4NOH 15 mol% + Me4NBF4 5 mol%/acetone,0.05,Me4N+,1.0,2.935e-09,BF4-,-1.0,1.5e-09,"SI 200-mmol undecenoate run: acetone 200 mL, Me4N.BF4 10 mmol, Me4N.OH.5H2O 30 mmol. Ion inventory: Me4N+ 0.20 M = BF4- 0.05 M + carboxylate 0.15 M (the OH- is a strong base and deprotonates acid on mixing). conc_M here is the SEPARATE supporting salt, 0.05 M; the carboxylate is the carrier and is not double-counted.",condition audit 2026-08-24,"state B; per-ion lambda0*eta transfer: mean 0.3435 (RSD 6.8%, n=9 non-aqueous solvents, all from Krumgalz 1983 / EES 2015 in this file) divided by eta(acetone)=0.00312 P. STATE B -- a transfer, not a measurement in this solvent; carried only because this ion's lambda0*eta is constant to <12%, the criterion Krumgalz sets for non-solvated ions.","DECLARED CLASS DEFAULT (supporting ion: it carries no flux, so its D does not enter i_lim; Table S7d) -- no lambda0 for BF4- in acetone in Krumgalz 1983 or CRC 5-75/5-76",0.20
Ni-XEC C(sp2)-C(sp3) (ArBr + RBr),0.48 M LiBr/DMA,0.48,Li+,1.0,5.403e-10,Br-,-1.0,1.151e-09,,,"state A; Krumgalz 1983 Table 4 (pp. 580-581), read from page image","state A; Krumgalz 1983 Table 4 (pp. 580-581), read from page image",
Doubly decarboxylative Csp3-Csp3,0.2 M NaI/DMF,0.2,Na+,1.0,7.989e-10,I-,-1.0,1.361e-09,,,"state A; Krumgalz 1983 Table 4 (pp. 580-581), read from page image","state A; Krumgalz 1983 Table 4 (pp. 580-581), read from page image",
BDD phenol-arene cross-coupling,0.091 M MTES/HFIP-MeOH,0.091,MTES+,1.0,1e-09,OH-,-1.0,5.27e-09,,,"DECLARED CLASS DEFAULT (supporting ion: it carries no flux, so its D does not enter i_lim; Table S7d) -- no lambda0 for MTES+ in HFIP in Krumgalz 1983 or CRC 5-75/5-76","DECLARED CLASS DEFAULT (supporting ion: it carries no flux, so its D does not enter i_lim; Table S7d) -- no lambda0 for OH- in HFIP in Krumgalz 1983 or CRC 5-75/5-76",
Decarboxylative Minisci alkylation,0.48 M Bu4N carboxylate (in situ)/MeCN,0.48,Bu4N+,1.0,1.643e-09,RCO2-,-1.0,1.5e-09,,,state B; Krumgalz 1983 Table 2 lambda0*eta=0.2122 / Table 3 eta=0.00344 P,"DECLARED CLASS DEFAULT (supporting ion: it carries no flux, so its D does not enter i_lim; Table S7d) -- no lambda0 for RCO2- in MeCN in Krumgalz 1983 or CRC 5-75/5-76",
Cathodic Giese (R-I + alkene),NaCl 7 mol% + pH 2 HCl/H2O-MeCN,0.0156,H+,1.0,9.311e-09,Cl-,-1.0,2.032e-09,"SI general procedure: 'HCl(aq) (pH = 2, 10 mL), MeCN (5 mL) and NaCl (7 mol%)'. pH 2 gives H+ = Cl- = 0.010 M; NaCl at 7 mol% of the 1.19 mmol limiting alkene is 0.0833 mmol in 15 mL = 0.0056 M. Total supporting ~0.0156 M, anion Cl-, cation a H+/Na+ mix carried as H+. Carrier is NEUTRAL so this does not move the ceiling.",condition audit 2026-08-24,"state A; CRC Handbook 97th ed. 2016, 'Ionic Conductivity and Diffusion at Infinite Dilution' (Vanysek) p. 5-75, D column as printed; read from page image; solvent taken as major component H2O of 'H2O-MeCN'","state A; CRC Handbook 97th ed. 2016, 'Ionic Conductivity and Diffusion at Infinite Dilution' (Vanysek) p. 5-75, D column as printed; read from page image; solvent taken as major component H2O of 'H2O-MeCN'",
Rh-catalyzed electrooxidative C-H alkenylation,0.25 M KOAc/tAmOH-H2O,0.25,K+,1.0,1.957e-09,OH-,-1.0,5.273e-09,,,"state A; CRC Handbook 97th ed. 2016, 'Ionic Conductivity and Diffusion at Infinite Dilution' (Vanysek) p. 5-75, D column as printed; read from page image; solvent taken as major component H2O of 'tAmOH-H2O'","state A; CRC Handbook 97th ed. 2016, 'Ionic Conductivity and Diffusion at Infinite Dilution' (Vanysek) p. 5-76, D column as printed; read from page image; solvent taken as major component H2O of 'tAmOH-H2O'",
Cu-catalyzed benzylic cyanation,0.077 M Bu4NBF4/MeCN,0.077,Bu4N+,1.0,1.643e-09,BF4-,-1.0,2.889e-09,,,state B; Krumgalz 1983 Table 2 lambda0*eta=0.2122 / Table 3 eta=0.00344 P,"state A; Energy Environ. Sci. 2015, 8, 3515-3530, Table 2 p. 3518, column AN (limiting molar conductivity, 25 C); read from page image; cross-checked vs Krumgalz 1983 (<0.25% on 3 ions in MeCN) and CRC 5-75/76 (<0.35% on 5 aqueous ions)",
Cathodic Ni aryl-aryl homocoupling,0.04 M NaBr/EtOH-MeOH 1:1,0.04,Na+,1.0,5.408e-10,Br-,-1.0,6.524e-10,"Walden-scaled from the MeOH entry this row replaced (D ~ 1/mu); estimate, not measured (x0.544/0.719 = 0.757)",condition audit 2026-08-23,"state A; Krumgalz 1983 Table 4 (pp. 580-581), read from page image; solvent taken as major component EtOH of 'EtOH-MeOH 1:1'","state A; Krumgalz 1983 Table 4 (pp. 580-581), read from page image; solvent taken as major component EtOH of 'EtOH-MeOH 1:1'",
Anodic dehydrogenative 2-naphthol coupling,0.2 M NaClO4/MeCN,0.2,Na+,1.0,2.045e-09,ClO4-,-1.0,2.759e-09,,,"state A; Krumgalz 1983 Table 4 (pp. 580-581), read from page image","state A; Energy Environ. Sci. 2015, 8, 3515-3530, Table 2 p. 3518, column AN (limiting molar conductivity, 25 C); read from page image; cross-checked vs Krumgalz 1983 (<0.25% on 3 ions in MeCN) and CRC 5-75/76 (<0.35% on 5 aqueous ions)",
Acrylonitrile hydrodimerization (ADN),56 wt% Et4NOTs aq,1.95,Et4N+,1.0,8.68e-10,OTs-,-1.0,1.5e-09,,"56 wt% Et4NOTs (M = 287.4) at rho ~ 1.0 g/mL -> 560/287.4 = 1.95 M; DERIVED, density assumed","state A; CRC Handbook 97th ed. 2016, 'Ionic Conductivity and Diffusion at Infinite Dilution' (Vanysek) p. 5-76, D column as printed; read from page image","DECLARED CLASS DEFAULT (supporting ion: it carries no flux, so its D does not enter i_lim; Table S7d) -- no lambda0 for OTs- in aq in Krumgalz 1983 or CRC 5-75/5-76",
Birch reduction of naphthalene,3.0 M LiBr/THF,3.0,Li+,1.0,1e-09,Br-,-1.0,2.08e-09,,,"DECLARED CLASS DEFAULT (supporting ion: it carries no flux, so its D does not enter i_lim; Table S7d) -- no lambda0 for Li+ in THF in Krumgalz 1983 or CRC 5-75/5-76","DECLARED CLASS DEFAULT (supporting ion: it carries no flux, so its D does not enter i_lim; Table S7d) -- no lambda0 for Br- in THF in Krumgalz 1983 or CRC 5-75/5-76",
Nitroarene -> aniline,2 M H2SO4 aq,2.0,H+,1.0,9.311e-09,HSO4-,-1.0,1.385e-09,,,"state A; CRC Handbook 97th ed. 2016, 'Ionic Conductivity and Diffusion at Infinite Dilution' (Vanysek) p. 5-75, D column as printed; read from page image","state A; CRC Handbook 97th ed. 2016, 'Ionic Conductivity and Diffusion at Infinite Dilution' (Vanysek) p. 5-76, D column as printed; read from page image",
Rapid-alternating-polarity imide reduction,0.08 M Me4NBF4/MeOH,0.08,Me4N+,1.0,1.832e-09,BF4-,-1.0,1.5e-09,,,state B; Krumgalz 1983 Table 2 lambda0*eta=0.3749 / Table 3 eta=0.00545 P,"DECLARED CLASS DEFAULT (supporting ion: it carries no flux, so its D does not enter i_lim; Table S7d) -- no lambda0 for BF4- in MeOH in Krumgalz 1983 or CRC 5-75/5-76",
Diazo difunctionalization (thiol + alcohol),0.077 M Et4NBF4/MeCN,0.077,Et4N+,1.0,2.263e-09,BF4-,-1.0,2.889e-09,,,state B; Krumgalz 1983 Table 2 lambda0*eta=0.2924 / Table 3 eta=0.00344 P,"state A; Energy Environ. Sci. 2015, 8, 3515-3530, Table 2 p. 3518, column AN (limiting molar conductivity, 25 C); read from page image; cross-checked vs Krumgalz 1983 (<0.25% on 3 ions in MeCN) and CRC 5-75/76 (<0.35% on 5 aqueous ions)",
Cathodic aryl chloride dehalogenation,0.043 M Bu4NBF4/MeCN,0.043,Bu4N+,1.0,1.643e-09,BF4-,-1.0,2.889e-09,,,state B; Krumgalz 1983 Table 2 lambda0*eta=0.2122 / Table 3 eta=0.00344 P,"state A; Energy Environ. Sci. 2015, 8, 3515-3530, Table 2 p. 3518, column AN (limiting molar conductivity, 25 C); read from page image; cross-checked vs Krumgalz 1983 (<0.25% on 3 ions in MeCN) and CRC 5-75/76 (<0.35% on 5 aqueous ions)",
Benzaldehyde -> benzyl alcohol,5 wt% AcOH/MeOH-H2O,0.0038,H+,1.0,3.89e-09,AcO-,-1.0,1.5e-09,"5 wt% AcOH is ~0.83 M TOTAL acid, but AcOH is weak (pKa 4.76) so the IONIC strength is sqrt(Ka*C) = 0.0038 M, not 0.83 M -- this row is effectively unsupported and conc_M now says so. Carrier is NEUTRAL so this does not move the ceiling.",condition audit 2026-08-24,"state A; Krumgalz 1983 Table 4 (pp. 580-581), read from page image; solvent taken as major component MeOH of 'MeOH-H2O'","DECLARED CLASS DEFAULT (supporting ion: it carries no flux, so its D does not enter i_lim; Table S7d) -- no lambda0 for AcO- in MeOH in Krumgalz 1983 or CRC 5-75/5-76",
"ACT-mediated alcohol oxidation (flow, hectogram)",1 M carbonate buffer pH 8.5 aq,1.0,Na+,1.0,1.334e-09,HCO3-,-1.0,1.185e-09,,"pH 8.5 is below pKa2 (10.3), so HCO3- dominates; Na+ counterion; D from the registry aqueous rows","state A; CRC Handbook 97th ed. 2016, 'Ionic Conductivity and Diffusion at Infinite Dilution' (Vanysek) p. 5-75, D column as printed; read from page image","state A; CRC Handbook 97th ed. 2016, 'Ionic Conductivity and Diffusion at Infinite Dilution' (Vanysek) p. 5-76, D column as printed; read from page image",
Anodic methoxylation of 4-tBu-toluene (Lysmeral),0.3 wt% H2SO4/MeOH (BASF),0.024,H+,1.0,3.89e-09,HSO4-,-1.0,1.5e-09,,0.3 wt% H2SO4 (M = 98.08) in MeOH rho 0.786 -> 0.003*786/98.08 = 0.024 M; DERIVED,"state A; Krumgalz 1983 Table 4 (pp. 580-581), read from page image; solvent taken as major component MeOH of 'MeOH (BASF)'","DECLARED CLASS DEFAULT (supporting ion: it carries no flux, so its D does not enter i_lim; Table S7d) -- no lambda0 for HSO4- in MeOH in Krumgalz 1983 or CRC 5-75/5-76",
Shono alpha-methoxylation of amides,0.156 M Et4NOTs/MeOH,0.156,Et4N+,1.0,1.628e-09,OTs-,-1.0,1.5e-09,,,state B; Krumgalz 1983 Table 2 lambda0*eta=0.3331 / Table 3 eta=0.00545 P,"DECLARED CLASS DEFAULT (supporting ion: it carries no flux, so its D does not enter i_lim; Table S7d) -- no lambda0 for OTs- in MeOH in Krumgalz 1983 or CRC 5-75/5-76",
Cl-mediated ethylene epoxidation,1 M KCl aq,1.0,K+,1.0,1.957e-09,Cl-,-1.0,2.032e-09,paper says '1.0 M potassium chloride (KCl) electrolyte'; NaCl does not appear in it. D(K+) 1.96e-9 is the standard aqueous value (CRC) not a rescaling of Na+,condition audit 2026-08-23,"state A; CRC Handbook 97th ed. 2016, 'Ionic Conductivity and Diffusion at Infinite Dilution' (Vanysek) p. 5-75, D column as printed; read from page image","state A; CRC Handbook 97th ed. 2016, 'Ionic Conductivity and Diffusion at Infinite Dilution' (Vanysek) p. 5-75, D column as printed; read from page image",
Alkaline lignin -> vanillin (pilot),1 M Na2CO3 aq,1.0,Na+,1.0,1.334e-09,CO3--,-2.0,9.23e-10,,,"state A; CRC Handbook 97th ed. 2016, 'Ionic Conductivity and Diffusion at Infinite Dilution' (Vanysek) p. 5-75, D column as printed; read from page image","state A; CRC Handbook 97th ed. 2016, 'Ionic Conductivity and Diffusion at Infinite Dilution' (Vanysek) p. 5-75, D column as printed; read from page image",
Thioether -> sulfone (kilo-scale),0.085 M Et4NPF6/MeCN-HCl aq,0.085,Et4N+,1.0,2.263e-09,PF6-,-1.0,2.737e-09,,,state B; Krumgalz 1983 Table 2 lambda0*eta=0.2924 / Table 3 eta=0.00344 P; solvent taken as major component MeCN of 'MeCN-HCl aq',"state A; Energy Environ. Sci. 2015, 8, 3515-3530, Table 2 p. 3518, column AN (limiting molar conductivity, 25 C); read from page image; cross-checked vs Krumgalz 1983 (<0.25% on 3 ions in MeCN) and CRC 5-75/76 (<0.35% on 5 aqueous ions); solvent taken as major component MeCN of 'MeCN-HCl aq'",
NHPI-mediated allylic C-H -> enone,0.1 M LiClO4/acetone,0.1,Li+,1.0,1.843e-09,ClO4-,-1.0,3.084e-09,,,"state A; Krumgalz 1983 Table 4 (pp. 580-581), read from page image","state A; Krumgalz 1983 Table 4 (pp. 580-581), read from page image",
"Alkenesulfonate from cinnamic acid, SO2 and alcohol",0.1 M Bu4NPF6/MeCN,0.1,Bu4N+,1.0,1.643e-09,PF6-,-1.0,2.737e-09,,,state B; Krumgalz 1983 Table 2 lambda0*eta=0.2122 / Table 3 eta=0.00344 P,"state A; Energy Environ. Sci. 2015, 8, 3515-3530, Table 2 p. 3518, column AN (limiting molar conductivity, 25 C); read from page image; cross-checked vs Krumgalz 1983 (<0.25% on 3 ions in MeCN) and CRC 5-75/76 (<0.35% on 5 aqueous ions)",
HMF -> FDCA (biomass),0.5 M borate buffer pH 10 aq,0.5,Na+,1.0,1.334e-09,B(OH)4-,-1.0,9.6e-10,,"pH 10 ~ pKa (9.2), roughly half B(OH)4-; Na+ counterion; D from the registry B(OH)4- row","state A; CRC Handbook 97th ed. 2016, 'Ionic Conductivity and Diffusion at Infinite Dilution' (Vanysek) p. 5-75, D column as printed; read from page image","DECLARED CLASS DEFAULT (supporting ion: it carries no flux, so its D does not enter i_lim; Table S7d) -- no lambda0 for B(OH)4- in aq in Krumgalz 1983 or CRC 5-75/5-76",
Radical-cation Diels-Alder (catalytic in e-),1 M LiClO4/MeNO2,1.0,Li+,1.0,1.435e-09,ClO4-,-1.0,1.751e-09,,,"state A; Krumgalz 1983 Table 4 (pp. 580-581), read from page image","state A; Krumgalz 1983 Table 4 (pp. 580-581), read from page image",
BQ-mediated Wacker-Tsuji oxidation,0.1 M TBAP/MeCN-H2O,0.1,Bu4N+,1.0,1.643e-09,ClO4-,-1.0,2.759e-09,,TBAP = tetrabutylammonium perchlorate; stated 0.1 M,state B; Krumgalz 1983 Table 2 lambda0*eta=0.2122 / Table 3 eta=0.00344 P; solvent taken as major component MeCN of 'MeCN-H2O',"state A; Energy Environ. Sci. 2015, 8, 3515-3530, Table 2 p. 3518, column AN (limiting molar conductivity, 25 C); read from page image; cross-checked vs Krumgalz 1983 (<0.25% on 3 ions in MeCN) and CRC 5-75/76 (<0.35% on 5 aqueous ions); solvent taken as major component MeCN of 'MeCN-H2O'",
Non-Kolbe decarboxylative alpha-methoxylation,Et3N 7.5 mM (no salt)/MeOH,0.0075,Et3NH+,1.0,1e-09,RCO2- (Et3NH+ carboxylate pair),-1.0,1.269e-09,"Medium is 'Et3N 7.5 mM (no salt)/MeOH'. Et3N deprotonates the amino acid, so the 7.5 mM ion pair is Et3NH+ / carboxylate -- there is no hydroxide. The row previously named OH- and gave it 5.27e-9 m2/s, the AQUEOUS value from CRC p.5-76, in methanol; that phantom mobile ion carried current and pushed the migration factor to x2.876, above the binary limit of 2. D_an is now the carboxylate's own diffusivity. The 7.5 mM pool is kept as a SEPARATE anion rather than folded into the carrier: folding it in leaves the carboxylate as the only anion, and since its anodic product is formally a cation the cell then has no limiting current at all (measured i/i_fick = 50 with no collapse). SEPARATELY AND STILL OPEN: the row declares 0.1 M of carboxylate while only 7.5 mM of base is present, a 13.3x counter-ion deficit -- see docs/PROVENANCE_PUSH_20260824.md section 6.",condition audit 2026-08-24,"DECLARED CLASS DEFAULT (supporting ion: it carries no flux, so its D does not enter i_lim; Table S7d) -- no lambda0 for Et3NH+ in MeOH in Krumgalz 1983 or CRC 5-75/5-76","DECLARED CLASS DEFAULT (supporting ion: it carries no flux, so its D does not enter i_lim; Table S7d) -- no lambda0 for RCO2- (Et3NH+ carboxylate pair) in MeOH in Krumgalz 1983 or CRC 5-75/5-76",0.0075
Co-H alkene isomerization (catalytic),0.1 M TBABF4/acetone,0.1,Bu4N+,1.0,1.821e-09,BF4-,-1.0,1.5e-09,,,state B; Krumgalz 1983 Table 2 solvent-independent average 0.2131 +/- 0.0024 (1.1% RSD over 11 solvents) / Table 3 eta=0.00312 P,"DECLARED CLASS DEFAULT (supporting ion: it carries no flux, so its D does not enter i_lim; Table S7d) -- no lambda0 for BF4- in acetone in Krumgalz 1983 or CRC 5-75/5-76",
Anodic oxazoline/oxazole cyclization,0.3 M LiClO4/MeCN,0.3,Li+,1.0,1.863e-09,ClO4-,-1.0,2.759e-09,,,"state A; Energy Environ. Sci. 2015, 8, 3515-3530, Table 2 p. 3518, column AN (limiting molar conductivity, 25 C); read from page image; cross-checked vs Krumgalz 1983 (<0.25% on 3 ions in MeCN) and CRC 5-75/76 (<0.35% on 5 aqueous ions)","state A; Energy Environ. Sci. 2015, 8, 3515-3530, Table 2 p. 3518, column AN (limiting molar conductivity, 25 C); read from page image; cross-checked vs Krumgalz 1983 (<0.25% on 3 ions in MeCN) and CRC 5-75/76 (<0.35% on 5 aqueous ions)",
Cathodic aryl-halide radical 5-exo cyclization,0.1 M Et4NClO4/DMF,0.1,Et4N+,1.0,9.684e-10,ClO4-,-1.0,1.374e-09,,,state B; Krumgalz 1983 Table 2 lambda0*eta=0.2884 / Table 3 eta=0.00793 P,"state A; Krumgalz 1983 Table 4 (pp. 580-581), read from page image",
Dehydrogenative lactonization (C-H/O-H),0.25 M Bu4NBF4/MeCN,0.25,Bu4N+,1.0,1.643e-09,BF4-,-1.0,2.889e-09,,,state B; Krumgalz 1983 Table 2 lambda0*eta=0.2122 / Table 3 eta=0.00344 P,"state A; Energy Environ. Sci. 2015, 8, 3515-3530, Table 2 p. 3518, column AN (limiting molar conductivity, 25 C); read from page image; cross-checked vs Krumgalz 1983 (<0.25% on 3 ions in MeCN) and CRC 5-75/76 (<0.35% on 5 aqueous ions)",
Anodic benzylic fluorination,1 M Et4NF.4HF/MeCN,1.0,Et4N+,1.0,2.263e-09,F(HF)n-,-1.0,1.5e-09,,,state B; Krumgalz 1983 Table 2 lambda0*eta=0.2924 / Table 3 eta=0.00344 P,"DECLARED CLASS DEFAULT (supporting ion: it carries no flux, so its D does not enter i_lim; Table S7d) -- no lambda0 for F(HF)n- in MeCN in Krumgalz 1983 or CRC 5-75/5-76",
Br- oxidation / electrophilic bromination,0.152 M NaBr/H2O-MeCN-MeOH-DCM 10:10:10:3,0.152,Na+,1.0,1.334e-09,Br-,-1.0,2.08e-09,Fig 5b same-experiment values; ion identities unchanged so D values are carried over,condition audit 2026-08-23,"state A; CRC Handbook 97th ed. 2016, 'Ionic Conductivity and Diffusion at Infinite Dilution' (Vanysek) p. 5-75, D column as printed; read from page image; solvent taken as major component H2O of 'H2O-MeCN-MeOH-DCM 10:10:10:3'","state A; CRC Handbook 97th ed. 2016, 'Ionic Conductivity and Diffusion at Infinite Dilution' (Vanysek) p. 5-75, D column as printed; read from page image; solvent taken as major component H2O of 'H2O-MeCN-MeOH-DCM 10:10:10:3'",
Sulfonylation of alkenes with sulfinates,0.0625 M TsOH/MeOH,0.0625,H+,1.0,3.89e-09,TsO-,-1.0,1.07e-09,paper's standard conditions carry TsOH and NO LiClO4. D from D = RT*lambda0/(z^2 F^2) with lambda0(H+/MeOH) ~ 146 and lambda0(TsO-/MeOH) ~ 40 S cm2/mol -- ESTIMATES; the proton in MeOH is NOT anomalously mobile as in water,condition audit 2026-08-23,"state A; Krumgalz 1983 Table 4 (pp. 580-581), read from page image","DECLARED CLASS DEFAULT (supporting ion: it carries no flux, so its D does not enter i_lim; Table S7d) -- no lambda0 for TsO- in MeOH in Krumgalz 1983 or CRC 5-75/5-76",
Aryl thiocyanation (NH4SCN),0.1 M LiClO4/AcOH-HCOOH,0.1,Li+,1.0,1e-09,ClO4-,-1.0,1.7e-09,,,"DECLARED CLASS DEFAULT (supporting ion: it carries no flux, so its D does not enter i_lim; Table S7d) -- no lambda0 for Li+ in AcOH in Krumgalz 1983 or CRC 5-75/5-76","DECLARED CLASS DEFAULT (supporting ion: it carries no flux, so its D does not enter i_lim; Table S7d) -- no lambda0 for ClO4- in AcOH in Krumgalz 1983 or CRC 5-75/5-76",
Anodic C-H phosphonylation of azoles,0.1 M HBF4/MeCN,0.1,H+,1.0,3e-09,BF4-,-1.0,2.889e-09,,,"DECLARED CLASS DEFAULT (supporting ion: it carries no flux, so its D does not enter i_lim; Table S7d) -- no lambda0 for H+ in MeCN in Krumgalz 1983 or CRC 5-75/5-76","state A; Energy Environ. Sci. 2015, 8, 3515-3530, Table 2 p. 3518, column AN (limiting molar conductivity, 25 C); read from page image; cross-checked vs Krumgalz 1983 (<0.25% on 3 ions in MeCN) and CRC 5-75/76 (<0.35% on 5 aqueous ions)",
N-N azo/pyrazole formation (N-H/N-H),0.01 M Bu4NPF6/HFIP,0.01,Bu4N+,1.0,3.505e-10,PF6-,-1.0,1.5e-09,,,state B; Krumgalz 1983 Table 2 solvent-independent average 0.2131 +/- 0.0024 (1.1% RSD over 11 solvents) / Table 3 eta=0.01619 P,"DECLARED CLASS DEFAULT (supporting ion: it carries no flux, so its D does not enter i_lim; Table S7d) -- no lambda0 for PF6- in HFIP in Krumgalz 1983 or CRC 5-75/5-76",
