ion,solvent,z,lambda0_cgs,D_m2s,state,basis
AcO-,aq,1,40.9,1.089e-09,A,"CRC Handbook 97th ed. 2016, 'Ionic Conductivity and Diffusion at Infinite Dilution' (Vanysek) p. 5-76, D column as printed; read from page image"
AcO-,H2O,1,40.9,1.089e-09,A,"CRC Handbook 97th ed. 2016, 'Ionic Conductivity and Diffusion at Infinite Dilution' (Vanysek) p. 5-76, D column as printed; read from page image"
Br-,aq,1,78.1,2.08e-09,A,"CRC Handbook 97th ed. 2016, 'Ionic Conductivity and Diffusion at Infinite Dilution' (Vanysek) p. 5-75, D column as printed; read from page image"
Br-,H2O,1,78.1,2.08e-09,A,"CRC Handbook 97th ed. 2016, 'Ionic Conductivity and Diffusion at Infinite Dilution' (Vanysek) p. 5-75, D column as printed; read from page image"
Bu4N+,aq,1,19.5,5.19e-10,A,"CRC Handbook 97th ed. 2016, 'Ionic Conductivity and Diffusion at Infinite Dilution' (Vanysek) p. 5-76, D column as printed; read from page image"
Bu4N+,H2O,1,19.5,5.19e-10,A,"CRC Handbook 97th ed. 2016, 'Ionic Conductivity and Diffusion at Infinite Dilution' (Vanysek) p. 5-76, D column as printed; read from page image"
CO3--,aq,2,69.3,9.23e-10,A,"CRC Handbook 97th ed. 2016, 'Ionic Conductivity and Diffusion at Infinite Dilution' (Vanysek) p. 5-75, D column as printed; read from page image"
CO3--,H2O,2,69.3,9.23e-10,A,"CRC Handbook 97th ed. 2016, 'Ionic Conductivity and Diffusion at Infinite Dilution' (Vanysek) p. 5-75, D column as printed; read from page image"
Cl-,aq,1,76.31,2.032e-09,A,"CRC Handbook 97th ed. 2016, 'Ionic Conductivity and Diffusion at Infinite Dilution' (Vanysek) p. 5-75, D column as printed; read from page image"
Cl-,H2O,1,76.31,2.032e-09,A,"CRC Handbook 97th ed. 2016, 'Ionic Conductivity and Diffusion at Infinite Dilution' (Vanysek) p. 5-75, D column as printed; read from page image"
ClO4-,aq,1,67.3,1.792e-09,A,"CRC Handbook 97th ed. 2016, 'Ionic Conductivity and Diffusion at Infinite Dilution' (Vanysek) p. 5-75, D column as printed; read from page image"
ClO4-,H2O,1,67.3,1.792e-09,A,"CRC Handbook 97th ed. 2016, 'Ionic Conductivity and Diffusion at Infinite Dilution' (Vanysek) p. 5-75, D column as printed; read from page image"
Cs+,aq,1,77.2,2.056e-09,A,"CRC Handbook 97th ed. 2016, 'Ionic Conductivity and Diffusion at Infinite Dilution' (Vanysek) p. 5-75, D column as printed; read from page image"
Cs+,H2O,1,77.2,2.056e-09,A,"CRC Handbook 97th ed. 2016, 'Ionic Conductivity and Diffusion at Infinite Dilution' (Vanysek) p. 5-75, D column as printed; read from page image"
Et3NH+,aq,1,34.3,9.13e-10,A,"CRC Handbook 97th ed. 2016, 'Ionic Conductivity and Diffusion at Infinite Dilution' (Vanysek) p. 5-76, D column as printed; read from page image"
Et3NH+,H2O,1,34.3,9.13e-10,A,"CRC Handbook 97th ed. 2016, 'Ionic Conductivity and Diffusion at Infinite Dilution' (Vanysek) p. 5-76, D column as printed; read from page image"
Et4N+,aq,1,32.6,8.68e-10,A,"CRC Handbook 97th ed. 2016, 'Ionic Conductivity and Diffusion at Infinite Dilution' (Vanysek) p. 5-76, D column as printed; read from page image"
Et4N+,H2O,1,32.6,8.68e-10,A,"CRC Handbook 97th ed. 2016, 'Ionic Conductivity and Diffusion at Infinite Dilution' (Vanysek) p. 5-76, D column as printed; read from page image"
F-,aq,1,55.4,1.475e-09,A,"CRC Handbook 97th ed. 2016, 'Ionic Conductivity and Diffusion at Infinite Dilution' (Vanysek) p. 5-76, D column as printed; read from page image"
F-,H2O,1,55.4,1.475e-09,A,"CRC Handbook 97th ed. 2016, 'Ionic Conductivity and Diffusion at Infinite Dilution' (Vanysek) p. 5-76, D column as printed; read from page image"
H+,aq,1,349.65,9.311e-09,A,"CRC Handbook 97th ed. 2016, 'Ionic Conductivity and Diffusion at Infinite Dilution' (Vanysek) p. 5-75, D column as printed; read from page image"
H+,H2O,1,349.65,9.311e-09,A,"CRC Handbook 97th ed. 2016, 'Ionic Conductivity and Diffusion at Infinite Dilution' (Vanysek) p. 5-75, D column as printed; read from page image"
HCO3-,aq,1,44.5,1.185e-09,A,"CRC Handbook 97th ed. 2016, 'Ionic Conductivity and Diffusion at Infinite Dilution' (Vanysek) p. 5-76, D column as printed; read from page image"
HCO3-,H2O,1,44.5,1.185e-09,A,"CRC Handbook 97th ed. 2016, 'Ionic Conductivity and Diffusion at Infinite Dilution' (Vanysek) p. 5-76, D column as printed; read from page image"
HSO4-,aq,1,52.0,1.385e-09,A,"CRC Handbook 97th ed. 2016, 'Ionic Conductivity and Diffusion at Infinite Dilution' (Vanysek) p. 5-76, D column as printed; read from page image"
HSO4-,H2O,1,52.0,1.385e-09,A,"CRC Handbook 97th ed. 2016, 'Ionic Conductivity and Diffusion at Infinite Dilution' (Vanysek) p. 5-76, D column as printed; read from page image"
I-,aq,1,76.8,2.045e-09,A,"CRC Handbook 97th ed. 2016, 'Ionic Conductivity and Diffusion at Infinite Dilution' (Vanysek) p. 5-76, D column as printed; read from page image"
I-,H2O,1,76.8,2.045e-09,A,"CRC Handbook 97th ed. 2016, 'Ionic Conductivity and Diffusion at Infinite Dilution' (Vanysek) p. 5-76, D column as printed; read from page image"
K+,aq,1,73.48,1.957e-09,A,"CRC Handbook 97th ed. 2016, 'Ionic Conductivity and Diffusion at Infinite Dilution' (Vanysek) p. 5-75, D column as printed; read from page image"
K+,H2O,1,73.48,1.957e-09,A,"CRC Handbook 97th ed. 2016, 'Ionic Conductivity and Diffusion at Infinite Dilution' (Vanysek) p. 5-75, D column as printed; read from page image"
Li+,aq,1,38.66,1.029e-09,A,"CRC Handbook 97th ed. 2016, 'Ionic Conductivity and Diffusion at Infinite Dilution' (Vanysek) p. 5-75, D column as printed; read from page image"
Li+,H2O,1,38.66,1.029e-09,A,"CRC Handbook 97th ed. 2016, 'Ionic Conductivity and Diffusion at Infinite Dilution' (Vanysek) p. 5-75, D column as printed; read from page image"
Me4N+,aq,1,44.9,1.196e-09,A,"CRC Handbook 97th ed. 2016, 'Ionic Conductivity and Diffusion at Infinite Dilution' (Vanysek) p. 5-76, D column as printed; read from page image"
Me4N+,H2O,1,44.9,1.196e-09,A,"CRC Handbook 97th ed. 2016, 'Ionic Conductivity and Diffusion at Infinite Dilution' (Vanysek) p. 5-76, D column as printed; read from page image"
NH4+,aq,1,73.5,1.957e-09,A,"CRC Handbook 97th ed. 2016, 'Ionic Conductivity and Diffusion at Infinite Dilution' (Vanysek) p. 5-75, D column as printed; read from page image"
NH4+,H2O,1,73.5,1.957e-09,A,"CRC Handbook 97th ed. 2016, 'Ionic Conductivity and Diffusion at Infinite Dilution' (Vanysek) p. 5-75, D column as printed; read from page image"
NO3-,aq,1,71.42,1.902e-09,A,"CRC Handbook 97th ed. 2016, 'Ionic Conductivity and Diffusion at Infinite Dilution' (Vanysek) p. 5-76, D column as printed; read from page image"
NO3-,H2O,1,71.42,1.902e-09,A,"CRC Handbook 97th ed. 2016, 'Ionic Conductivity and Diffusion at Infinite Dilution' (Vanysek) p. 5-76, D column as printed; read from page image"
Na+,aq,1,50.08,1.334e-09,A,"CRC Handbook 97th ed. 2016, 'Ionic Conductivity and Diffusion at Infinite Dilution' (Vanysek) p. 5-75, D column as printed; read from page image"
Na+,H2O,1,50.08,1.334e-09,A,"CRC Handbook 97th ed. 2016, 'Ionic Conductivity and Diffusion at Infinite Dilution' (Vanysek) p. 5-75, D column as printed; read from page image"
OH-,aq,1,198.0,5.273e-09,A,"CRC Handbook 97th ed. 2016, 'Ionic Conductivity and Diffusion at Infinite Dilution' (Vanysek) p. 5-76, D column as printed; read from page image"
OH-,H2O,1,198.0,5.273e-09,A,"CRC Handbook 97th ed. 2016, 'Ionic Conductivity and Diffusion at Infinite Dilution' (Vanysek) p. 5-76, D column as printed; read from page image"
PF6-,aq,1,56.9,1.515e-09,A,"CRC Handbook 97th ed. 2016, 'Ionic Conductivity and Diffusion at Infinite Dilution' (Vanysek) p. 5-76, D column as printed; read from page image"
PF6-,H2O,1,56.9,1.515e-09,A,"CRC Handbook 97th ed. 2016, 'Ionic Conductivity and Diffusion at Infinite Dilution' (Vanysek) p. 5-76, D column as printed; read from page image"
SCN-,aq,1,66.0,1.758e-09,A,"CRC Handbook 97th ed. 2016, 'Ionic Conductivity and Diffusion at Infinite Dilution' (Vanysek) p. 5-76, D column as printed; read from page image"
SCN-,H2O,1,66.0,1.758e-09,A,"CRC Handbook 97th ed. 2016, 'Ionic Conductivity and Diffusion at Infinite Dilution' (Vanysek) p. 5-76, D column as printed; read from page image"
Et4N+,THF,1,68.26,1.818e-09,B,"per-ion lambda0*eta transfer: mean 0.3140 (RSD 6.1%, n=9 non-aqueous solvents, all from Krumgalz 1983 / EES 2015 in this file) divided by eta(THF)=0.00460 P. STATE B -- a transfer, not a measurement in this solvent; carried only because this ion's lambda0*eta is constant to <12%, the criterion Krumgalz sets for non-solvated ions."
Me4N+,acetone,1,110.24,2.935e-09,B,"per-ion lambda0*eta transfer: mean 0.3435 (RSD 6.8%, n=9 non-aqueous solvents, all from Krumgalz 1983 / EES 2015 in this file) divided by eta(acetone)=0.00312 P. STATE B -- a transfer, not a measurement in this solvent; carried only because this ion's lambda0*eta is constant to <12%, the criterion Krumgalz sets for non-solvated ions."
AsF6-,MeCN,1,100.1,2.666e-09,A,"Energy Environ. Sci. 2015, 8, 3515-3530, Table 2 p. 3518, column AN (limiting molar conductivity, 25 C); read from page image; cross-checked vs Krumgalz 1983 (<0.25% on 3 ions in MeCN) and CRC 5-75/76 (<0.35% on 5 aqueous ions)"
AsF6-,GBL,1,25.92,6.902e-10,A,"Energy Environ. Sci. 2015, 8, 3515-3530, Table 2 p. 3518, column GBL (limiting molar conductivity, 25 C); read from page image; cross-checked vs Krumgalz 1983 (<0.25% on 3 ions in MeCN) and CRC 5-75/76 (<0.35% on 5 aqueous ions)"
AsF6-,PC,1,17.58,4.681e-10,A,"Energy Environ. Sci. 2015, 8, 3515-3530, Table 2 p. 3518, column PC (limiting molar conductivity, 25 C); read from page image; cross-checked vs Krumgalz 1983 (<0.25% on 3 ions in MeCN) and CRC 5-75/76 (<0.35% on 5 aqueous ions)"
BF4-,MeCN,1,108.5,2.889e-09,A,"Energy Environ. Sci. 2015, 8, 3515-3530, Table 2 p. 3518, column AN (limiting molar conductivity, 25 C); read from page image; cross-checked vs Krumgalz 1983 (<0.25% on 3 ions in MeCN) and CRC 5-75/76 (<0.35% on 5 aqueous ions)"
BF4-,GBL,1,30.77,8.194e-10,A,"Energy Environ. Sci. 2015, 8, 3515-3530, Table 2 p. 3518, column GBL (limiting molar conductivity, 25 C); read from page image; cross-checked vs Krumgalz 1983 (<0.25% on 3 ions in MeCN) and CRC 5-75/76 (<0.35% on 5 aqueous ions)"
BF4-,PC,1,20.43,5.44e-10,A,"Energy Environ. Sci. 2015, 8, 3515-3530, Table 2 p. 3518, column PC (limiting molar conductivity, 25 C); read from page image; cross-checked vs Krumgalz 1983 (<0.25% on 3 ions in MeCN) and CRC 5-75/76 (<0.35% on 5 aqueous ions)"
BPh4-,MeCN,1,58.02,1.545e-09,A,"Energy Environ. Sci. 2015, 8, 3515-3530, Table 2 p. 3518, column AN (limiting molar conductivity, 25 C); read from page image; cross-checked vs Krumgalz 1983 (<0.25% on 3 ions in MeCN) and CRC 5-75/76 (<0.35% on 5 aqueous ions)"
BPh4-,GBL,1,11.67,3.108e-10,A,"Energy Environ. Sci. 2015, 8, 3515-3530, Table 2 p. 3518, column GBL (limiting molar conductivity, 25 C); read from page image; cross-checked vs Krumgalz 1983 (<0.25% on 3 ions in MeCN) and CRC 5-75/76 (<0.35% on 5 aqueous ions)"
BPh4-,PC,1,8.52,2.269e-10,A,"Energy Environ. Sci. 2015, 8, 3515-3530, Table 2 p. 3518, column PC (limiting molar conductivity, 25 C); read from page image; cross-checked vs Krumgalz 1983 (<0.25% on 3 ions in MeCN) and CRC 5-75/76 (<0.35% on 5 aqueous ions)"
Bu4N+,MeCN,1,61.63,1.641e-09,A,"Energy Environ. Sci. 2015, 8, 3515-3530, Table 2 p. 3518, column AN (limiting molar conductivity, 25 C); read from page image; cross-checked vs Krumgalz 1983 (<0.25% on 3 ions in MeCN) and CRC 5-75/76 (<0.35% on 5 aqueous ions)"
Bu4N+,GBL,1,14.03,3.736e-10,A,"Energy Environ. Sci. 2015, 8, 3515-3530, Table 2 p. 3518, column GBL (limiting molar conductivity, 25 C); read from page image; cross-checked vs Krumgalz 1983 (<0.25% on 3 ions in MeCN) and CRC 5-75/76 (<0.35% on 5 aqueous ions)"
Bu4N+,PC,1,9.09,2.421e-10,A,"Energy Environ. Sci. 2015, 8, 3515-3530, Table 2 p. 3518, column PC (limiting molar conductivity, 25 C); read from page image; cross-checked vs Krumgalz 1983 (<0.25% on 3 ions in MeCN) and CRC 5-75/76 (<0.35% on 5 aqueous ions)"
Bu4N+,THF,1,43.8,1.166e-09,A,"Energy Environ. Sci. 2015, 8, 3515-3530, Table 2 p. 3518, column THF (limiting molar conductivity, 25 C); read from page image; cross-checked vs Krumgalz 1983 (<0.25% on 3 ions in MeCN) and CRC 5-75/76 (<0.35% on 5 aqueous ions)"
CF3SO3-,MeCN,1,96.3,2.564e-09,A,"Energy Environ. Sci. 2015, 8, 3515-3530, Table 2 p. 3518, column AN (limiting molar conductivity, 25 C); read from page image; cross-checked vs Krumgalz 1983 (<0.25% on 3 ions in MeCN) and CRC 5-75/76 (<0.35% on 5 aqueous ions)"
CF3SO3-,GBL,1,24.93,6.638e-10,A,"Energy Environ. Sci. 2015, 8, 3515-3530, Table 2 p. 3518, column GBL (limiting molar conductivity, 25 C); read from page image; cross-checked vs Krumgalz 1983 (<0.25% on 3 ions in MeCN) and CRC 5-75/76 (<0.35% on 5 aqueous ions)"
CF3SO3-,PC,1,16.89,4.498e-10,A,"Energy Environ. Sci. 2015, 8, 3515-3530, Table 2 p. 3518, column PC (limiting molar conductivity, 25 C); read from page image; cross-checked vs Krumgalz 1983 (<0.25% on 3 ions in MeCN) and CRC 5-75/76 (<0.35% on 5 aqueous ions)"
ClO4-,MeCN,1,103.6,2.759e-09,A,"Energy Environ. Sci. 2015, 8, 3515-3530, Table 2 p. 3518, column AN (limiting molar conductivity, 25 C); read from page image; cross-checked vs Krumgalz 1983 (<0.25% on 3 ions in MeCN) and CRC 5-75/76 (<0.35% on 5 aqueous ions)"
ClO4-,GBL,1,28.45,7.576e-10,A,"Energy Environ. Sci. 2015, 8, 3515-3530, Table 2 p. 3518, column GBL (limiting molar conductivity, 25 C); read from page image; cross-checked vs Krumgalz 1983 (<0.25% on 3 ions in MeCN) and CRC 5-75/76 (<0.35% on 5 aqueous ions)"
ClO4-,PC,1,18.93,5.041e-10,A,"Energy Environ. Sci. 2015, 8, 3515-3530, Table 2 p. 3518, column PC (limiting molar conductivity, 25 C); read from page image; cross-checked vs Krumgalz 1983 (<0.25% on 3 ions in MeCN) and CRC 5-75/76 (<0.35% on 5 aqueous ions)"
ClO4-,THF,1,88.9,2.367e-09,A,"Energy Environ. Sci. 2015, 8, 3515-3530, Table 2 p. 3518, column THF (limiting molar conductivity, 25 C); read from page image; cross-checked vs Krumgalz 1983 (<0.25% on 3 ions in MeCN) and CRC 5-75/76 (<0.35% on 5 aqueous ions)"
Et4N+,MeCN,1,85.19,2.268e-09,A,"Energy Environ. Sci. 2015, 8, 3515-3530, Table 2 p. 3518, column AN (limiting molar conductivity, 25 C); read from page image; cross-checked vs Krumgalz 1983 (<0.25% on 3 ions in MeCN) and CRC 5-75/76 (<0.35% on 5 aqueous ions)"
Et4N+,GBL,1,19.32,5.145e-10,A,"Energy Environ. Sci. 2015, 8, 3515-3530, Table 2 p. 3518, column GBL (limiting molar conductivity, 25 C); read from page image; cross-checked vs Krumgalz 1983 (<0.25% on 3 ions in MeCN) and CRC 5-75/76 (<0.35% on 5 aqueous ions)"
Et4N+,PC,1,13.5,3.595e-10,A,"Energy Environ. Sci. 2015, 8, 3515-3530, Table 2 p. 3518, column PC (limiting molar conductivity, 25 C); read from page image; cross-checked vs Krumgalz 1983 (<0.25% on 3 ions in MeCN) and CRC 5-75/76 (<0.35% on 5 aqueous ions)"
Li+,MeCN,1,69.97,1.863e-09,A,"Energy Environ. Sci. 2015, 8, 3515-3530, Table 2 p. 3518, column AN (limiting molar conductivity, 25 C); read from page image; cross-checked vs Krumgalz 1983 (<0.25% on 3 ions in MeCN) and CRC 5-75/76 (<0.35% on 5 aqueous ions)"
Li+,GBL,1,13.99,3.725e-10,A,"Energy Environ. Sci. 2015, 8, 3515-3530, Table 2 p. 3518, column GBL (limiting molar conductivity, 25 C); read from page image; cross-checked vs Krumgalz 1983 (<0.25% on 3 ions in MeCN) and CRC 5-75/76 (<0.35% on 5 aqueous ions)"
Li+,PC,1,8.43,2.245e-10,A,"Energy Environ. Sci. 2015, 8, 3515-3530, Table 2 p. 3518, column PC (limiting molar conductivity, 25 C); read from page image; cross-checked vs Krumgalz 1983 (<0.25% on 3 ions in MeCN) and CRC 5-75/76 (<0.35% on 5 aqueous ions)"
Me4N+,MeCN,1,94.52,2.517e-09,A,"Energy Environ. Sci. 2015, 8, 3515-3530, Table 2 p. 3518, column AN (limiting molar conductivity, 25 C); read from page image; cross-checked vs Krumgalz 1983 (<0.25% on 3 ions in MeCN) and CRC 5-75/76 (<0.35% on 5 aqueous ions)"
Me4N+,GBL,1,21.52,5.73e-10,A,"Energy Environ. Sci. 2015, 8, 3515-3530, Table 2 p. 3518, column GBL (limiting molar conductivity, 25 C); read from page image; cross-checked vs Krumgalz 1983 (<0.25% on 3 ions in MeCN) and CRC 5-75/76 (<0.35% on 5 aqueous ions)"
Me4N+,PC,1,14.5,3.861e-10,A,"Energy Environ. Sci. 2015, 8, 3515-3530, Table 2 p. 3518, column PC (limiting molar conductivity, 25 C); read from page image; cross-checked vs Krumgalz 1983 (<0.25% on 3 ions in MeCN) and CRC 5-75/76 (<0.35% on 5 aqueous ions)"
PF6-,MeCN,1,102.8,2.737e-09,A,"Energy Environ. Sci. 2015, 8, 3515-3530, Table 2 p. 3518, column AN (limiting molar conductivity, 25 C); read from page image; cross-checked vs Krumgalz 1983 (<0.25% on 3 ions in MeCN) and CRC 5-75/76 (<0.35% on 5 aqueous ions)"
PF6-,GBL,1,26.7,7.11e-10,A,"Energy Environ. Sci. 2015, 8, 3515-3530, Table 2 p. 3518, column GBL (limiting molar conductivity, 25 C); read from page image; cross-checked vs Krumgalz 1983 (<0.25% on 3 ions in MeCN) and CRC 5-75/76 (<0.35% on 5 aqueous ions)"
PF6-,PC,1,17.86,4.756e-10,A,"Energy Environ. Sci. 2015, 8, 3515-3530, Table 2 p. 3518, column PC (limiting molar conductivity, 25 C); read from page image; cross-checked vs Krumgalz 1983 (<0.25% on 3 ions in MeCN) and CRC 5-75/76 (<0.35% on 5 aqueous ions)"
PF6-,THF,1,77.5,2.064e-09,A,"Energy Environ. Sci. 2015, 8, 3515-3530, Table 2 p. 3518, column THF (limiting molar conductivity, 25 C); read from page image; cross-checked vs Krumgalz 1983 (<0.25% on 3 ions in MeCN) and CRC 5-75/76 (<0.35% on 5 aqueous ions)"
Pr4N+,MeCN,1,70.2,1.869e-09,A,"Energy Environ. Sci. 2015, 8, 3515-3530, Table 2 p. 3518, column AN (limiting molar conductivity, 25 C); read from page image; cross-checked vs Krumgalz 1983 (<0.25% on 3 ions in MeCN) and CRC 5-75/76 (<0.35% on 5 aqueous ions)"
Pr4N+,PC,1,10.47,2.788e-10,A,"Energy Environ. Sci. 2015, 8, 3515-3530, Table 2 p. 3518, column PC (limiting molar conductivity, 25 C); read from page image; cross-checked vs Krumgalz 1983 (<0.25% on 3 ions in MeCN) and CRC 5-75/76 (<0.35% on 5 aqueous ions)"
Br-,DMA,1,43.21,1.151e-09,A,"Krumgalz 1983 Table 4 (pp. 580-581), read from page image"
Cl-,DMA,1,45.94,1.223e-09,A,"Krumgalz 1983 Table 4 (pp. 580-581), read from page image"
ClO4-,DMA,1,42.8,1.14e-09,A,"Krumgalz 1983 Table 4 (pp. 580-581), read from page image"
I-,DMA,1,41.8,1.113e-09,A,"Krumgalz 1983 Table 4 (pp. 580-581), read from page image"
K+,DMA,1,25.31,6.74e-10,A,"Krumgalz 1983 Table 4 (pp. 580-581), read from page image"
Li+,DMA,1,20.29,5.403e-10,A,"Krumgalz 1983 Table 4 (pp. 580-581), read from page image"
NH4+,DMA,1,35.91,9.562e-10,A,"Krumgalz 1983 Table 4 (pp. 580-581), read from page image"
NO3-,DMA,1,47.0,1.252e-09,A,"Krumgalz 1983 Table 4 (pp. 580-581), read from page image"
Na+,DMA,1,25.69,6.841e-10,A,"Krumgalz 1983 Table 4 (pp. 580-581), read from page image"
SCN-,DMA,1,48.84,1.301e-09,A,"Krumgalz 1983 Table 4 (pp. 580-581), read from page image"
Br-,DMF,1,53.4,1.422e-09,A,"Krumgalz 1983 Table 4 (pp. 580-581), read from page image"
Cl-,DMF,1,53.8,1.433e-09,A,"Krumgalz 1983 Table 4 (pp. 580-581), read from page image"
ClO4-,DMF,1,51.6,1.374e-09,A,"Krumgalz 1983 Table 4 (pp. 580-581), read from page image"
H+,DMF,1,35.0,9.32e-10,A,"Krumgalz 1983 Table 4 (pp. 580-581), read from page image"
I-,DMF,1,51.1,1.361e-09,A,"Krumgalz 1983 Table 4 (pp. 580-581), read from page image"
K+,DMF,1,31.6,8.415e-10,A,"Krumgalz 1983 Table 4 (pp. 580-581), read from page image"
Li+,DMF,1,26.1,6.95e-10,A,"Krumgalz 1983 Table 4 (pp. 580-581), read from page image"
NH4+,DMF,1,39.4,1.049e-09,A,"Krumgalz 1983 Table 4 (pp. 580-581), read from page image"
NO3-,DMF,1,57.1,1.52e-09,A,"Krumgalz 1983 Table 4 (pp. 580-581), read from page image"
Na+,DMF,1,30.0,7.989e-10,A,"Krumgalz 1983 Table 4 (pp. 580-581), read from page image"
SCN-,DMF,1,59.2,1.576e-09,A,"Krumgalz 1983 Table 4 (pp. 580-581), read from page image"
Br-,DMSO,1,23.76,6.327e-10,A,"Krumgalz 1983 Table 4 (pp. 580-581), read from page image"
Cl-,DMSO,1,23.41,6.234e-10,A,"Krumgalz 1983 Table 4 (pp. 580-581), read from page image"
ClO4-,DMSO,1,24.39,6.495e-10,A,"Krumgalz 1983 Table 4 (pp. 580-581), read from page image"
H+,DMSO,1,15.5,4.127e-10,A,"Krumgalz 1983 Table 4 (pp. 580-581), read from page image"
I-,DMSO,1,23.59,6.282e-10,A,"Krumgalz 1983 Table 4 (pp. 580-581), read from page image"
K+,DMSO,1,14.69,3.912e-10,A,"Krumgalz 1983 Table 4 (pp. 580-581), read from page image"
Li+,DMSO,1,11.77,3.134e-10,A,"Krumgalz 1983 Table 4 (pp. 580-581), read from page image"
NO3-,DMSO,1,26.84,7.147e-10,A,"Krumgalz 1983 Table 4 (pp. 580-581), read from page image"
Na+,DMSO,1,13.94,3.712e-10,A,"Krumgalz 1983 Table 4 (pp. 580-581), read from page image"
SCN-,DMSO,1,28.93,7.704e-10,A,"Krumgalz 1983 Table 4 (pp. 580-581), read from page image"
AcO-,EtOH,1,23.0,6.125e-10,A,"Krumgalz 1983 Table 4 (pp. 580-581), read from page image"
Br-,EtOH,1,24.5,6.524e-10,A,"Krumgalz 1983 Table 4 (pp. 580-581), read from page image"
Cl-,EtOH,1,21.85,5.818e-10,A,"Krumgalz 1983 Table 4 (pp. 580-581), read from page image"
ClO4-,EtOH,1,30.5,8.122e-10,A,"Krumgalz 1983 Table 4 (pp. 580-581), read from page image"
H+,EtOH,1,62.7,1.67e-09,A,"Krumgalz 1983 Table 4 (pp. 580-581), read from page image"
I-,EtOH,1,27.04,7.2e-10,A,"Krumgalz 1983 Table 4 (pp. 580-581), read from page image"
K+,EtOH,1,23.54,6.268e-10,A,"Krumgalz 1983 Table 4 (pp. 580-581), read from page image"
Li+,EtOH,1,17.05,4.54e-10,A,"Krumgalz 1983 Table 4 (pp. 580-581), read from page image"
NH4+,EtOH,1,22.05,5.872e-10,A,"Krumgalz 1983 Table 4 (pp. 580-581), read from page image"
NO3-,EtOH,1,24.82,6.609e-10,A,"Krumgalz 1983 Table 4 (pp. 580-581), read from page image"
Na+,EtOH,1,20.31,5.408e-10,A,"Krumgalz 1983 Table 4 (pp. 580-581), read from page image"
SCN-,EtOH,1,27.51,7.325e-10,A,"Krumgalz 1983 Table 4 (pp. 580-581), read from page image"
Br-,HFIP,1,14.66,3.904e-10,A,"Krumgalz 1983 Table 4 (pp. 580-581), read from page image"
Cl-,HFIP,1,13.83,3.683e-10,A,"Krumgalz 1983 Table 4 (pp. 580-581), read from page image"
ClO4-,HFIP,1,16.78,4.468e-10,A,"Krumgalz 1983 Table 4 (pp. 580-581), read from page image"
I-,HFIP,1,15.43,4.109e-10,A,"Krumgalz 1983 Table 4 (pp. 580-581), read from page image"
Br-,MeCN,1,100.7,2.681e-09,A,"Krumgalz 1983 Table 4 (pp. 580-581), read from page image"
Cl-,MeCN,1,100.4,2.673e-09,A,"Krumgalz 1983 Table 4 (pp. 580-581), read from page image"
I-,MeCN,1,102.6,2.732e-09,A,"Krumgalz 1983 Table 4 (pp. 580-581), read from page image"
K+,MeCN,1,83.7,2.229e-09,A,"Krumgalz 1983 Table 4 (pp. 580-581), read from page image"
NH4+,MeCN,1,97.1,2.586e-09,A,"Krumgalz 1983 Table 4 (pp. 580-581), read from page image"
NO3-,MeCN,1,106.2,2.828e-09,A,"Krumgalz 1983 Table 4 (pp. 580-581), read from page image"
Na+,MeCN,1,76.8,2.045e-09,A,"Krumgalz 1983 Table 4 (pp. 580-581), read from page image"
SCN-,MeCN,1,113.3,3.017e-09,A,"Krumgalz 1983 Table 4 (pp. 580-581), read from page image"
Br-,MeNO2,1,62.82,1.673e-09,A,"Krumgalz 1983 Table 4 (pp. 580-581), read from page image"
Cl-,MeNO2,1,62.5,1.664e-09,A,"Krumgalz 1983 Table 4 (pp. 580-581), read from page image"
ClO4-,MeNO2,1,65.75,1.751e-09,A,"Krumgalz 1983 Table 4 (pp. 580-581), read from page image"
H+,MeNO2,1,64.5,1.718e-09,A,"Krumgalz 1983 Table 4 (pp. 580-581), read from page image"
I-,MeNO2,1,63.61,1.694e-09,A,"Krumgalz 1983 Table 4 (pp. 580-581), read from page image"
K+,MeNO2,1,58.12,1.548e-09,A,"Krumgalz 1983 Table 4 (pp. 580-581), read from page image"
Li+,MeNO2,1,53.89,1.435e-09,A,"Krumgalz 1983 Table 4 (pp. 580-581), read from page image"
NH4+,MeNO2,1,62.75,1.671e-09,A,"Krumgalz 1983 Table 4 (pp. 580-581), read from page image"
NO3-,MeNO2,1,66.65,1.775e-09,A,"Krumgalz 1983 Table 4 (pp. 580-581), read from page image"
Na+,MeNO2,1,56.75,1.511e-09,A,"Krumgalz 1983 Table 4 (pp. 580-581), read from page image"
SCN-,MeNO2,1,72.05,1.919e-09,A,"Krumgalz 1983 Table 4 (pp. 580-581), read from page image"
Br-,MeOH,1,56.53,1.505e-09,A,"Krumgalz 1983 Table 4 (pp. 580-581), read from page image"
Cl-,MeOH,1,52.38,1.395e-09,A,"Krumgalz 1983 Table 4 (pp. 580-581), read from page image"
ClO4-,MeOH,1,70.78,1.885e-09,A,"Krumgalz 1983 Table 4 (pp. 580-581), read from page image"
H+,MeOH,1,146.1,3.89e-09,A,"Krumgalz 1983 Table 4 (pp. 580-581), read from page image"
I-,MeOH,1,62.63,1.668e-09,A,"Krumgalz 1983 Table 4 (pp. 580-581), read from page image"
K+,MeOH,1,52.4,1.395e-09,A,"Krumgalz 1983 Table 4 (pp. 580-581), read from page image"
Li+,MeOH,1,39.59,1.054e-09,A,"Krumgalz 1983 Table 4 (pp. 580-581), read from page image"
NH4+,MeOH,1,57.6,1.534e-09,A,"Krumgalz 1983 Table 4 (pp. 580-581), read from page image"
NO3-,MeOH,1,60.95,1.623e-09,A,"Krumgalz 1983 Table 4 (pp. 580-581), read from page image"
Na+,MeOH,1,45.23,1.204e-09,A,"Krumgalz 1983 Table 4 (pp. 580-581), read from page image"
SCN-,MeOH,1,61.88,1.648e-09,A,"Krumgalz 1983 Table 4 (pp. 580-581), read from page image"
Br-,TFE,1,19.0,5.059e-10,A,"Krumgalz 1983 Table 4 (pp. 580-581), read from page image"
Cl-,TFE,1,17.64,4.697e-10,A,"Krumgalz 1983 Table 4 (pp. 580-581), read from page image"
ClO4-,TFE,1,22.77,6.063e-10,A,"Krumgalz 1983 Table 4 (pp. 580-581), read from page image"
I-,TFE,1,20.92,5.571e-10,A,"Krumgalz 1983 Table 4 (pp. 580-581), read from page image"
K+,TFE,1,15.82,4.213e-10,A,"Krumgalz 1983 Table 4 (pp. 580-581), read from page image"
Li+,TFE,1,9.02,2.402e-10,A,"Krumgalz 1983 Table 4 (pp. 580-581), read from page image"
Br-,acetone,1,113.9,3.033e-09,A,"Krumgalz 1983 Table 4 (pp. 580-581), read from page image"
Cl-,acetone,1,109.3,2.91e-09,A,"Krumgalz 1983 Table 4 (pp. 580-581), read from page image"
ClO4-,acetone,1,115.8,3.084e-09,A,"Krumgalz 1983 Table 4 (pp. 580-581), read from page image"
I-,acetone,1,116.2,3.094e-09,A,"Krumgalz 1983 Table 4 (pp. 580-581), read from page image"
K+,acetone,1,81.1,2.16e-09,A,"Krumgalz 1983 Table 4 (pp. 580-581), read from page image"
Li+,acetone,1,69.2,1.843e-09,A,"Krumgalz 1983 Table 4 (pp. 580-581), read from page image"
NH4+,acetone,1,89.5,2.383e-09,A,"Krumgalz 1983 Table 4 (pp. 580-581), read from page image"
NO3-,acetone,1,127.2,3.387e-09,A,"Krumgalz 1983 Table 4 (pp. 580-581), read from page image"
Na+,acetone,1,70.2,1.869e-09,A,"Krumgalz 1983 Table 4 (pp. 580-581), read from page image"
SCN-,acetone,1,121.3,3.23e-09,A,"Krumgalz 1983 Table 4 (pp. 580-581), read from page image"
Bu4N+,DMA,1,22.91,6.099e-10,B,Krumgalz 1983 Table 2 lambda0*eta=0.2105 / Table 3 eta=0.00919 P
Bu4N+,DMF,1,26.68,7.105e-10,B,Krumgalz 1983 Table 2 lambda0*eta=0.2116 / Table 3 eta=0.00793 P
Bu4N+,DMSO,1,10.93,2.911e-10,B,Krumgalz 1983 Table 2 lambda0*eta=0.2146 / Table 3 eta=0.01963 P
Bu4N+,EtOH,1,19.44,5.177e-10,B,Krumgalz 1983 Table 2 lambda0*eta=0.2131 / Table 3 eta=0.01096 P
Bu4N+,MeCN,1,61.69,1.643e-09,B,Krumgalz 1983 Table 2 lambda0*eta=0.2122 / Table 3 eta=0.00344 P
Bu4N+,MeNO2,1,34.9,9.294e-10,B,Krumgalz 1983 Table 2 lambda0*eta=0.2136 / Table 3 eta=0.00612 P
Bu4N+,MeOH,1,39.14,1.042e-09,B,Krumgalz 1983 Table 2 lambda0*eta=0.2133 / Table 3 eta=0.00545 P
Bu4N+,formamide,1,6.54,1.741e-10,B,Krumgalz 1983 Table 2 lambda0*eta=0.2157 / Table 3 eta=0.03300 P
Et4N+,DMA,1,32.96,8.777e-10,B,Krumgalz 1983 Table 2 lambda0*eta=0.3029 / Table 3 eta=0.00919 P
Et4N+,DMF,1,36.37,9.684e-10,B,Krumgalz 1983 Table 2 lambda0*eta=0.2884 / Table 3 eta=0.00793 P
Et4N+,DMSO,1,16.39,4.364e-10,B,Krumgalz 1983 Table 2 lambda0*eta=0.3217 / Table 3 eta=0.01963 P
Et4N+,EtOH,1,28.73,7.651e-10,B,Krumgalz 1983 Table 2 lambda0*eta=0.3149 / Table 3 eta=0.01096 P
Et4N+,MeCN,1,85.0,2.263e-09,B,Krumgalz 1983 Table 2 lambda0*eta=0.2924 / Table 3 eta=0.00344 P
Et4N+,MeNO2,1,48.82,1.3e-09,B,Krumgalz 1983 Table 2 lambda0*eta=0.2988 / Table 3 eta=0.00612 P
Et4N+,MeOH,1,61.12,1.628e-09,B,Krumgalz 1983 Table 2 lambda0*eta=0.3331 / Table 3 eta=0.00545 P
Et4N+,formamide,1,10.44,2.78e-10,B,Krumgalz 1983 Table 2 lambda0*eta=0.3445 / Table 3 eta=0.03300 P
Me4N+,DMA,1,34.97,9.313e-10,B,Krumgalz 1983 Table 2 lambda0*eta=0.3214 / Table 3 eta=0.00919 P
Me4N+,DMF,1,39.53,1.053e-09,B,Krumgalz 1983 Table 2 lambda0*eta=0.3135 / Table 3 eta=0.00793 P
Me4N+,DMSO,1,17.93,4.775e-10,B,Krumgalz 1983 Table 2 lambda0*eta=0.3520 / Table 3 eta=0.01963 P
Me4N+,EtOH,1,29.61,7.884e-10,B,Krumgalz 1983 Table 2 lambda0*eta=0.3245 / Table 3 eta=0.01096 P
Me4N+,MeCN,1,94.51,2.517e-09,B,Krumgalz 1983 Table 2 lambda0*eta=0.3251 / Table 3 eta=0.00344 P
Me4N+,MeNO2,1,56.08,1.493e-09,B,Krumgalz 1983 Table 2 lambda0*eta=0.3432 / Table 3 eta=0.00612 P
Me4N+,MeOH,1,68.79,1.832e-09,B,Krumgalz 1983 Table 2 lambda0*eta=0.3749 / Table 3 eta=0.00545 P
Me4N+,formamide,1,12.84,3.419e-10,B,Krumgalz 1983 Table 2 lambda0*eta=0.4237 / Table 3 eta=0.03300 P
Bu4N+,HFIP,1,13.16,3.505e-10,B,Krumgalz 1983 Table 2 solvent-independent average 0.2131 +/- 0.0024 (1.1% RSD over 11 solvents) / Table 3 eta=0.01619 P
Bu4N+,TFE,1,11.97,3.188e-10,B,Krumgalz 1983 Table 2 solvent-independent average 0.2131 +/- 0.0024 (1.1% RSD over 11 solvents) / Table 3 eta=0.01780 P
Bu4N+,acetone,1,68.39,1.821e-09,B,Krumgalz 1983 Table 2 solvent-independent average 0.2131 +/- 0.0024 (1.1% RSD over 11 solvents) / Table 3 eta=0.00312 P
Bu4N+,propylene carbonate,1,8.48,2.258e-10,B,Krumgalz 1983 Table 2 solvent-independent average 0.2131 +/- 0.0024 (1.1% RSD over 11 solvents) / Table 3 eta=0.02513 P
