reaction,carrier_class,k_M1s1,step_solved,measured_system,printed_value,relation,sources,verified,note_internal
Br-mediated Hofmann rearrangement,mediator,3.3,"Br₂ + 2-phenylacetamide (N-bromination of the amide N–H, with the base generated at the cathode), MeCN, 50 °C","Aqueous HOBr with propionamide, the unbranched primary amide nearest the exemplar's 2-phenylacetamide, pH 7.2–7.5, 22 °C, measured by Pattison and Davies 2004 and compiled by Heeb et al. (Table 6, p. 30); 2-methylpropionamide 1.5 and trimethylacetamide 0.9 M⁻¹ s⁻¹ under the same conditions.","3.3 ± 0.4 (apparent, pH 7.2–7.5)",analogue of the carrier,heeb2014,full text,"Adopted 2026-10-06 (author: use the measured Heeb value). It was a declared 1e3 with no measurement behind it; at 1e3 the row's substrate-limited label flipped about 3-fold lower, inside its own band, which is why Figure 6d moved to the bromination row."
"ACT-mediated alcohol oxidation (flow, hectogram)",mediator,20,"ACT⁺ (oxoammonium) + 2-(2-oxopyrrolidin-1-yl)butan-1-ol, aqueous buffer","ACT with four primary alcohols (4-pyridinemethanol, solketal, cyclopentanemethanol, benzyl alcohol): 1 mM ACT, 20 mM alcohol, 0.05 M NaHCO₃/0.05 M Na₂CO₃ in H₂O/MeCN 1:1 (pH not stated), chronoamperometry; the exemplar runs at pH 8.5 and reports a lower rate on lowering the pH","turnover frequency 659–1703 h⁻¹, i.e. 9–24 if read as a pseudo-first-order constant at 20 mM (18–47 counting the two electrons per turnover, the model's convention)","same carrier, other substrates","rafiee2018,zhong2021",full text,"Rafiee 2018 Fig. 2c (accepted manuscript, Zotero DQLLF5JT); Zhong 2021 p. 2602 quotes 400-1900 h-1 for primary aliphatic alcohols. TOF is not a second-order constant: its derivation is in the paper's SI Sect. 8, not on file."
Cl-mediated ethylene epoxidation,mediator,10,"HOCl/Cl₂ (lumped) + ethylene, 1 M KCl (aq.)","HOCl with twelve olefins (eight cinnamic acids, methyl cinnamate and three conjugated dienes) in water, and Cl₂ with two of them; HOCl and Cl₂ with α-ionone, β-ionone and dehydro-β-ionone",HOCl 4.5 × 10⁻³–19 and Cl₂ 4.2 × 10⁴–1.1 × 10⁶; ionones HOCl 12–165 and Cl₂ 6.3 × 10⁷–2.7 × 10⁸,"same carrier, other substrates","livongunten2020,lau2019",full text (Li 2020; Lau 2019),"Li 2020 Table 1 p. 7 read 2026-10-05. Lau 2019 Table 1 p. 11136 read 2026-10-06 from New Export/aqueous-chlorination-kinetics-of-cyclic-alkenes-...pdf: kHOCl 28.1 / 12.0 / 165, kCl2 1.88e8 / 6.25e7 / 2.65e8, kCl2O 3.26e7 / 1.94e7 / 2.33e7 (alpha-, beta-, dehydro-beta-ionone)."
NHPI-mediated allylic C-H -> enone,mediator,20.2,"Cl₄-PINO + valencene (ring allylic C–H), acetone with pyridine","PINO electrogenerated from NHPI, with cyclohexene, in MeCN (0.1 M NaClO₄, pyridine); the other allylic substrates of the same table are trans-4-octene, cyclopentene and 2,3-dimethyl-2-butene; the exemplar expects the tetrachloro radical to be the more reactive, so the parent value is a lower-side choice",20.2 (cyclohexene); 12.8–77.6 (four allylic substrates),analogue of the carrier,"ueda1987,horn2016",full text,"Ueda/Masui 1987 Table II p. 1375, read off the page raster (J-STAGE open access). Horn 2016 cites it (ref 15) and states the tetrachloro radical is 'higher-energy and more-reactive' (0.87 vs 0.78 V)."
HMF -> FDCA (biomass),mediator,50,"ACT⁺ (oxoammonium) + 5-hydroxymethylfurfural, borate buffer pH 10","Not measured for HMF. ACT with primary alcohols and aldehydes under the conditions of the ACT entry above; an aldehyde is oxidized through its hydrate, and the slowest aldehyde measured (benzaldehyde, 246 h⁻¹, the less hydrated of the two aldehydes whose hydration constants Rafiee et al. quote, 0.01 against 50, p. 8) turns over slowest, so a single lumped constant for the three oxidations is an upper-side choice","turnover frequency 659–1703 h⁻¹ (alcohols) and 246–1921 h⁻¹ (aldehydes), i.e. 3–27 read as above (7–53 in the model's convention)","same carrier, other substrates","rafiee2018,cardiel2019",full text,Cardiel 2019 prints no rate constant (activity rises with pH to 10; ACT+ faster than TEMPO+). 50 is a declared order of magnitude at the top of the measured turnover range in the model's convention.
BQ-mediated Wacker-Tsuji oxidation,mediator,0.06,"regeneration of benzoquinone-oxidized palladium: Pd(0) + BQ + 2 H⁺ → Pd(II) + H₂Q, written as the alkene-dependent rate it caps (1-decene), MeCN/H₂O","The exemplar's own palladium turnover: 0.025 s⁻¹ at the maximum electrolysis current and 0.14 s⁻¹ with stoichiometric benzoquinone (1-decene, 1.1 mM Pd(OAc)₂, MeCN/H₂O 7:1 with HClO₄). Hydroquinone can be returned no faster than the palladium turns over, so k = TOF·[Pd]/(C_BQ·C_S)","TOF ≤ 0.14 s⁻¹, i.e. k ≤ 0.06 as the rate law is written",bound from the exemplar's own data,"miller1992,grennberg1993",full text,"Miller & Wayner 1992 p. 2487 (0.025 and 0.14 s-1), p. 2486 (conditions). Was a declared 1e2 with no basis, under which BQ reacted with the alkene directly -- a step that does not exist; chemistry audit 2026-10-05."
Br- oxidation / electrophilic bromination,mediator,2.28e4,"Br₂ + anisole, water/MeCN 1:1","Br₂ with anisole in water at 20 °C, regiospecific constants from the pH, chloride and bromide dependence of the bromination rate; the row runs at 0.25 M bromide, where part of the Br₂ is held as Br₃⁻, a speciation the model does not carry",(2.23 ± 0.14) × 10⁴ (para) + (5.4 ± 0.6) × 10² (ortho),same carrier and substrate,sivey2015,full text,"Sivey 2015 Table 1 p. 4941, read off the page raster. The row carried a declared 1e3 until 2026-10-05."
Aryl thiocyanation (NH4SCN),mediator,1e2,"(SCN)₂ + anisole, AcOH/HCOOH",No rate constant for thiocyanogen with an arene was located; the measured thiocyanogen kinetics are its formation and hydrolysis in acidic water,—,none measured,"nagy2007,gitkis2010",full text,"Nagy 2007: k_hyd = 19.8 s-1, k_comp = 5.14e3 M-2 s-1 -- not a carrier-substrate step. Declared by analogy to halogenation."
Amidyl-radical C-H amination (phenanthridinone),mediator,3.3,"Br₂ + N-(pivaloyloxy)biphenyl-2-carboxamide (N-bromination), MeCN/MeOH","The Hofmann entry's: aqueous HOBr with propionamide, pH 7.2–7.5, 22 °C (Table 6, p. 30), carried over for the same N-bromination step. The exemplar assigns the step: 'anodically in situ generated bromine is intercepted by the substrate 1 in the presence of an electrogenerated base (MeO−), giving intermediate 8' (p. 3445), the N–Br amide whose homolysis releases the amidyl radical","3.3 (the Hofmann entry's propionamide value, apparent, pH 7.2–7.5)",analogue of the carrier,"heeb2014,zhangxu2018",full text,Transfer of a declared value. | 2026-10-06: follows the Hofmann row to the Heeb propionamide value.
Thioether -> sulfone (kilo-scale),mediator,1e3,"electrogenerated chlorine species + 4-methyl-2-(methylthio)pyrimidine, MeCN/aq. HCl","The exemplar's own flow electrolysis on plate electrodes: 40 mA cm⁻² at 0.1 M thioether and 14 mM chloride, conversion per charge independent of current density and flow rate",≥ {K_THIO} (smallest constant whose kinetic plateau carries that current),bound from the exemplar's own data,bottecchia2022,full text,Computed in make_si.js (K_THIO); rounded up to the decade.
Cathodic Giese (R-I + alkene),mediator,1e3,"reduced oxygen (HO₂• at the medium's pH) + isopropyl iodide, through the relay the exemplar proposes (the hydroperoxyl radical and hypoiodous acid give the hydroxyl radical, which activates the iodide); an effective constant, aqueous MeCN","The exemplar's own charge record: about 300 C over about 84 ks (Fig. 2) at one graphite rod of 4.12 cm², air-saturated oxygen the only electroactive species; the exemplar judges direct electron transfer from superoxide to the iodide unlikely, and the charge passed is about 2.6 F per mole of product against the two electrons each consumes, so the bound is an effective one",≥ {K_GIESE} (as above),bound from the exemplar's own data,liwilden2020,full text,Computed in make_si.js (K_GIESE); rounded up to the decade.
Oxazole synthesis from ketones and acetonitrile,mediator,0,"tri(p-tolyl)aminium radical cation + the enamide the ketone forms with acetonitrile and the anhydrides (single electron transfer; the second oxidation follows at the anode or by the aminium), MeCN","None: no rate constant was located for an aminium radical cation with an enamide, and the exemplar runs on carbon felt at constant cell voltage, so its operation bounds nothing; solved at k = 0, the mediator's transport floor",—,none measured,bao2022,full text,Reclassified catalyst -> mediator on 2026-10-05 (triarylamine = outer-sphere mediator).
Ni-XEC C(sp2)-C(sp3) (ArBr + RBr),catalyst,1e2,"Ni(I)–bipyridine + 5-bromo-3-isopropyl-1H-indole (oxidative addition), DMA","[(CO₂Et-bpy)Ni(I)Cl]₄ in THF at 26 °C (UV–vis, pseudo-first-order); (dtbbpy)Ni(I)Br in DMF by pulse radiolysis; the amination exemplar's voltammetry (Ni/Mebpy, DMF, 4-bromoanisole)",not measured for this heteroaryl bromide; 3.4–56 across para-substituted bromobenzenes on the CO₂Et-bpy complex,analogue of the carrier,"ting2022,till2021,kawamata2019",full text,
Cathodic Ni aryl-aryl homocoupling,catalyst,1e2,"Ni(0)(bpy) and ArNi(I)(bpy) + bromobenzene (the exemplar's Scheme 1 adds one aryl bromide to each), EtOH/MeOH","Not measured for either bipyridine complex. The Ni(I) analogue: [(CO₂Et-bpy)Ni(I)Cl]₄ in THF at 26 °C (UV–vis, pseudo-first-order); (dtbbpy)Ni(I)Br in DMF by pulse radiolysis",7.1 ± 0.3 for bromobenzene on the Ni(I) complex; < 10⁴ for an activated aryl bromide,analogue of the carrier,"ting2022,till2021,courtois1997",full text,
Co-H alkene reduction (e-HAT),catalyst,7e2,"Co(III)–H (CoBr₂/6,6′-Me₂bpy) + alprenolol (an unactivated terminal alkene), THF; with bipyridine ligands, studied under its conditions A, the exemplar suggests migratory insertion may be more consistent than hydrogen-atom transfer","Co(salen) hydride generated oxidatively from phenylsilane, with styrenes (4-tert-butylstyrene and three other para-substituted styrenes, p. 17675), in DMF: k_MHAT for the Co–H + styrene step, which the authors simulate as insertion followed by Co–alkyl homolysis while stating that their results 'do not favor one mechanistic pathway over another' (p. 17672), taken as the value whose simulated voltammograms give 'the observed current decrease and E1/2 shift' (p. 17674), in what the authors call 'qualitative agreement' with experiment: 'a full parametric fit ... was not undertaken'; they note that non-activated alkenes could adopt distinct mechanisms",7 × 10²,analogue of the carrier,"boucher2023,gnaim2022",full text,"Boucher p. 17674. Declared differences: ligand (salen there, bipyridine here), alkene class, hydride source."
Co-H alkene isomerization (catalytic),catalyst,7e2,"Co(III)–H (Co(salen)) + 5-methyl-1-phenylhex-5-en-3-ol, acetone; a chain passing 3 F mol⁻¹ for this compound; the exemplar's kinetics, measured on its cycloisomerization substrate, are first order in the alkene (the alkene step turnover-limiting)","Co(salen) hydride generated oxidatively from phenylsilane, with styrenes (4-tert-butylstyrene and three other para-substituted styrenes, p. 17675), in DMF: k_MHAT for the Co–H + styrene step, which the authors simulate as insertion followed by Co–alkyl homolysis while stating that their results 'do not favor one mechanistic pathway over another' (p. 17672), taken as the value whose simulated voltammograms give 'the observed current decrease and E1/2 shift' (p. 17674), in what the authors call 'qualitative agreement' with experiment: 'a full parametric fit ... was not undertaken'",7 × 10²,"same carrier, other substrates","boucher2023,gnaim2022",full text,"Gnaim pp. 688-690, 693 and SI pp. 66-67 (compound 17, 3 F/mol): isomerization is net redox-neutral and the charge passed is normalised per substrate; the row is a chain and is left out of the class medians. Same complex in both papers: Gnaim SI p. 3 buys (R,R)-N,N'-bis(3,5-di-tert-butylsalicylidene)-1,2-cyclohexanediaminocobalt(II) from Sigma-Aldrich (cat. 474592) and draws it as Co(salen)-1 on SI p. 37; Boucher p. 17675 uses the (R,R) complex from Sigma-Aldrich."
