cls,reaction,exemplar,carrier_type,carrier_species,D_cm2s,V_lebas,D_provenance,C_carrier_M,n_carrier,C_substrate_M,n_substrate,solvent,mu_mPas,electrolyte,kappa_mScm,cond_provenance,conc_provenance
C-N formation,Ni-catalyzed aryl amination (ArBr + amine),Kawamata/Baran JACS 2019,catalyst,Ni(bpy) complex,2.518388600525423e-06,,Stokes-Einstein r=4.5 A,0.005,1.0,0.1,1.0,DMA,1.927,0.2 M nBu4NBr/DMA,6.0,Representative of exemplar conditions (Kawamata/Baran JACS 2019),"Exemplar-verified: the general procedure charges Ni(bpy)3Br2 (10 mol%), TBAB (0.4 mmol, 0.2 M), aryl halide, amine and DBU in DMA (2.0 mL) (Kawamata JACS 2019, SI p. S12), and the 4-trifluoromethylbromobenzene couplings use amine (0.1 mmol) and the aryl bromide (0.2 mmol) (SI p. S33, compound 15): aryl bromide 0.2/2.0 = 0.10 M, amine 0.05 M and Ni 0.01/2.0 = 5 mM, within the 0.025-0.05 M amine range of Table 4 fn a (p. 6399). The aryl bromide is the substrate of the catalyst's solution step. One cathodic electron per turnover: the Ni(III) aryl bromide formed by oxidative addition to Ni(I) is reduced at the cathode, and the Ni(II) amido complex is oxidized 'at the anode to generate a high-energy NiIII complex' that eliminates the product, so the cycle is paired"
C-N formation,Electrochemical amination of ArX with NH3,Liu/Qiu Angew 2025,catalyst,Ni(bpy) complex,3.1309256988467685e-06,,Stokes-Einstein r=4.5 A,0.0052,1.0,0.104,1.0,DMSO/THF,1.55,0.21 M TBAB/DMSO-THF,4.0,Representative of exemplar conditions (Liu/Qiu Angew 2025),"Exemplar-verified: ArX 0.104 M (0.5 mmol/4.8 mL), NiBr2.3H2O+bpy 5.2 mM (5 mol%), TBAB 0.208 M, DMSO/THF 5:1, 85 C, undivided (Liu/Qiu Angew 2025, Table 1 fn a p 2). One electron per nickel per turnover: after the aryl bromide adds to Ni(I), 'the key Ni(II) intermediate D is obtained through cathodic reduction of Ni(III) species C' (p. 6, Figure 4f); the reduction of the Ni(II) precatalyst to Ni(I), which the paper confirms by HRMS and EPR (p. 5, Figure 4a,e), only activates the catalyst"
C-O formation,Shono oxidation (N-acyliminium capture),Shono JACS 1975,substrate,N-carbomethoxypyrrolidine,1.5755433149573423e-05,148.3999999999999,"Wilke-Chang, Le Bas V=148 cm3/mol",1.56,2.0,1.56,2.0,MeOH,0.544,0.156 M Et4NOTs/MeOH,7.0,Representative of exemplar conditions (Shono JACS 1975),"Exemplar-verified: carbamate (methyl pyrrolidine-1-carboxylate) 1.56 M (0.05 mol/32 mL MeOH), Et4NOTs 0.156 M, 0.5 A, undivided, water-cooled (Shono JACS 1975, Experimental p 4267)"
Cyclization,Oxidative benzimidazole annulation (C-H/N-H),Zhao/H.-C. Xu ChemSusChem 2021,substrate,2-fluoro-N-methyl-N-phenylbenzamidine (amidine 1),1.3519082568677041e-05,261.5999999999999,"Wilke-Chang, Le Bas V=262 cm3/mol",0.033,2.0,0.033,2.0,THF/MeOH,0.48,0.033 M Et4NPF6/THF-MeOH 5:1,0.35,Representative of exemplar conditions (Zhao/H.-C. Xu ChemSusChem 2021),"Standard conditions of ChemSusChem 2021, 14, 1692-1695, DOI 10.1002/cssc.202100254: 'amidine (0.3 mmol), Et4NPF6 (0.3 mmol), THF/MeOH (5:1, 9 mL), reflux' (Scheme 2 caption and Table 1 footnote a, p. 1693) -> amidine 0.033 M, Et4NPF6 0.033 M, solvent THF/MeOH 5:1. MeOH alone is entry 2 of the optimisation table (52% against 65%), so the mixed medium is the one modelled. The paper runs at reflux against this model's isothermal 25 C -- a declared deviation. The amidine carried is the paper's own model substrate 1, 2-fluoro-N-methyl-N-phenylbenzamidine, 'prepared in one step from N-methylaniline and 2-fluorobenzonitrile' (p. 1692); every substrate in the series is an N-methyl-N-aryl amidine."
C-N formation,Mn-catalyzed alkene diazidation,Fu/Lin Science 2017,catalyst,Mn(azide) complex,1.4795533028086863e-05,,Stokes-Einstein r=4.0 A,0.0026,1.0,0.051,2.0,MeCN,0.369,0.1 M LiClO4/MeCN,10.0,Representative of exemplar conditions (Fu/Lin Science 2017),"Exemplar-verified: alkene 0.051 M (0.2 mmol/3.9 mL), MnBr2.4H2O 2.6 mM (5 mol%), LiClO4 0.1 M in MeCN + 10 vol% HOAc, NaN3 5 equiv (Fu/Lin Science 2017, Fig 3 fn p 577) From the supporting information (Fu/Lin, Science 2017, Table S1 footnote, standard conditions): '0.2 mmol alkene, 0.01 mmol MnBr2.4H2O, 1.0 mmol NaN3, 400 uL HOAc, 3.5 mL LiClO4 solution in MeCN (0.1 M)'. Total volume 3.5 + 0.4 = 3.9 mL, so alkene 0.2/3.9 = 0.0513 M, Mn 0.01/3.9 = 0.00256 M, LiClO4 0.35 mmol (3.5 mL of the 0.1 M stock)/3.9 mL = 0.090 M, against the 0.1 M the row's electrolyte names (a spectator ion; the substrate and catalyst are as carried)."
C-O formation,Br-mediated Hofmann rearrangement,Malviya/Cantillo OPRD 2023 (multigram),mediator,bromide,2.7e-05,,"Nernst-Einstein from lambda0 102.00 (Kalugin 2019, Table 3)",0.08,1.0,0.4,2.0,MeCN,0.369,0.08 M NaBr/MeCN,4.0,Representative of exemplar conditions (Malviya/Cantillo OPRD 2023 (multigram)),"Exemplar-verified (scale-up): amide 0.4 M, NaBr 0.08 M (20 mol%) in MeCN (MeOH 10 equiv is a REAGENT, not solvent; no NaOMe), spinning three-dimensional anode in batch mode (80 mL), 50 C, 71 mA/cm3 (Malviya/Cantillo OPRD 2023, Table 2 entry 5 p 2186; 136 mA/cm3 in entry 8 and Table 3 p 2188; the same conditions in recirculating flow, Fig. 5 pp 2187-8)"
C-N formation,Arene C-H pyridination,Morofuji/Yoshida JACS 2013,substrate,anisole,2.1081570657393976e-05,125.59999999999997,"Wilke-Chang, Le Bas V=126 cm3/mol",0.019,2.0,0.019,2.0,MeCN,0.369,0.3 M Bu4NBF4/MeCN,22.5,Representative of exemplar conditions (Morofuji/Yoshida JACS 2013),"Exemplar-verified (SI): anisole 0.019 M (0.20 mmol / 10.5 mL: 10.0 mL of 0.3 M Bu4NBF4/MeCN + 0.5 mL pyridine; Bu4NBF4 0.286 M in the anodic chamber, 0.3 M the stock in both chambers), DIVIDED H-cell (4G frit), carbon-felt anode / Pt cathode, 8.0 mA, 25 C, 3 F/mol (Morofuji/Yoshida JACS 2013, SI pp S2-S3)"
Cyclization,Amidyl-radical C-H amination (phenanthridinone),Zhang/K. Xu/Zeng OL 2018,mediator,"bromide (NaBr, 1 equiv: mediator and electrolyte)",2.7e-05,,"Nernst-Einstein from lambda0 102.00 (Kalugin 2019, Table 3)",0.04,1.0,0.04,2.0,MeCN,0.369,0.04 M NaBr/MeCN,1.5,Representative of exemplar conditions (Zhang/K. Xu/Zeng OL 2018),"Exemplar-verified: amide 0.04 M (0.3 mmol/7.5 mL MeCN/MeOH 14:1) and NaBr 0.04 M (0.3 mmol, 1 equiv), Pt, 8.9 mA/cm2, undivided (Zhang/K. Xu/Zeng OL 2018, Scheme 2 fn a p 3444). Bromide is the current carrier: the paper runs 'with NaBr as the catalyst and electrolyte', and in its mechanism 'anodically in situ generated bromine is intercepted by the substrate' to give an N-Br intermediate whose homolysis releases the amidyl radical, so the amide is not oxidized at the anode. Two electrons per lactam. From the supporting information (Zhang/Xu/Zeng, Org. Lett. 2018, Table S1 footnote a): 'undivided cell, anode and cathode (1.5 x 1.5 cm2, J = 8.9 mA/cm2), 1 (0.3 mmol), CH3CN (7 mL), MeOH (0.5 mL), electrolyte (0.3 mmol) at rt for 2 h'. Total volume 7.5 mL, so substrate and NaBr are both 0.3/7.5 = 0.040 M, as carried; the current density matches too."
Cyclization,Co-catalyzed allylic C-H amination,Cai/H.-C. Xu Nat Commun 2021 (Co-salen),catalyst,Co(salen),1.183642642246949e-05,,Stokes-Einstein r=5.0 A,0.0033,1.0,0.033,2.0,MeCN,0.369,0.033 M Et4NPF6/MeCN,3.5,Representative of exemplar conditions (Cai/H.-C. Xu Nat Commun 2021 (Co-salen)),"Exemplar-verified: carbamate 0.033 M (0.2 mmol/6 mL MeCN/MeOH 5:1), Co(salen) 3.3 mM (10 mol%), Et4NPF6 0.033 M, reflux, RVC/Pt (Cai/H.-C. Xu Nat Commun 2021, Table 1 fn p 3; Methods p 7)"
C-N formation,Ritter-type C(sp3)-H amination,Zhang/Ye Nat Commun 2022,substrate,"1,3-dimethyladamantane (limiting; C-H abstracted by electrogenerated sulfate radical, H2SO4 4 equiv)",1.5639344909696365e-05,206.5999999999998,"Wilke-Chang, Le Bas V=207 cm3/mol",0.167,2.0,0.167,2.0,MeCN,0.369,0.1 M Bu4NBF4/MeCN,9.93,Representative of exemplar conditions (Zhang/Ye Nat Commun 2022),"Exemplar-verified: 1,3-dimethyladamantane 0.167 M (0.5 mmol/3 mL MeCN), H2SO4 4 equiv, Bu4NBF4 0.1 M, Pt/Pt, 5 mA, undivided (Zhang/Ye Nat Commun 2022, Table 1 fn p 3). The alkane is not oxidized at the anode: sulfate is (the exemplar writes SO4^2- -> SO4^-. at the anode, Fig. 6c), and the sulfate radical abstracts the C-H. Sulfuric acid is present at four equivalents (0.67 M against 0.167 M of a two-electron substrate) and the radical does not persist in solution, so the alkane's flux binds and the row transports the alkane at two electrons each"
Reduction,Co-H alkene reduction (e-HAT),Gnaim/Baran Nature 2022 (e-HAT),catalyst,"CoBr2(glyme)/6,6'-Me2bpy",9.578160855024652e-06,,Stokes-Einstein r=5.0 A,0.008,1.0,0.04,2.0,THF,0.456,0.24 M Et3NHBF4/THF-HFIP,5.0,Representative of exemplar conditions (Gnaim/Baran Nature 2022 (e-HAT)),"Exemplar-verified (Conditions C, the alprenolol run): alprenolol 0.04 M -- the SI runs compound 45 'following the general procedure C on 0.1 mmol scale' with the general procedure's own 2.2 mL THF + 0.3 mL HFIP and 20 umol CoBr2(glyme) with 30 umol 6,6'-dimethyl-2,2'-bipyridine (SI p 83), i.e. half the 0.2 mmol of the general procedure (SI p 42) at the same catalyst amount -- so CoBr2(glyme) 8 mM (20 mol% of this substrate), Et3NHBF4 0.24 M (114 mg / 2.5 mL), Mg/C, undivided, 10 F/mol (Gnaim/Baran Nature 2022, Fig 3 p 690; SI pp 42, 83)"
C-C formation,Kolbe homocoupling of 10-undecenoate,Hioki/Baran Science 2023 (rAP; acetone),substrate,10-undecenoic acid (neutral; Me4NOH 0.15 equiv),1.971564254345509e-05,256.1999999999998,"Wilke-Chang, Le Bas V=256 cm3/mol",1.0,1.0,1.0,1.0,acetone,0.306,0.15 M Me4NOH + 0.05 M Me4NBF4/acetone,6.0,Representative of exemplar conditions (Hioki/Baran Science 2023 (rAP; acetone)),"Exemplar-verified against the 10-undecenoic acid scale-up, one experiment: 'To a reactor beaker equipped with a stir bar were added acetone (200 mL), 10-undecenoic acid (36.8 g, 200 mmol), pivalic acid (4.0 g, 40 mmol), Me4N.BF4 (TMABF4) (1.6 g, 10 mmol), and Me4N.OH pentahydrate (5.4 g, 30 mmol)' -> acid 200/200 = 1.00 M, Me4NBF4 10 mmol/200 mL = 0.05 M (5 mol%), Me4NOH 30 mmol/200 mL = 0.15 M (15 mol%). 20 Vpp, RVC plates, ~1 A decaying to ~0.4 A over 48 h. The substrate is 10-undecenoate (C11) and D is computed for it. Pivalic acid at 40 mmol (0.2 M, 20 mol%) is present as a co-acid and is not modelled. From the supporting information (Hioki/Baran, Science 2023, 'Procedure for 10-undecenoic acid dimerization', SM p. 9): the quoted recipe is verbatim from that SI section. The exemplar runs rapid alternating polarity; the model treats the anodic Kolbe step as a direct-current limiting current."
C-C formation,Ni-XEC C(sp2)-C(sp3) (ArBr + RBr),"Kelly/Stahl/Schreier OPRD 2026 (kg, flow, BMS)",catalyst,Ni(dtbbpy) complex,2.518388600525423e-06,,Stokes-Einstein r=4.5 A,0.015,1.0,0.3,2.0,DMA,1.927,0.48 M LiBr/DMA,12.0,"Representative of exemplar conditions (Kelly/Stahl/Schreier OPRD 2026 (kg, flow, BMS))","Exemplar-verified (kg flow): ArBr 0.3 M nominal in DMA (13 L/kg), Ni(dtbbpy)2Br2 5 mol% = 15 mM, LiBr 0.48 M, 10 mA/cm2, 8.41 A/841 cm2, undivided recirculating flow, Zn anode (Kelly/Stahl/Schreier OPRD 2026, Table 1, Fig 4a, Fig 6a) From the supporting information (Kelly/Stahl/Schreier, Org. Process Res. Dev. 2026, multiday/flow-cell run): 'a starting material 2 concentration of 0.3M and electrolyzed at 10 mA cm2' with '1.6 equiv LiBr and 5 mol% (relative to species 2) Ni catalyst' -- so LiBr 1.6 x 0.3 = 0.48 M and Ni 5 mol% x 0.3 = 0.015 M, all three as carried. The paper assigns no nickel oxidation states; one electron per nickel is a declared choice, matched to the Ni(I) + aryl bromide step whose rate constant this row uses."
C-C formation,Doubly decarboxylative Csp3-Csp3,Zhang/Baran Nature 2022,catalyst,"Ni(PyBox) complex (NiCl2(dme)/(4-OMe)-H-PyBox L4, 20 mol%)",6.112008606061071e-06,,Stokes-Einstein r=4.5 A,0.0058,1.0,0.029,2.0,DMF,0.794,0.171 M NaI/DMF,7.28,Representative of exemplar conditions (Zhang/Baran Nature 2022),"Exemplar-verified (SI): limiting acid 0.029 M during ELECTROLYSIS (0.1 mmol / 3.0 mL DMF + 0.5 mL retained DCM; the oft-quoted 0.2 M is the DCM activation step only), acid B 3 equiv, NiCl2(dme) and the tridentate ligand (4-OMe)-H-PyBox L4, 'roughly 5 mol% each relative to total acid quantity, 20 mol% total' (main text p. 314), i.e. 0.02 mmol of each (SI p. 11) in 3.5 mL = 5.7 mM, carried as 5.8 mM (20 mol% of the rounded 0.029 M limiting acid, 1.5% above the amount charged), NaI 0.171 M (0.6 mmol / 3.5 mL, the same basis as the acid), 4 mA, Zn/Ni-foam ElectraSyn (Zhang/Baran Nature 2022, SI pp 8, 10-13, 38); gram scale 0.057 M, 35 mA (SI pp 16-17); TWO monoacids via in-situ NHPI RAEs -- not diacids. The nickel complex is the current carrier: 'Electrochemical reduction of Ni(II) generates low valent Ni species active for reducing RAEs', and 'the coupling reaction barely proceeded when Ni catalyst was omitted'; the paper adds that direct cathodic reduction of the esters is 'also a possible source of alkyl radicals', which this row does not credit. One electron per nickel is a declared choice (the paper does not assign the low-valent state); two electrons per cross-coupled product. The general procedure says only 'Dichloromethane was added (0.2 M)' (SI p. 8); the worked example fixes the volume against the limiting acid, 'CH2Cl2 (0.5 mL, 0.2 M) was subsequently added' (SI p. 10)"
C-C formation,BDD phenol-arene cross-coupling,Kirste/Waldvogel JACS 2012,substrate,4-methylguaiacol,8.562310856536242e-06,155.1999999999999,"Wilke-Chang, Le Bas V=155 cm3/mol",0.15,2.0,0.15,2.0,HFIP,1.619,0.091 M MTES/HFIP-MeOH,2.0,Representative of exemplar conditions (Kirste/Waldvogel JACS 2012),"Exemplar-verified: phenol 0.15 M (5 mmol/33 mL HFIP + 18 vol% MeOH), arene 3 equiv (0.45 M), MTES (Et3NMe.O3SOMe) 0.091 M, BDD anode, 2.8 mA/cm2, 2 F/mol, 50 C, undivided (Kirste/Waldvogel JACS 2012, Experimental pp 3571-2) From the supporting information (Kirste/Waldvogel, J. Am. Chem. Soc. 2012, 'General procedure for the anodic phenol-arene cross-coupling reaction'): 'phenol component (0.005 mol), arene component (0.015 mol) and N-methyl-N,N,N-triethylammonium methylsulfate (0.68 g, 0.003 mol) in 1,1,1,3,3,3-hexafluoropropan-2-ol (27 mL) and methanol (6 mL)'. Total 33 mL, so phenol 0.152 M, arene 0.455 M, MTES 0.091 M -- all as carried."
C-C formation,Decarboxylative arylation (radical-radical),Mo/Jensen Science 2020,substrate,"1,4-dicyanobenzene (limiting)",1.8997059785549623e-05,149.39999999999995,"Wilke-Chang, Le Bas V=149 cm3/mol",0.08,1.0,0.08,1.0,MeCN,0.369,0.48 M Bu4N carboxylate (in situ)/MeCN,15.0,Representative of exemplar conditions (Mo/Jensen Science 2020),"From the supporting information (Mo/Jensen, Science 2020, 'General Procedure A for Decarboxylative Arylation', p. 19). The modelled concentrations are stated arithmetic, not estimates: 'aryl nitrile (0.80 mmol, 1.0 equiv.)' and the carboxylic acid (4.80 mmol, 6.0 equiv.) are taken up in MeCN and 'transferred to a 10.0 mL volumetric flask. Additional MeCN was added to make the solution volume 10.0 mL' -- an exact final volume rather than a sum of charges -- giving 0.080 M for the 1,4-dicyanobenzene this row transports as both carrier and substrate, and 0.48 M for the carboxylate. The carboxylate is generated in situ from Bu4NOH (4.56 mmol, 5.7 equiv.), which is sub-stoichiometric to the acid, so the salt itself is capped near 0.456 M and the 0.48 M recorded here is the acid charge, about 5% above it; the difference is immaterial because that number enters only as a supporting-electrolyte concentration behind a declared conductivity and not as a transported species. Two things on this row are genuinely declared rather than page-anchored: no separate supporting salt is added -- 'No additional supporting electrolyte was required, because of the excellent conductivity in the microfluidic channel' -- so kappa is declared. The 25 um interelectrode gap is the microfluidic archetype of the model (Table S1). The general procedure notes that 'lower concentrations were used for some aryl nitrile substrates due to their low solubility', so this row is anchored to the general procedure rather than to any single substrate entry."
C-C formation,Cathodic Giese (R-I + alkene),Li/Wilden Chem Sci 2020,mediator,"dissolved O2 (aerial mediator, air-saturated)",2.1e-05,,"measured: Cussler, Diffusion 3rd ed., Table 5.2-1 p. 127 (water, 25 C)",0.000266,1.0,0.095,2.0,H2O/MeCN,0.9,NaCl 7 mol% + pH 2 HCl/H2O-MeCN,1.2,Representative of exemplar conditions (Li/Wilden Chem Sci 2020),"Exemplar-verified (ESI): alkyl iodide 0.095 M (1.43 mmol / 15 mL catholyte = 10 mL pH-2 HCl aq + 5 mL MeCN), the substrate of the solution step because the exemplar's relay activates the iodide (the hydroxyl radical adds to it, Schemes 3-4), + alkene 0.079 M (1.19 mmol), the limiting reagent of the product, NaCl 7 mol% (~5.6 mM) + HCl ~6.7 mM = only ionics (~12 mM total -- very low kappa), DIVIDED H-cell (frit), graphite 4.12 cm2, CPE -1.0 V vs Ag QRE, rt, 20-45 h (Li/Wilden Chem Sci 2020, ESI pp S3, S5); largest run 0.25 M alkene (ESI p S10); alkyl BROMIDES marginal (21%, main text). Dissolved oxygen is the current carrier, not the iodide: 'the only species that was redox active at the potentials employed was molecular oxygen', 'the alkyl halide is not reduced within the redox window of the solvent', nothing happens under argon, and 0.57 mol% of O2 restarts the reaction. Its concentration is that of air-saturated water at 25 C, 0.266 mM, from the mole-fraction solubility printed in CRC 97th ed. p. 5-134, X1 = 2.293e-5 at 101.325 kPa of O2, times 55.345 mol/L of water, times the 0.2095 mole fraction of O2 in air; it is a declared stand-in for the 2:1 water/MeCN medium. Two electrons per product: 'around 300 C of charge was passed' for 1.44 mmol of iodide"
Cyclization,Rh-catalyzed electrooxidative C-H alkenylation,Qiu/Ackermann Angew 2018,catalyst,"Cp*Rh(III) (from [Cp*RhCl2]2, 2.5 mol% dimer)",1.7331910118616041e-06,,Stokes-Einstein r=4.5 A,0.00625,2.0,0.125,2.0,tAmOH/H2O,2.8,0.25 M KOAc/tAmOH-H2O,8.0,Representative of exemplar conditions (Qiu/Ackermann Angew 2018),"Exemplar-verified: acrylate 0.125 M limiting + benzoic acid 0.25 M (4 mL tAmOH/H2O 3:1), [Cp*RhCl2]2 2.5 mol% on the limiting acrylate (the usual convention; the paper does not name the reference reagent for either the mol% or the KOAc equivalents), giving 3.1 mM of dimer, i.e. the 6.25 mM of rhodium centres this row carries, KOAc 0.25 M (2.0 equiv against the limiting acrylate, Table 1 entry 12, the conditions of Scheme 1) = electrolyte and the carboxylate base of the C-H activation, which the exemplar assigns to BIES rather than CMD (p 5829), 4 mA RVC, 100 °C, undivided (Qiu/Ackermann Angew 2018, Table 1 fn a p 5828; the temperature from Scheme 1 p 5829, '100 °C, 4.0 mA, 5-18 h')"
C-C formation,Cu-catalyzed benzylic cyanation,Cai/H.-C. Xu Nat Catal 2022 (PEC),catalyst,Cu(acac)2/BOX complex,1.4795533028086863e-05,,Stokes-Einstein r=4.0 A,0.0038,1.0,0.038,2.0,MeCN,0.369,0.077 M Bu4NBF4/MeCN,8.26,Representative of exemplar conditions (Cai/H.-C. Xu Nat Catal 2022 (PEC)),"Exemplar-verified: alkylarene 0.038 M (0.2 mmol/5.21 mL), Cu(acac)2 3.8 mM + BOX 5.0 mM + AQDS 1.9 mM (PEC, 395 nm), Bu4NBF4 0.077 M, MeCN/TFE/H2O, TMSCN 3 equiv, RVC/Pt, 3 mA, undivided (Cai/H.-C. Xu Nat Catal 2022, Fig 2b fn pp 944-5; Methods p 949). Two catalysts are reoxidized at the anode -- 'the reduced catalysts (AQDS-H)* and (L1*)CuI(CN) are oxidized back to AQDS and (L1*)CuII(CN)2, respectively, on the anode' (p. 944) -- and the row takes the copper complex, the more concentrated of the two (3.8 against 1.9 mM), as the carrier that sets its ceiling"
C-C formation,Cathodic Ni aryl-aryl homocoupling,Courtois/Perichon Tetrahedron 1997,catalyst,Ni(bpy) complex,6.749561659544494e-06,,Stokes-Einstein r=4.5 A,0.03,2.0,0.3,1.0,EtOH/MeOH,0.719,0.04 M NaBr/EtOH-MeOH 1:1,1.8,Representative of exemplar conditions (Courtois/Perichon Tetrahedron 1997),"All three numbers from one footnote: 'Experimental conditions : Solvent : 50 mL, PhBr 15 mmol., NiBr2bpy 1.5 mmol., supporting electrolyte: NaBr 4.10-2 mol.L-1' -> PhBr 15/50 = 0.30 M, NiBr2(bpy) 1.5/50 = 0.030 M, NaBr 0.04 M (Courtois/Barhdadi/Troupel/Perichon, Tetrahedron 1997, 53, 11569). The medium is the paper's own, 'DMF (10 ml) + EtOH (40 ml) or in EtOH (25 ml) + MeOH (25ml)', and the row carries the second; the paper also runs the coupling in neat methanol ('When the synthesis of biphenyl is carried out in methanol (Table 1, entry 3), the chemical yield is the same', p. 11571). The paper writes the catalyst reduction as 'Nibpy2+ + 2 e -> Ni0bpy' (eq. 2) and the overall cathodic reaction as '2ArX + 2e -> Ar-Ar + 2X-' (eq. 1): two electrons per nickel, one per aryl halide."
C-C formation,Anodic dehydrogenative 2-naphthol coupling,Osa/Bobbitt Chem Commun 1994,substrate,2-naphthol,1.8582225629798552e-05,154.99999999999991,"Wilke-Chang, Le Bas V=155 cm3/mol",1.0,1.0,1.0,1.0,MeCN,0.369,0.2 M NaClO4/MeCN,12.0,Representative of exemplar conditions (Osa/Bobbitt Chem Commun 1994),"Exemplar-verified: 2-naphthol 1.0 M (5 mmol/5 mL MeCN anolyte) + sparteine 1 equiv, NaClO4 0.2 M, TEMPO immobilized ON the graphite-felt anode (not in solution), DIVIDED Nafion H-cell, CPE +0.60 V (Osa/Bobbitt Chem Commun 1994, p 2535 + Table 1 p 2536) Page-anchored in the article body (no SI exists; 1994 ChemComm communications carry none, and none is needed): 'The anolyte contained 5 mmol of substrate, 2 mmol of tetralin as a chromatographic standard, 5 mmol of 1 and 1 mmol of NaClO4 as a supporting electrolyte in a total volume of 5 cm3.' So 2-naphthol 5/5 = 1.0 M, sparteine 5/5 = 1.0 M (1 equiv) and NaClO4 1/5 = 0.2 M -- all three exactly as carried. The automatic anchor check misses the electrolyte only because the paper writes the volume as cm3 and the quotient matcher looks for mL."
C-C formation,Acrylonitrile hydrodimerization (ADN),Baizer JES 1964 (Monsanto),substrate,acrylonitrile,1.3137684666757933e-05,71.10000000000001,"Wilke-Chang, Le Bas V=71 cm3/mol",6.85,1.0,6.85,1.0,H2O,0.89,56 wt% Et4NOTs aq,80.0,Representative of exemplar conditions (Baizer JES 1964 (Monsanto)),"Exemplar-verified: AN 40 wt% = 6.85 M with 141 g of a 56.5 wt% aqueous Et4NOTs solution (Table II fn e) in the 260 mL catholyte (fn c), 1.02 M salt, DIVIDED (alundum diaphragm), Hg pool, ~55 mA/cm2, pH ~8, 25 C (Baizer JES 1964, Table II run 28 p 218, Tables III-IV p 219); <10 wt% AN favors propionitrile, so the lean-electrolyte regime is explicitly avoided"
Reduction,Birch reduction of naphthalene,Peters/Baran Science 2019,substrate,naphthalene,2.0523320345523586e-05,147.5999999999999,"Wilke-Chang, Le Bas V=148 cm3/mol",0.0286,4.0,0.0286,4.0,THF,0.456,0.214 M LiBr/THF,0.1,Representative of exemplar conditions (Peters/Baran Science 2019),"Read from the SM: naphthalene is reduced preparatively under the general procedure: 'Following General Procedure A or B on 0.1 mmol scale (9 F/mol) with naphthalene', giving 1,4,5,8-tetrahydronaphthalene (SI-6, 75%), i.e. two Birch reductions and four electrons per naphthalene. General Procedure B is the room-temperature one: 'substrate (0.1 mmol, 1.0 eq.), 1,3-dimethylurea (DMU, 0.3 mmol, 3.0 eq) and tri(pyrrolidin-1-yl)phosphine oxide (TPPA, 10 eq.), followed by 500 uL's of a 1.5 M THF solution of LiBr (0.75 mmol, 7.5 eq.). Next, 3 mL of dry THF' -> 0.1/3.5 = 0.0286 M naphthalene and 0.75/3.5 = 0.214 M LiBr, with an Mg anode and a galvanized-steel cathode at 10 mA (Peters/Baran Science 2019, SM pp. S12-S13 and SM p. S93); the added solids only raise the volume, so both are upper bounds. The 10 g batch scale-up of SM pp. S15-S16 is a different experiment, on tert-butyldimethyl(p-tolyloxy)silane in 3.0 M LiBr/THF; it is the source of the 3.0 M LiBr/THF electrolyte of the thermal analysis, not of this row."
Reduction,Nitroarene -> aniline,Kisukuri/Waldvogel OPRD 2024,substrate,3-nitrobenzotrifluoride,4.698295203493226e-06,159.89999999999992,"Wilke-Chang, Le Bas V=160 cm3/mol",0.4,6.0,0.4,6.0,MeOH/H2O,1.6,2 M H2SO4 aq,700.0,Representative of exemplar conditions (Kisukuri/Waldvogel OPRD 2024),"Exemplar-verified: 3-O2N-C6H4-CF3 0.4 M standard (0.6 M max flow), MeOH/H2O 1:1, 2 M H2SO4 (3-5 M in scale-up; EtOH failed), DIVIDED Nafion, leaded-bronze cathode, 30 mA/cm2, 12 F (Kisukuri/Waldvogel OPRD 2024, Tables 1-4, Schemes 5-6 pp 1475-80)"
Reduction,Rapid-alternating-polarity (hetero)arene reduction,Hayashi/Baran JACS 2022 (rAP),substrate,methyl 2-thiophenecarboxylate,1.2710260067013437e-05,139.89999999999992,"Wilke-Chang, Le Bas V=140 cm3/mol",0.0333,2.0,0.0333,2.0,THF/EtOH,0.751,0.0833 M Me4NBF4/THF-EtOH 1:1,1.2,Representative of exemplar conditions (Hayashi/Baran JACS 2022 (rAP)),"Read from the SI general procedure (p. 4): 'an aromatic substrate (0.1 mmol), tetramethylammonium tetrafluoroborate (Me4N.BF4, 40 mg, 0.25 mmol) was added 1.5 mL of tetrahydrofuran (THF) and 1.5 mL of ethanol (EtOH) followed by addition of dimethyl sulfide (DMS, 22 uL, 0.3 mmol)', 20 mA, rAP 50 ms 10 Hz, 10-20 F/mol -> substrate 0.1/3.0 = 0.0333 M and Me4N.BF4 0.25/3.0 = 0.0833 M (2.5 equiv), in THF/EtOH 1:1 with DMS. One experiment, both numbers. The MeOH/pivalic-acid recipe at the same 0.1 mmol, on p. 48 of the SI, is a different experiment, the one for compound 28, 1-naphthonitrile. Hayashi/Baran, J. Am. Chem. Soc. 2022, 144, 5762-5768, DOI 10.1021/jacs.2c02102; Kawamata is a corresponding middle author. The substrate carried is the paper's own model heteroarene, methyl 2-thiophenecarboxylate (1), reduced to its 2,5-dihydro product (2): two electrons and two protons."
Multicomponent coupling,Diazo difunctionalization (thiol + alcohol),Yang/Lei Nat Commun 2023 (diazo difunctionalization),substrate,4-fluorothiophenol (anodic),2.0981499575755233e-05,126.59999999999997,"Wilke-Chang, Le Bas V=127 cm3/mol",0.077,2.0,0.077,2.0,MeCN,0.369,0.077 M Et4NBF4/MeCN,9.26,Representative of exemplar conditions (Yang/Lei Nat Commun 2023 (diazo difunctionalization)),"Exemplar-verified: thiol 0.5 mmol LIMITING + diazo 2.0 mmol (4 equiv) + alcohol 0.5 mL, Et4NBF4 0.5 mmol, MeCN 6 mL (6.5 mL total liquid) -> thiol 0.077 M, diazo 0.31 M, Et4NBF4 0.077 M; carbon rod anode / Pt plate 1.5x1.5 cm cathode, undivided, 10 mA, 50 C, N2, 5 h = 3.7 F on the thiol (Yang, Guan, Peng et al., Nat. Commun. 2023, 14, 1476, DOI 10.1038/s41467-023-37032-8, general procedure). THREE-COMPONENT: diazo + thiol + alcohol, two new ACYCLIC bonds (C-S and C-O at the same carbon). The thiol carried is the paper's model, 4-fluorothiophenol, run with ethyl diazoacetate and methanol. The exemplar draws the thiolate as the species oxidized at the anode (Fig. 5, p. 6); with no added base the bulk species is the neutral thiol, and the row transports it as such."
Functional group intraconversion,Cathodic aryl halide hydrodehalogenation,Ke/Chi Chem Eur J 2019,substrate,4-phenoxybromobenzene,1.525704158955118e-05,215.29999999999995,"Wilke-Chang, Le Bas V=215 cm3/mol",0.043,2.0,0.043,2.0,MeCN,0.369,0.043 M Bu4NBF4/MeCN,5.66,Representative of exemplar conditions (Ke/Chi Chem Eur J 2019),"Exemplar-verified: 4-phenoxybromobenzene 1a 0.043 M (0.3 mmol / 7.0 mL MeCN), nBu3N 2.0 equiv, nBu4NBF4 0.043 M (0.3 mmol, 1.0 equiv), graphite rod anode and cathode, constant current 15 mA, undivided, 1.8 h = 3.3 F (Ke, Wang, Zhou, Mou, Zhang, Pan & Chi, Chem. Eur. J. 2019, 25, 6911-6914, DOI 10.1002/chem.201901082, Table 1 footnotes a and c). 'The 4-phenoxylbromobenzene 1a was chosen as the model substrate'; aryl chlorides and fluorides are reduced under the same conditions (Table 3). Two cathodic electrons per aryl halide: the reaction 'is proposed to go through a two-electron transfer process', with the trialkylamine oxidized at the anode."
Reduction,Benzaldehyde -> benzyl alcohol,Lopez-Ruiz ACS SCE 2018 (ECH),substrate,benzaldehyde,5.6322106988646424e-06,118.19999999999999,"Wilke-Chang, Le Bas V=118 cm3/mol",0.02,2.0,0.02,2.0,MeOH/H2O,1.6,5 wt% AcOH/MeOH-H2O,10.0,Representative of exemplar conditions (Lopez-Ruiz ACS SCE 2018 (ECH)),"Exemplar-verified: PhCHO 0.02 M standard (0.18 M max studied; aq solubility 28.3 mM), in a catholyte of water and alcohol with H2O:AcOH = 32 mol/mol at H2O mole fraction 0.77-1.00 (p 16075; conductivity and pH measured, Table 1 p 16076), DIVIDED Nafion 117 flow cell, Pd/C felt cathode, 5-15 mA/cm2 (Lopez-Ruiz ACS SCE 2018, Methods pp 16074-5). The row carries the properties of the MeOH/H2O 50:50 wt + 5 wt% AcOH medium of p 16074, the catalyst pre-reduction catholyte; the reaction catholyte is mostly water, less viscous, so its substrate diffusivity and ceiling are higher than carried"
Oxidation,"ACT-mediated alcohol oxidation (flow, hectogram)",Zhong/Stahl OPRD 2021 (levetiracetam),mediator,ACT (4-AcNH-TEMPO),5.9273007786690434e-06,267.8999999999998,"Wilke-Chang, Le Bas V=268 cm3/mol",0.025,1.0,0.5,4.0,H2O,0.89,1 M carbonate buffer pH 8.5 aq,60.0,Representative of exemplar conditions (Zhong/Stahl OPRD 2021 (levetiracetam)),"Exemplar-verified (200-g campaign): alcohol 0.5 M, ACT 5 mol% = 25 mM, NaHCO3 1 M / Na2CO3 1 M pH 8.5 -- purely AQUEOUS (no MeCN), DIVIDED recirculating flow (Nafion 324), 100-300 mA/cm2 graphite felt (Zhong/Stahl OPRD 2021, Table 1 p 2602, Fig 5 p 2604, Fig 6 p 2605). Four electrons per substrate: the paper describes 'the oxidation of the primary alcohol to the carboxylic acid' through the aldehyde"
C-O formation,Anodic methoxylation of 4-tBu-toluene (Lysmeral),"BASF capillary-gap, >10 kt/yr (US 5,507,922)",substrate,4-tBu-toluene,1.2903528358663965e-05,206.99999999999983,"Wilke-Chang, Le Bas V=207 cm3/mol",0.83,4.0,0.83,4.0,MeOH,0.544,0.3 wt% H2SO4/MeOH (BASF),3.0,"Representative of exemplar conditions (BASF capillary-gap, >10 kt/yr (US 5,507,922))","Page-anchored to US 5,507,922, Hermeling, Hannebaum, Voss & Weiper-Idelmann (BASF), 'Preparation of benzaldehyde dialkyl acetals', 16 Apr 1996. The worked example's electrolyte composition reads: '450 g (15% by weight) of p-tert-butyltoluene / 10 g (0.3% by weight) of sulfuric acid / 2,450 g (84.7% by weight) of methanol', graphite electrodes 1 mm apart, 3.4 A/dm2 (34 mA/cm2), 7.5 F/mol, 55 C, electrolyte circulated 200 L/h. 450 g / 148.25 g/mol = 3.035 mol in ~3.65 L (volume-additive from 2450 g MeOH at 0.786 and 450 g TBT at 0.861) = 0.83 M, the value the row carries. The 0.3 wt% H2SO4/MeOH in the electrolyte column is verbatim from the patent."
C-O formation,Shono alpha-methoxylation of amides,"Shono JACS 1975 (amide competition, p. 4268)",substrate,"N,N-dimethylacetamide (13 with its d9 isotopologue 14, 1:1)",1.8312241087787995e-05,115.50000000000003,"Wilke-Chang, Le Bas V=116 cm3/mol",1.577,2.0,1.577,2.0,MeOH,0.544,0.158 M Et4NOTs/MeOH,7.0,"Representative of exemplar conditions (Shono JACS 1975 (amide competition, p. 4268))","Exemplar-verified: 'A mixture of 13 (20.21 mmol) and 14 (20.21 mmol) was anodically oxidized in methanol (25.63 ml) containing Et4NOTs (4.04 mmol)' (Shono, Hamaguchi & Matsumura, JACS 1975, Experimental p. 4268), where 13 is N,N-dimethylacetamide and 14 its d9 isotopologue (drawn on p. 4266): amide 40.42/25.63 = 1.577 M and Et4NOTs 4.04/25.63 = 0.158 M, over the stated methanol volume. The experiment is the paper's intermolecular isotope-effect competition, run to 20% conversion; both isotopologues are oxidized at the electrode, so the carrier is the total amide, carried at the protio diffusivity."
Oxidation,Cl-mediated ethylene epoxidation,Leow/Sargent Science 2020,mediator,chloride,2.03e-05,,Nernst-Einstein from lambda0 (CRC 97th ed. p. 5-75),1.0,1.0,0.00352,2.0,H2O,0.89,1 M KCl aq,111.6,Representative of exemplar conditions (Leow/Sargent Science 2020),"Measured and page-anchored. Electrolyte: the paper's flow cell uses '1.0 M potassium chloride (KCl) electrolyte, in which ethylene was continuously sparged into the anolyte', 70(+/-1)% FE to ethylene oxide at 300 mA/cm2. Substrate 0.00352 M = ethene in 1.000 M KCl at 298.15 K, 101.3 kPa, measured: IUPAC Solubility Data Series Vol. 57 (ethene, compiled by C. L. Young), original measurement Yano, T.; Suetaka, T.; Umehara, T.; Horiuchi, A., Kagaku Kogaku 1974, 38, 320-323 -- KCl series 0.500/1.000/1.500 M giving 4.14/3.52/3.03 mmol/L, against 4.83 mmol/L in pure water, so the salting-out correction is 27%. Two independent cross-checks inside the same volume: the compilation's own Sechenov evaluation gives slope -0.136 +/- 0.001 L/mol and log10(4.83/3.52) = 0.1374; and the series is monotonic across KBr, KCl and CuCl2."
Unclassified,Alkaline lignin -> vanillin (pilot),"Rücker/Waldvogel ACS SCE 2024 (pilot, ex-cell)",substrate,carbonate (ex-cell oxidizer carrier),9.2e-06,,Nernst-Einstein from lambda0 (CRC 97th ed. p. 5-75),1.0,1.0,1.0,1.0,H2O,0.89,1 M Na2CO3 aq,80.0,"Representative of exemplar conditions (Rücker/Waldvogel ACS SCE 2024 (pilot, ex-cell))","Exemplar-verified (ex-cell, TRL-6 pilot): the CELL electrolyzes 1 M Na2CO3(aq) to peroxodicarbonate (<=0.2 M, FE ~40%) on BDD at up to 675 mA/cm2, 10-11 C; lignin (0.1-3 wt% in 3 M NaOH) reacts DOWNSTREAM in an 80-L thermal PFR at 150 C and never enters the cell (Ruecker/Waldvogel ACS SCE 2024, Figs 4-9 pp 11285-92); row therefore models the carbonate carrier"
Oxidation,Thioether -> sulfone (kilo-scale),Bottecchia/Strotman OPRD 2022,mediator,"chloride (aq. HCl, 3 mol%)",2.3e-05,,"Nernst-Einstein, declared for the 6:1 MeCN/aq HCl medium (Table S7d)",0.014,1.0,0.47,4.0,MeCN/H2O,0.48,0.085 M Et4NPF6/MeCN-HCl aq,8.0,Representative of exemplar conditions (Bottecchia/Strotman OPRD 2022),"Exemplar-verified (kilo run): thioether 0.47 M intensified (0.1 M development), MeCN / 0.1 M aq HCl 6:1, so chloride 14 mM (3 mol%), Et4NPF6 0.085 M (0.18 equiv), 30 mA/cm2, 48 A/1600 cm2 undivided flow stack, <20 C (Bottecchia et al. OPRD 2022: voltammetry and 14 mol% chloride at 0.1 M p 2425; 0.47 M with 3 mol% chloride p 2428; kilo run pp 2430-31, Figs 6-8). Chloride is the current carrier: the paper's voltammetry is 'consistent with an indirect oxidation of 1, with Cl- being oxidized at the anode ... and acting as the mediator', the mixture oxidizing from 1.0 V vs SCE where the thioether alone needs 1.6 V. Four electrons per sulfone. The registered MeCN/H2O 9:1 blend supplies the properties of this 6:1 medium. The chloride's diffusivity in the 6:1 MeCN/aqueous HCl medium is declared; Table S7d gives its bracket, across which no count or median moves"
Oxidation,NHPI-mediated allylic C-H -> enone,Horn/Baran Nature 2016,mediator,Cl4NHPI,2.0935838129920764e-05,231.80000000000007,"Wilke-Chang, Le Bas V=232 cm3/mol",0.033,1.0,0.167,2.0,acetone,0.306,0.1 M LiClO4/acetone,8.0,Representative of exemplar conditions (Horn/Baran Nature 2016),"Exemplar-verified: substrate 0.167 M (0.5 mmol/3 mL ACETONE; Fig 2 caption states 'acetone (0.16 M in substrate)'), Cl4NHPI 20 mol% = 33 mM, pyridine 2 equiv, tBuOOH 1.5 equiv, LiClO4 0.1 M, 10 mA per mmol substrate, RVC, undivided (Horn/Baran Nature 2016, 533, 77-81; Fig 2 caption p 78, Fig 3 caption p 79). Two anodic electrons per enone: the N-oxyl radical abstracts the allylic hydrogen, and tBuOOH supplies the oxygen and the other two oxidizing equivalents"
Multicomponent coupling,"Alkenesulfonate from cinnamic acid, SO2 and alcohol",Chien/Manolikakes ChemSusChem 2025,substrate,cinnamate (oxidized at the alkene; decarboxylative),1.830722038442501e-05,158.89999999999992,"Wilke-Chang, Le Bas V=159 cm3/mol",0.1,2.0,0.1,2.0,MeCN,0.369,0.1 M Bu4NPF6/MeCN,9.9,Representative of exemplar conditions (Chien/Manolikakes ChemSusChem 2025),"Exemplar-verified: cinnamic acid 0.3 mmol at 0.1 M in MeCN (3 mL anolyte), SO2 10.0 equiv from a 5.0 M MeCN stock, neopentyl alcohol 3.0 equiv, 2,6-lutidine 6.0 equiv, nBu4NPF6 0.1 M; graphite anode and cathode, DIVIDED (glass frit), 10 mA cm-2, 3.5 F, 20 C; catholyte nBu4NPF6 0.1 M + AcOH 5.0 equiv (Chien, Breitschaft, Kelm, Waldvogel & Manolikakes, ChemSusChem 2025, 18(12), e202500186, DOI 10.1002/cssc.202500186, Figure 2 caption footnote a, with the deviations from these standard conditions in Table 1). THREE-COMPONENT: cinnamate + SO2 + alcohol, no ring formed. Two anodic electrons per product: under the reaction's excess of base 'an early oxidation of the cinnamate salt should take place before oxidation of the monoalkyl sulfite', and 'a second anodic oxidation' of the adduct radical precedes decarboxylation; the paper's own 'max. CE (for 3.5 F) = 57%' is 2/3.5. The carboxylate forms with the 2,6-lutidine base (6.0 equiv), so its counter-ion in the cell is lutidinium; the model pairs it with Bu4N+, and without its migration lift no threshold count moves"
Oxidation,HMF -> FDCA (biomass),Cardiel/Choi ACS SCE 2019,mediator,ACT (4-AcNH-TEMPO),5.9273007786690434e-06,267.8999999999998,"Wilke-Chang, Le Bas V=268 cm3/mol",0.04,1.0,0.1,6.0,H2O,0.89,0.5 M borate buffer pH 10 aq,25.0,Representative of exemplar conditions (Cardiel/Choi ACS SCE 2019),"Exemplar-verified (concentrated run): HMF 100 mM + ACT 40 mM (40 mol% optimum), 0.5 M borate buffer pH 10 anolyte / 0.1 M NaOH catholyte, DIVIDED (AEM), CPE 1.6 V vs RHE, carbon felt (Cardiel/Choi ACS SCE 2019, pp 11139-40, Fig 7 p 11145 + Table 3 p 11146). One electron per carrier is the ACT -> ACT+ step of the comproportionation route (Scheme 2, Pathway 1). The exemplar also gives 'the direct 2e- oxidation of ACT-H to ACT+ (Scheme 2, Pathway 2)', in which 'it is not ACT but ACT-H that is oxidized on the electrode surface' (p. 11142), and finds that it contributes 'when HMF is in excess relative to the nitroxyl radical (radical:HMF = 1:2.5 and 1:8)' (p. 11143); 40 mM ACT against 100 mM HMF is 1:2.5. The electrons delivered per carrier therefore lie between 1 and 2, and the 1 carried is the lower end, which gives the lower ceiling"
Cyclization,Radical-cation Diels-Alder (catalytic in e-),Okada/Chiba Chem Sci 2016,substrate,trans-anethole,1.1942962435322783e-05,184.79999999999987,"Wilke-Chang, Le Bas V=185 cm3/mol",0.08,0.1,0.08,0.1,MeNO2,0.63,1 M LiClO4/MeNO2,12.0,Representative of exemplar conditions (Okada/Chiba Chem Sci 2016),"Exemplar-verified: anethole 0.08 M (1.6 mmol/20 mL) + diene 2 equiv (0.16 M), LiClO4 1.0 M in NITROMETHANE (MeCN 26%, MeOH 0%), 0.05-0.5 F/mol, rt (Okada/Chiba Chem Sci 2016, Table 1 fn a p 6389) From the supporting information (Okada/Chiba, Chem. Sci. 2016, worked example): 'trans-anethole 1 (237 mg, 1.60 mmol), isoprene 2 (218 mg, 3.20 mmol), lithium perchlorate (2.13 g) and nitromethane (20 mL), 0.1 F/mol'. So anethole 0.080 M, isoprene 0.160 M, and LiClO4 2.13 g / 106.39 g mol-1 = 20.0 mmol / 20 mL = 1.00 M -- all three as carried. The count carried is the charge the paper passes: 'the reaction was completed with only 0.1 F mol-1 of electricity', a radical-cation chain"
Oxidation,BQ-mediated Wacker-Tsuji oxidation,Miller/Wayner Can J Chem 1992,mediator,H2Q (diffusing reduced form of BQ),1.7796928780851267e-05,110.80000000000001,"Wilke-Chang, Le Bas V=111 cm3/mol",0.022,2.0,0.11,2.0,MeCN/H2O,0.48,0.1 M TBAP/MeCN-H2O,10.0,Representative of exemplar conditions (Miller/Wayner Can J Chem 1992),"Fully anchored in the article body; this paper has no SI. Experimental (p. 2490): 'Palladium(II) acetate (0.1 mmol), benzoquinone (2 mmol), and perchloric acid (0.015-0.36 M) were dissolved in acetonitrile/water (7 : 1 v/v, 85 mL containing 0.1 M TBAP) in the anode compartment', with the Table 1 footnote (p 2487) '20 mol% benzoquinone, 1 mol% Pd(OAc)2, 7:1 CH3CN/H2O, 25 C, 0.90 V vs. SCE, 0.1 M TBAP at a platinum mesh working electrode' and the Results' own molarities (p 2486) 'benzoquinone (0.022 M ...), palladium acetate (0.0011 M ...), olefin (0.11 M)', which this row carries: BQ 0.022 M, olefin 0.11 M, TBAP 0.1 M, MeCN/H2O 7:1, divided cell (10/85 = 0.118 M ignores the olefin's own volume). Miller & Wayner, Can. J. Chem. 1992, 70, 2485. The quinone is charged as benzoquinone, and the row carries the whole 22 mM pool as the hydroquinone the anode oxidizes: an upper bound on the electroactive species, to which the row's ceilings are proportional, so the thin-film cells that clear 50 mA cm-2 do so conditionally on it. The registered MeCN/H2O 9:1 blend supplies the properties of this 7:1 medium."
C-O formation,Non-Kolbe decarboxylative alpha-methoxylation,Walecka-Kurczyk RSC Adv 2022,substrate,N-Piv-alpha-amino acid (neutral; Et3N 0.075 equiv),1.269492659293955e-05,212.69999999999985,"Wilke-Chang, Le Bas V=213 cm3/mol",0.1,2.0,0.1,2.0,MeOH,0.544,Et3N 7.5 mM (no salt)/MeOH,0.5,Representative of exemplar conditions (Walecka-Kurczyk RSC Adv 2022),"Exemplar-verified: N-Piv-alanine 0.1 M (0.4 mmol/4 mL MeOH), Et3N 7.5 mM only -- NO added salt, graphite, 60 mA, 2.1 F/mol, undivided ElectraSyn (Walecka-Kurczyk RSC Adv 2022, Table 1 p 2109; procedure p 2110)"
Isomerization,Co-H alkene isomerization (catalytic),Gnaim/Baran Nature 2022 (e-HAT isomerization),catalyst,Co(salen),1.427333774474262e-05,,Stokes-Einstein r=5.0 A,0.0032,1.0,0.08,3.0,acetone,0.306,0.1 M TBABF4/acetone,8.0,Representative of exemplar conditions (Gnaim/Baran Nature 2022 (e-HAT isomerization)),"Exemplar-verified (SI, compound 17, General Procedure B): 'Following the general procedure B on 0.2 mmol scale, using Co(salen)-1 (4.8 mg, 8 umol), TBABF4 (60 mg), HFIP (84 uL, 0.8 mmol), and acetone (2.5 mL), with zinc as anode and nickel foam as cathode under the electrolysis of 5 mA for 3 F/mol' -> alkene 0.2/2.5 = 0.080 M, Co(salen)-1 8 umol/2.5 mL = 3.2 mM (4 mol%), TBABF4 0.073 M (60 mg/2.5 mL; 0.1 M in the general procedure) (Gnaim/Baran Nature 2022, SI p. 37 and SI pp. 66-67). One electron per cobalt, which is reduced and protonated to the hydride. The isomerization is redox-neutral, and the substrate count is the charge the paper passes for this compound, 3 F mol-1; the excess charge evolves hydrogen, since the exemplar describes the putative cobalt hydride 'competent for both cobalt-promoted HER as well as cobalt-catalysed olefin isomerization' (p. 691) without quantifying the split, so the row is a chain normalised by passed charge"
Cyclization,Oxazole synthesis from ketones and acetonitrile,Bao OL 2022,mediator,tri(p-tolyl)amine (10 mol%),1.1224512938896822e-05,359.0999999999999,"Wilke-Chang, Le Bas V=359 cm3/mol",0.005,1.0,0.05,2.0,MeCN,0.369,0.3 M LiClO4/MeCN,20.0,Representative of exemplar conditions (Bao OL 2022),"Exemplar-verified: benzyl phenyl ketone 0.05 M (0.4 mmol/8 mL MeCN anolyte), tri(p-tolyl)amine 5 mM (0.04 mmol, 10 mol%) with TFAA/Ac2O activators, LiClO4 0.3 M, divided H-cell, E_cell 2.5 V, carbon felt (Bao OL 2022, Table 1 fn a p 5763). The amine is the current carrier: the paper uses it 'as the redox catalyst', its anodic current rises when the anhydrides and the ketone are added, and the enamide intermediate 'underwent a SET (single electron transfer) process with the radical cation produced by Ar3N at anode'. The yield falls sharply without the amine but not to zero, so some direct oxidation occurs, which this row does not credit. Two electrons per oxazole"
Cyclization,Cathodic aryl-halide radical 5-exo cyclization,Ozaki/Ohmori Tet Lett 1994,catalyst,Ni(tet a) complex,6.112008606061071e-06,,Stokes-Einstein r=4.5 A,0.01,1.0,0.05,2.0,DMF,0.794,0.1 M Et4NClO4/DMF,4.0,Representative of exemplar conditions (Ozaki/Ohmori Tet Lett 1994),"Exemplar-verified: ArX 0.05 M (1 mmol/20 mL DMF), Ni(tet a)(ClO4)2 10 mM (20 mol%) = the current-carrying CATALYST, Et4NClO4 0.1 M, NH4ClO4 2 equiv, DIVIDED H-cell, CPE -1.3 V vs SCE, graphite (Ozaki/Ohmori Tet Lett 1994, p 726 + Table 1). Table 1 records 1.5-3.1 F/mol 'consumed for complete conversion of substrate', so two electrons per aryl halide are carried. The 2 equiv NH4ClO4 (0.1 M) is the proton source and is not carried as supporting electrolyte in the solve, which overstates the migration of the Ni(tet a)2+ carrier; its migration factor is 1.046, so that term is at most 4.6 pct of each ceiling, the largest of which is 6.7 mA cm-2"
Cyclization,Dehydrogenative lactonization (C-H/O-H),Zhang/K. Xu/Zeng OL 2018,substrate,biphenyl-2-carboxylic acid,1.511013544768412e-05,218.79999999999993,"Wilke-Chang, Le Bas V=219 cm3/mol",0.0625,2.0,0.0625,2.0,MeCN,0.369,0.25 M Bu4NBF4/MeCN,19.95,Representative of exemplar conditions (Zhang/K. Xu/Zeng OL 2018),"Org. Lett. 2018, 20, 252-255, DOI 10.1021/acs.orglett.7b03617. The DOI carries a 2017 manuscript id while the paper's own header reads 'Cite This: Org. Lett. 2018, 20, 252-255' (published December 7, 2017, in the January 2018 issue); an ACS DOI's year prefix is not a publication year. Conditions from Scheme 1 fn a (p 253): 'undivided cell, Pt anode and cathode (1.5x1.5 cm2, J = 13.3 mA/cm2), 1 (0.5 mmol), CH3CN (7 mL), MeOH (1 mL), n-Bu4NBF4 (2 mmol) at room temperature for 1.5-2.5 h' -> substrate 0.5/8 = 0.0625 M, Bu4NBF4 2/8 = 0.25 M. One experiment, both numbers."
Halogenation,Anodic benzylic fluorination,Tajima/Fuchigami Electrochem Commun 2002,substrate,ethylbenzene (benzylic C-H),1.9718618436652254e-05,140.39999999999992,"Wilke-Chang, Le Bas V=140 cm3/mol",0.1,2.0,0.1,2.0,MeCN,0.369,1 M Et4NF.4HF/MeCN,60.0,Representative of exemplar conditions (Tajima/Fuchigami Electrochem Commun 2002),"Exemplar-verified: substrate 0.1 M (1 mmol/10 mL MeCN), Et4NF.4HF 1 M = F source AND electrolyte (NOT Et3N.3HF), Pt 2x2 cm, undivided, rt (Tajima/Fuchigami Electrochem Commun 2002, Sec 2.3 p 590, Table 2; Table 4 passes 2 and 3.5 F/mol for the cumenes, and n = 2 is the reaction's own count)"
Halogenation,Br- oxidation / electrophilic bromination,Zhang/Su Nat Commun 2025 (scalable arene bromination),mediator,bromide,2.08e-05,,"Nernst-Einstein, aqueous value (CRC p. 5-75) declared for the 1:1 medium (Table S7d)",0.25,1.0,0.0333,2.0,H2O/MeCN 1:1,0.835,0.25 M NaBr/H2O-MeCN 1:1,40.0,Representative of exemplar conditions (Zhang/Su Nat Commun 2025 (scalable arene bromination)),"Read from the exemplar (Methods and Fig. 4): anisole is brominated in the divided H-cell, 'each cell was filled with 7.5 mL acetonitrile and 7.5 mL 0.5 mol/L NaBr aqueous solution. 0.5 mmol substrate was dissolved in the anodic cell' -> anisole 0.5/15 = 0.0333 M, Br- 0.5 x 7.5/15 = 0.25 M, water/MeCN 1:1 v/v. The flow-cell runs of Fig 5b/c (4 mmol substrate in 0.5 M NaBr aq/MeCN/MeOH/DCM 10:10:10:3, and the 518 g run) are on the natural-product and drug derivatives -- the 0.61 kg run is a naproxen derivative -- not on anisole, so this row carries the H-cell campaign of its own substrate. It is one of the mediated EC' rows and is solved with the full EC' treatment of S5.4. The bromide's diffusivity is the aqueous value carried into the 1:1 mixture, a declared transfer whose bracket, and the one count it can move, are given in Table S7d."
Multicomponent coupling,Alkoxysulfonylation of styrenes with sulfinates,Mei/Han ACS Omega 2019,substrate,"alpha-methylstyrene (limiting; the sulfinate, 2 equiv, is oxidized)",1.533753821215765e-05,155.19999999999987,"Wilke-Chang, Le Bas V=155 cm3/mol",0.0625,2.0,0.0625,2.0,MeOH,0.544,0.0625 M TsOH/MeOH,7.5,Representative of exemplar conditions (Mei/Han ACS Omega 2019),"The paper's standard conditions carry no added salt: '1a (0.5 mmol), 2 (1.0 mmol), MeOH (8 mL), TsOH (0.5 mmol), 4 A MS (200 mg), and constant current = 10 mA, in undivided cell at room temperature under nitrogen atmosphere for 2.5 h'. Table 1 runs entries 1-13 in LiClO4 (0.5 mmol; 79% at entry 6) and the standard conditions (entry 15, 82%) add no electrolyte, so the ions in solution are the reagents'. The row's electrolyte names the acid as charged, 0.5 mmol/8 mL = 0.0625 M, but TsOH protonates half of the sulfinate (1.0 mmol), which the exemplar credits ('mainly because of the in situ generation of sulfinic acid', p. 14354), so no strong acid remains: the ions are Na+ at 0.125 M with TsO- and ArSO2- at 0.0625 M each. The carrier is the neutral alkene, so these ions carry no flux and set no ceiling. Two anodic electrons form each product: 'sodium 4-methylbenzenesulfinate 2a is oxidized at the graphite anode', the sulfonyl radical adds to alpha-methyl styrene 1a, and 'anodic oxidation of radical intermediate C generates alkyl cation D', which methanol captures. The sulfinate is at two equivalents (0.125 M), so the alkene at 0.0625 M is the limiting reagent and the row transports it at two electrons each."
C-S formation,Aryl thiocyanation (NH4SCN),Gitkis/Becker Electrochim Acta 2010,mediator,thiocyanate,8.7e-06,,"Walden transfer of the MeCN value (Nernst-Einstein, lambda0 113.3, Krumgalz 1983) by 0.369/1.28 (assumption)",0.1,1.0,0.25,2.0,AcOH/HCOOH,1.28,0.1 M LiClO4/AcOH-HCOOH,3.0,Representative of exemplar conditions (Gitkis/Becker Electrochim Acta 2010),"Exemplar-verified against the CONSTANT-CURRENT runs, which are the ones this row models: 'Constant current electrolyses were performed in a divided H-type two-compartment cell equipped with a medium glass frit as a membrane. Both electrodes were made of Pt foils (5 cm2) and distant from each other by 3-5 mm. The volume of the electrolyte solution (1:1 AcOH-HCOOH and 0.1 M LiClO4) in each compartment was 20 ml and the ratio between substrate (5 mmol) and NH4SCN (2 mmol) was 5:2' (Exp. 2.1, p. 5855). So ArH = 5/20 = 0.25 M, NH4SCN = 2/20 = 0.10 M and LiClO4 = 0.1 M, all from one sentence that also fixes the solvent and the cell. THE PAPER DESCRIBES A SECOND, DIFFERENT EXPERIMENT and the two must not be mixed: the controlled-potential variant puts '5 mmol of aromatic substrate and 2 mmol of NH4SCN, both dissolved in 30 ml' into the anode compartment, giving 0.1667 and 0.0667 M. This row is constant-current throughout -- Pt 1-10 mA/cm2 (best 1), 2.25 F/mol, divided cell -- and the 0.5 M LiClO4 value belongs to the glacial-AcOH CPE variant, not here. NO SUPPORTING INFORMATION EXISTS for this paper (Gitkis/Becker, Electrochim. Acta 2010, 10.1016/j.electacta.2010.05.035); the conditions are read from the article body alone."
Other bond formation,Anodic C-H phosphorylation of arenes,Long/H.-C. Xu Nat Commun 2021 (flow),substrate,arene (mesitylene; P(OEt)3 is the electroactive partner at 5 equiv),1.805611961956384e-05,162.59999999999985,"Wilke-Chang, Le Bas V=163 cm3/mol",0.05,2.0,0.05,2.0,MeCN,0.369,0.1 M HBF4/MeCN,15.0,Representative of exemplar conditions (Long/H.-C. Xu Nat Commun 2021 (flow)),"Exemplar-verified: arene 0.05 M limiting (0.2 mmol/4 mL MeCN) + P(OEt)3 5 equiv (0.25 M), HBF4.Et2O 0.1 M = only electrolyte, graphite/Pt 5.5 mA/cm2, 0.25 mm-gap flow, 75 s residence, 3.4 F/mol (Long/H.-C. Xu Nat Commun 2021, Table 1 fn, Fig 2-3). THE ARENE IS THE BINDING SPECIES, not a conservative stand-in: the phosphite is the electroactive partner -- the paper forms the C-P bond 'through the reaction of arenes with anodically generated P-radical cations' -- but it is consumed into the product rather than regenerated, so this is not a mediated cycle, and the ceiling is the smaller of the two co-reactant fluxes. Each product takes two electrons whichever partner limits (the phosphite is oxidized first and the adduct radical second), so the phosphite side carries 2 x 0.25 = 0.5 D_P and the arene side 2 x 0.05 = 0.10 D_Ar; with comparable diffusivities the arene binds, so the arene is what this row transports. Its identity in Table 1 is 'benzoate 1', drawn in a scheme and not named in the text; mesitylene, the arene of the paper's own 231-h continuous production run (55.0 g product), is adopted as the named representative at the Table 1 concentration"
Cyclization,"Anodic N-N coupling to pyrazolidine-3,5-diones",Gieshoff/Waldvogel Angew 2016,substrate,"2,2-dimethyl-N,N'-di(4-methylphenyl)malonamide",5.072486284877613e-06,371.39999999999986,"Wilke-Chang, Le Bas V=371 cm3/mol",0.04,2.0,0.04,2.0,HFIP,1.619,0.01 M Bu4NPF6/HFIP,0.3,Representative of exemplar conditions (Gieshoff/Waldvogel Angew 2016),"Exemplar-verified (SI): dianilide 0.040 M at BOTH scales (0.2 mmol / 5 mL Teflon cell, Protocol A/B; 1.0 mmol / 25 mL glass cell, Protocol C), Bu4NPF6 0.01 M exactly (19.3 mg/5 mL; 96.5 mg/25 mL -- both = 9.96 mM), HFIP, graphite/Pt, 0.5 mA/cm2 galvanostatic, 2.2 F (Gieshoff/Waldvogel Angew 2016, SI pp S4-S6, S14). The substrate is the test substrate 2a, 2,2-dimethyl-N,N'-di(4-methylphenyl)malonamide (p. 9438), giving 1a; 'dianilides with an unsubstituted para position ... failed ... owing to unselective degradation or oligomerization' (p. 9439)"
