row,reaction,electrode,electroactive,electrode_step,solution_step,overall,kind,n_substrate,n_carrier,ceiling_set_by,note
1,Ni-catalyzed aryl amination (ArBr + amine),anode,catalyst (nickel),Ni(II)(Ar)(NR₂) → Ni(III)(Ar)(NR₂)⁺ + e⁻,"Ni(I)Br + ArBr → Ni(III)(Ar)Br₂, reduced at the cathode to Ni(II)(Ar)Br + Br⁻; amine binds; Ni(III) eliminates Ar–NR₂ and returns Ni(I)",4-CF₃C₆H₄Br + morpholine → 4-CF₃C₆H₄–N(morpholino) + H⁺ + Br⁻,paired,1,1,catalyst,"one anodic and one cathodic electron per turnover (Kawamata p. 6396, steps B–F); written at the exemplar's working electrode, the RVC anode; the overall pair is the one the exemplar takes for its DFT calculations, 'the coupling of morpholine with 4-trifluoromethylbromobenzene' (p. 6396)"
2,Electrochemical amination of ArX with NH3,cathode,catalyst (nickel),ArNi(III)Br₂ + e⁻ → ArNi(II)Br + Br⁻ (once per turnover; the first Ni(II) → Ni(I) reduction only activates the catalyst),"NH₃ binds to ArNi(II); oxidation at the anode to Ni(III) releases ArNH₂ and returns Ni(I) (undivided cell, zinc anode)",4-MeC₆H₄Br + NH₃ → 4-MeC₆H₄NH₂ + H⁺ + Br⁻,paired,1,1,catalyst,"one cathodic and one anodic electron per turnover: Ni(I) adds ArBr, the cathode reduces Ni(III) to Ni(II), the anode oxidizes the amido Ni(II) to Ni(III), and reductive elimination returns Ni(I) (Liu/Qiu Fig. 4f); written at the exemplar's working electrode, the Ni-foam cathode, against a sacrificial zinc anode"
3,Shono oxidation (N-acyliminium capture),anode,substrate,carbamate → N-acyliminium + 2 e⁻ + H⁺,,methyl pyrrolidine-1-carboxylate + MeOH → 2-methoxy carbamate + 2 H⁺ + 2 e⁻,stoichiometric,2,2,substrate,
4,Oxidative benzimidazole annulation (C-H/N-H),anode,substrate,"amidine → amidinyl radical + H⁺ + e⁻; after ring closure onto the N-aryl ring, cyclohexadienyl radical → benzimidazole + H⁺ + e⁻",,2-fluoro-N-methyl-N-phenylbenzamidine → 2-(2-fluorophenyl)-1-methylbenzimidazole + 2 H⁺ + 2 e⁻,stoichiometric,2,2,substrate,
5,Mn-catalyzed alkene diazidation,anode,catalyst (manganese),Mn(II)–N₃ → Mn(III)–N₃ + e⁻,"Mn(III)–N₃ transfers an azidyl group to the alkene, twice","4-tBu-styrene + 2 N₃⁻ → 1,2-diazide + 2 e⁻",stoichiometric,2,1,catalyst,
6,Br-mediated Hofmann rearrangement,anode,mediator (bromide),2 Br⁻ → Br₂ + 2 e⁻,"Br₂ + RC(O)NH₂ → N-bromoamide → isocyanate, trapped by MeOH; 2 Br⁻ returned",PhCH₂C(O)NH₂ + MeOH → PhCH₂NHCO₂Me + 2 H⁺ + 2 e⁻,stoichiometric,2,1,mediator,
7,Arene C-H pyridination,anode,substrate,"anisole → anisole•⁺ + e⁻; after pyridine adds, the adduct radical cation → N-(4-methoxyphenyl)pyridinium⁺ + H⁺ + e⁻",,anisole + pyridine → N-(4-methoxyphenyl)pyridinium⁺ + H⁺ + 2 e⁻,stoichiometric,2,2,substrate,
8,Amidyl-radical C-H amination (phenanthridinone),anode,mediator (bromide),2 Br⁻ → Br₂ + 2 e⁻,"Br₂ brominates the amide N–H; N–Br homolysis gives the amidyl radical, which cyclizes; 2 Br⁻ returned",ArC(O)NH–OPiv → N-OPiv phenanthridinone + 2 H⁺ + 2 e⁻,stoichiometric,2,1,mediator,
9,Co-catalyzed allylic C-H amination,anode,catalyst (cobalt),"Co(II)(salen) → Co(III)(salen)⁺ + e⁻, and later [Co(I)(salen)]⁻ → Co(II)(salen) + e⁻","Co(III) binds the deprotonated carbamate and releases the amidyl radical by heat-induced homolysis (Co(II) returned); the radical cyclizes; Co(II) takes the alkyl radical to the alkene and a Co–H, which MeO⁻ from the cathode deprotonates to [Co(I)]⁻",cyclohex-2-enyl N-aryl carbamate → bicyclic oxazolidinone + 2 H⁺ + 2 e⁻,stoichiometric,2,1,catalyst,
10,Ritter-type C(sp3)-H amination,anode,"reagent (sulfate, 4 equiv)",SO₄²⁻ → SO₄•⁻ + e⁻ (the S₂O₈²⁻ the radicals form is reduced back to SO₄•⁻ at the cathode),"SO₄•⁻ abstracts the tertiary C–H; the carbon radical is oxidized at the anode to the cation, which MeCN and then water trap (Ritter)","1,3-dimethyladamantane + MeCN + H₂O → N-(3,5-dimethyladamantyl)acetamide + 2 H⁺ + 2 e⁻",stoichiometric,2,2,substrate,
11,Co-H alkene reduction (e-HAT),cathode,catalyst (cobalt),Co(II) + e⁻ → Co(I); Co(I) + H⁺ → Co(III)–H,"Co–H adds to the terminal alkene (with bipyridine ligands, studied under its conditions A, the exemplar suggests migratory insertion is more consistent than hydrogen-atom transfer); in the model's bookkeeping a second reduction and protonation give the alkane",alprenolol + 2 H⁺ + 2 e⁻ → dihydroalprenolol,stoichiometric,2,1,catalyst,
12,Kolbe homocoupling of 10-undecenoate,anode,substrate,"RCO₂H → RCO₂⁻ + H⁺ (Me4NOH, 0.15 equiv); RCO₂⁻ → R• + CO₂ + e⁻",,"2 10-undecenoic acid → eicosa-1,19-diene + 2 CO₂ + 2 H⁺ + 2 e⁻",stoichiometric,1,1,substrate,
13,Ni-XEC C(sp2)-C(sp3) (ArBr + RBr),cathode,catalyst (nickel),Ni(II) + e⁻ → reduced nickel (the exemplar assigns no oxidation states),"nickel activates the aryl bromide and captures the alkyl radical; reductive elimination forms the C–C bond (the cross-electrophile mechanism the exemplar cites, not one it reports)",5-bromo-3-isopropylindole + 4-bromo-1-Boc-piperidine + 2 e⁻ → 5-(1-Boc-piperidin-4-yl)-3-isopropylindole + 2 Br⁻,stoichiometric,2,1,catalyst,
14,Doubly decarboxylative Csp3-Csp3,cathode,catalyst (nickel),Ni(II) + e⁻ → low-valent Ni,low-valent nickel reduces each redox-active ester to an alkyl radical and couples the two,R¹CO₂NPhth + R²CO₂NPhth + 2 e⁻ → R¹–R² + 2 CO₂ + 2 PhthN⁻,stoichiometric,2,1,catalyst,
15,BDD phenol-arene cross-coupling,anode,substrate (through solvent-derived radicals),H₂O/MeOH → HO•/MeO• + H⁺ + e⁻ at the BDD anode; the coupled intermediate is oxidized again,"the solvent-derived radical takes the phenol O–H; the phenoxyl radical adds to the arene (the exemplar proposes this route because phenol and arene oxidize at almost the same potential, so direct oxidation cannot be selective)","4-methylguaiacol + 1,2,4-trimethoxybenzene → 2-hydroxy-2′,3,4′,5′-tetramethoxy-5-methylbiphenyl + 2 H⁺ + 2 e⁻",stoichiometric,2,2,substrate,
16,Decarboxylative arylation (radical-radical),cathode,substrate (the arene; the carboxylate at the anode),NC–C₆H₄–CN + e⁻ → radical anion (cathode); RCO₂⁻ → R• + CO₂ + e⁻ (anode),the transient alkyl radical couples with the persistent radical anion; cyanide leaves,"RCO₂⁻ + 1,4-dicyanobenzene → 4-R-benzonitrile + CO₂ + CN⁻",paired,1,1,substrate,"one electron at each electrode per product, in a 25 µm interelectrode gap"
17,Cathodic Giese (R-I + alkene),cathode,mediator (dissolved O₂),O₂ + H⁺ + e⁻ → HO₂• (pH 2; pKa 4.88),"HO₂• reduces hypoiodous acid to HO•, which adds to the alkyl iodide; the R–I(II)(OH)• adduct fragments to R• and HOI (the exemplar's relay, Schemes 3–4); R• adds to the alkene and the adduct radical is reduced and protonated",iPrI + phenyl vinyl sulfone + H⁺ + 2 e⁻ → iPrCH₂CH₂SO₂Ph + I⁻,stoichiometric,2,1,mediator,
18,Rh-catalyzed electrooxidative C-H alkenylation,anode,catalyst (rhodium),Rh(I) → Rh(III) + 2 e⁻,"Cp*Rh(III) activates the ortho C–H, inserts the acrylate and releases the product as Rh(I)",benzoic acid + butyl acrylate → 3-substituted phthalide + 2 H⁺ + 2 e⁻,stoichiometric,2,2,catalyst,
19,Cu-catalyzed benzylic cyanation,anode,catalyst (copper),Cu(I) → Cu(II) + e⁻,the photoexcited anthraquinone oxidizes the arene by electron transfer and the radical cation loses a proton (not HAT); Cu(II)–CN captures the benzylic radical and eliminates the nitrile; the reduced quinone is reoxidized at the anode,n-butylbenzene + CN⁻ → 2-phenylpentanenitrile + H⁺ + 2 e⁻,stoichiometric,2,1,catalyst,
20,Cathodic Ni aryl-aryl homocoupling,cathode,catalyst (nickel),Ni(II)bpy + 2 e⁻ → Ni(0)bpy,"Ni(0) adds ArBr; the arylnickel(II) is reduced to ArNi(I), which adds the second ArBr, and the diaryl-Ni(III) eliminates the biaryl (the left-hand cycle of the exemplar's Scheme 1)",2 PhBr + 2 e⁻ → biphenyl + 2 Br⁻,stoichiometric,1,2,catalyst,
21,Anodic dehydrogenative 2-naphthol coupling,anode,substrate (on a TEMPO-modified electrode),ArOH → ArO• + e⁻ + H⁺,,"2 2-naphthol → 1,1′-bi-2-naphthol + 2 H⁺ + 2 e⁻",stoichiometric,1,1,substrate,
22,Acrylonitrile hydrodimerization (ADN),cathode,substrate,"CH₂=CHCN + 2 e⁻ → dianion (two one-electron stages), protonated by water to ⁻CH₂CH₂CN",the carbanion adds to a second acrylonitrile; the adiponitrile anion takes a proton from water,2 acrylonitrile + 2 H₂O + 2 e⁻ → adiponitrile + 2 OH⁻,stoichiometric,1,1,substrate,
23,Birch reduction of naphthalene,cathode,substrate,"ArH + e⁻ → ArH•⁻ (twice per ring, with protonation by DMU)",,"naphthalene + 4 H⁺ + 4 e⁻ → 1,4,5,8-tetrahydronaphthalene",stoichiometric,4,4,substrate,
24,Nitroarene -> aniline,cathode,substrate,ArNO₂ → ArNO → ArNHOH → ArNH₂,,3-nitrobenzotrifluoride + 6 H⁺ + 6 e⁻ → 3-(trifluoromethyl)aniline + 2 H₂O,stoichiometric,6,6,substrate,
25,Rapid-alternating-polarity (hetero)arene reduction,cathode,substrate,"heteroarene + e⁻ → radical anion (twice, with protonation)",,"methyl 2-thiophenecarboxylate + 2 H⁺ + 2 e⁻ → methyl 2,5-dihydrothiophene-2-carboxylate",stoichiometric,2,2,substrate,
26,Diazo difunctionalization (thiol + alcohol),anode,substrate (thiol),ArSH → ArS• + e⁻ + H⁺,the thiyl radical adds to the diazo carbon with loss of N₂; the adduct is oxidized and captured by the alcohol,4-FC₆H₄SH + ethyl diazoacetate + MeOH → ethyl 2-(arylthio)-2-methoxyacetate + N₂ + 2 H⁺ + 2 e⁻,stoichiometric,2,2,substrate,
27,Cathodic aryl halide hydrodehalogenation,cathode,substrate,"ArBr + 2 e⁻ → Ar⁻ + Br⁻, then protonation",,4-phenoxybromobenzene + H⁺ + 2 e⁻ → diphenyl ether + Br⁻,stoichiometric,2,2,substrate,
28,Benzaldehyde -> benzyl alcohol,cathode,substrate (hydrogenated on Pd by surface hydrogen; H₃O⁺ takes the electrons),H₃O⁺ + e⁻ → Pd–H (twice),two surface hydrogens add to the adsorbed aldehyde (electrocatalytic hydrogenation),benzaldehyde + 2 H⁺ + 2 e⁻ → benzyl alcohol,stoichiometric,2,2,substrate,
29,"ACT-mediated alcohol oxidation (flow, hectogram)",anode,mediator (ACT aminoxyl),ACT → ACT⁺ + e⁻,the oxoammonium oxidizes the alcohol to the aldehyde and its hydrate to the acid,RCH₂OH (levetiracetam alcohol) + H₂O → RCO₂H + 4 H⁺ + 4 e⁻,stoichiometric,4,1,mediator,
30,Anodic methoxylation of 4-tBu-toluene (Lysmeral),anode,substrate,"ArCH₃ → benzylic cation (2 e⁻), trapped by MeOH; repeated",,4-tBu-toluene + 2 MeOH → 4-tBu-benzaldehyde dimethyl acetal + 4 H⁺ + 4 e⁻,stoichiometric,4,4,substrate,
31,Shono alpha-methoxylation of amides,anode,substrate,amide → N-acyliminium + 2 e⁻ + H⁺,,"N,N-dimethylacetamide + MeOH → N-(methoxymethyl)-N-methylacetamide + 2 H⁺ + 2 e⁻",stoichiometric,2,2,substrate,
32,Cl-mediated ethylene epoxidation,anode,mediator (chloride),2 Cl⁻ → Cl₂ + 2 e⁻,Cl₂/HOCl and ethylene give the chlorohydrin in the anolyte; mixing with the hydroxide-rich catholyte after electrolysis closes the epoxide and returns the second Cl⁻,ethylene + H₂O → ethylene oxide + 2 H⁺ + 2 e⁻,stoichiometric,2,1,mediator,
33,Alkaline lignin -> vanillin (pilot),anode,substrate (carbonate; oxidant used ex-cell),2 CO₃²⁻ → C₂O₆²⁻ + 2 e⁻,peroxodicarbonate is pumped out of the cell and oxidizes lignin to vanillin in a separate vessel,2 CO₃²⁻ → C₂O₆²⁻ + 2 e⁻,ex-cell,1,1,substrate,
34,Thioether -> sulfone (kilo-scale),anode,mediator (chloride),2 Cl⁻ → Cl₂ + 2 e⁻,the electrogenerated chlorine oxidant takes the thioether to the sulfoxide and then the sulfone; Cl⁻ returned,4-methyl-2-(methylthio)pyrimidine + 2 H₂O → 4-methyl-2-(methylsulfonyl)pyrimidine + 4 H⁺ + 4 e⁻,stoichiometric,4,1,mediator,
35,NHPI-mediated allylic C-H -> enone,anode,mediator (Cl₄NHPI),Cl₄NHPI⁻ → Cl₄PINO• + e⁻,"the N-oxyl radical abstracts the allylic H; tBuOOH, oxidized to tBuOO• (a separate −e⁻ step in the exemplar's mechanism), traps the allylic radical, and the peroxide eliminates tBuOH; the model routes both anodic electrons through the mediator",valencene + tBuOOH → nootkatone + tBuOH + 2 H⁺ + 2 e⁻,stoichiometric,2,1,mediator,
36,"Alkenesulfonate from cinnamic acid, SO2 and alcohol",anode,substrate (cinnamate),ArCH=CHCO₂⁻ → radical + e⁻,"the monoalkyl sulfite (from ROH, SO₂ and base) adds; a second oxidation and loss of CO₂ give the alkenesulfonate",cinnamate⁻ + neopentyl alcohol + SO₂ → neopentyl (E)-styrenesulfonate + CO₂ + H⁺ + 2 e⁻,stoichiometric,2,2,substrate,
37,HMF -> FDCA (biomass),anode,mediator (ACT aminoxyl),ACT → ACT⁺ + e⁻,the oxoammonium oxidizes the alcohol and both aldehyde groups in turn,HMF + 2 H₂O → FDCA + 6 H⁺ + 6 e⁻,stoichiometric,6,1,mediator,
38,Radical-cation Diels-Alder (catalytic in e-),anode,substrate (initiator),anethole → anethole•⁺ + e⁻,the radical cation adds the diene; the adduct radical cation oxidizes the next anethole (chain),trans-anethole + isoprene → cyclohexene adduct,chain,0.1,0.1,substrate,"no net electrons; the paper completes the reaction with 0.1 F mol⁻¹, the count carried"
39,BQ-mediated Wacker-Tsuji oxidation,anode,mediator (hydroquinone),H₂Q → BQ + 2 H⁺ + 2 e⁻,"Pd(II) oxidizes the alkene (Wacker); BQ reoxidizes Pd(0) and returns H₂Q, at the rate the palladium turns over",1-decene + H₂O → 2-decanone + 2 H⁺ + 2 e⁻,stoichiometric,2,2,mediator,
40,Non-Kolbe decarboxylative alpha-methoxylation,anode,substrate,RCO₂H → R⁺ + CO₂ + H⁺ + 2 e⁻,,"N-Piv-alanine + MeOH → N,O-acetal + CO₂ + 2 H⁺ + 2 e⁻",stoichiometric,2,2,substrate,
41,Co-H alkene isomerization (catalytic),cathode,"catalyst (cobalt, initiator)",Co(II) + e⁻ + H⁺ → Co(III)–H,"Co–H adds to and leaves the alkene, moving the double bond and regenerating itself (chain)",5-methyl-1-phenylhex-5-en-3-ol → 5-methyl-1-phenylhex-4-en-3-ol,chain,3,1,catalyst,"no net electrons; 3 F mol⁻¹ is the charge the exemplar passes for this compound, and that charge is carried"
42,Oxazole synthesis from ketones and acetonitrile,anode,mediator (triarylamine),Ar₃N → Ar₃N•⁺ + e⁻,the ketone is activated and adds MeCN (Ritter) to an enamide; the aminium oxidizes it and the cation cyclizes,"benzyl phenyl ketone + MeCN → 2-methyl-4,5-diphenyloxazole + 2 H⁺ + 2 e⁻",stoichiometric,2,1,mediator,
43,Cathodic aryl-halide radical 5-exo cyclization,cathode,catalyst (nickel),Ni(II)(tet a)²⁺ + e⁻ → Ni(I)(tet a)⁺,"Ni(I) transfers an electron to the aryl iodide; the aryl radical cyclizes 5-exo and takes a hydrogen atom from the solvent (the exemplar's Scheme 1); the second electron and proton assume the solvent radical is reduced and protonated, which the exemplar does not state","allyl 2-iodophenyl ether + H⁺ + 2 e⁻ → 3-methyl-2,3-dihydrobenzofuran + I⁻",stoichiometric,2,1,catalyst,
44,Dehydrogenative lactonization (C-H/O-H),anode,substrate,ArCO₂H → aroyloxy radical + e⁻ + H⁺; cyclized radical oxidized,,biphenyl-2-carboxylic acid → benzo[c]chromen-6-one + 2 H⁺ + 2 e⁻,stoichiometric,2,2,substrate,
45,Anodic benzylic fluorination,anode,substrate,"ArCH₂R → benzylic cation + 2 e⁻ + H⁺, trapped by fluoride",,ethylbenzene + F⁻ → (1-fluoroethyl)benzene + H⁺ + 2 e⁻,stoichiometric,2,2,substrate,
46,Br- oxidation / electrophilic bromination,anode,mediator (bromide),2 Br⁻ → Br₂ + 2 e⁻,Br₂ brominates the arene; one Br⁻ returned,anisole + Br⁻ → 4-bromoanisole + H⁺ + 2 e⁻,stoichiometric,2,1,mediator,
47,Alkoxysulfonylation of styrenes with sulfinates,anode,"reagent (sulfinate, 2 equiv), then the adduct radical",ArSO₂⁻ → ArSO₂• + e⁻,the sulfonyl radical adds to the alkene; the benzylic radical is oxidized at the anode and captured by MeOH,α-methylstyrene + TolSO₂⁻ + MeOH → β-methoxy sulfone + H⁺ + 2 e⁻,stoichiometric,2,2,substrate,
48,Aryl thiocyanation (NH4SCN),anode,mediator (thiocyanate),2 SCN⁻ → (SCN)₂ + 2 e⁻,thiocyanogen thiocyanates the arene; one SCN⁻ returned,anisole + SCN⁻ → 4-thiocyanatoanisole + H⁺ + 2 e⁻,stoichiometric,2,1,mediator,
49,Anodic C-H phosphorylation of arenes,anode,"reagent (phosphite, 5 equiv), then the adduct",P(OEt)₃ → P(OEt)₃•⁺ + e⁻,the arene captures the phosphorus radical cation; the adduct is oxidized and loses an ethyl group,mesitylene + P(OEt)₃ + H₂O → diethyl mesitylphosphonate + EtOH + 2 H⁺ + 2 e⁻,stoichiometric,2,2,substrate,
50,"Anodic N-N coupling to pyrazolidine-3,5-diones",anode,substrate,"anilide N–H → amidyl radical + e⁻ + H⁺ (twice); N–N bond formed (one of the two routes the exemplar proposes; the other closes the ring by nucleophilic attack after one oxidation, with the same two electrons)",,"2,2-dimethyl-N,N′-di(4-methylphenyl)malonamide → 4,4-dimethyl-1,2-di(4-methylphenyl)pyrazolidine-3,5-dione + 2 H⁺ + 2 e⁻",stoichiometric,2,2,substrate,
