solvent,M,mu_mPas,rho,phi,src
MeCN,41.05,0.369,0.776,1.0,"CRC 97th ed. 2016 (Haynes), Sect.6 'Viscosity of Liquids': MeCN p.6-243 and DMA p.6-244, eta(25 C) column, column assignment pinned by x-coordinate and confirmed in that same column against DMF 0.794, dimethyl sulfoxide 1.987, ethanol 1.074, 1,4-dioxane 1.177 and diethyl ether 0.224, each of which reads its accepted 25 C value; Sect.15 pp.15-13..15-20 (rho only -- that table carries no printed viscosity column)"
MeOH,32.04,0.544,0.786,1.9,"CRC 97th ed. 2016 (Haynes), Sect.6 'Viscosity of Liquids' pp.6-243..6-247 (mu, 25 C); Sect.15 'Laboratory Solvents' pp.15-13..15-20 (rho)"
EtOH,46.07,1.074,0.785,1.5,"CRC 97th ed. 2016 (Haynes), Sect.6 'Viscosity of Liquids' pp.6-243..6-247 (mu, 25 C); Sect.15 'Laboratory Solvents' pp.15-13..15-20 (rho)"
DMF,73.09,0.794,0.944,1.0,"CRC 97th ed. 2016 (Haynes), Sect.6 'Viscosity of Liquids' pp.6-243..6-247 (mu, 25 C); Sect.15 'Laboratory Solvents' pp.15-13..15-20 (rho)"
DMA,87.12,1.927,0.937,1.0,"CRC 97th ed. 2016 (Haynes), Sect.6 'Viscosity of Liquids': MeCN p.6-243 and DMA p.6-244, eta(25 C) column, column assignment pinned by x-coordinate and confirmed in that same column against DMF 0.794, dimethyl sulfoxide 1.987, ethanol 1.074, 1,4-dioxane 1.177 and diethyl ether 0.224, each of which reads its accepted 25 C value; Sect.15 pp.15-13..15-20 (rho only -- that table carries no printed viscosity column)"
DMSO,78.13,1.987,1.096,1.0,"CRC 97th ed. 2016 (Haynes), Sect.6 'Viscosity of Liquids' pp.6-243..6-247 (mu, 25 C); Sect.15 'Laboratory Solvents' pp.15-13..15-20 (rho)"
THF,72.11,0.456,0.883,1.0,"CRC 97th ed. 2016 (Haynes), Sect.6 'Viscosity of Liquids' pp.6-243..6-247 (mu, 25 C); Sect.15 'Laboratory Solvents' pp.15-13..15-20 (rho)"
H2O,18.02,0.89,0.997,2.6,"IAPWS reference correlations: Huber et al., J. Phys. Chem. Ref. Data 2009, 38, 101-125 (mu, 298.15 K / 0.1 MPa); Wagner & Pruss, ibid. 2002, 31, 387-535 (rho, IAPWS-95)"
AcOH,60.05,1.056,1.045,1.0,"CRC 97th ed. 2016 (Haynes), Sect.6 'Viscosity of Liquids' pp.6-243..6-247 (mu, 25 C); Sect.15 'Laboratory Solvents' pp.15-13..15-20 (rho)"
HFIP,168.04,1.619,1.596,1.0,"mu MEASURED: Krumgalz, J. Chem. Soc. Faraday Trans. 1 1983, 79, 571-587, Table 3 p. 578, '1,1,1,3,3,3-hexafluoropropan-2-ol' = 0.01619 P = 1.619 mPa s at 25 C (was 1.650, unsourced, -1.9%). rho 1.596: NO LONGER UNSOURCED, but it CONFLICTS with the one page-anchored source found. CRC 97th ed. 2016, 'Physical Constants of Organic Compounds' p. 3-296 entry 5801 (1,1,1,3,3,3-Hexafluoro-2-propanol, CAS 920-66-1, MW 168.037, liq, mp -2.0, bp 59(3)) prints den = 1.4600 at 21 C. Column assignment verified by x-coordinate, not by eye: 1.4600 sits at x=463.3, identical to a known density in the row below (0.8643 for hexamethylenimine), and 28 pt left of that row's nD (1.4631 at x=491.3). So CRC really does print 1.4600 as the density. IT FAILS AN INDEPENDENT PHYSICAL CROSS-CHECK. Calibrating the F-for-H molar-volume increment on 2,2,2-trifluoroethanol -- the directly analogous fluorinated alcohol -- gives (V_TFE - V_EtOH)/3 = (72.27 - 58.37)/3 = +4.63 cm3/mol per F. Applying 6 of those to isopropanol (V = 76.51) predicts V_HFIP = 104.32 cm3/mol, i.e. rho = 168.037/104.32 = 1.611. 1.596 is -0.9% from that; CRC's 1.4600 is -9.4%. Note also that CRC's neighbouring entry 5802 carries nD = 1.4631(20), numerically adjacent to HFIP's printed den 1.4600(21) one row up, which is consistent with a typesetting slip in that cell -- suggestive, not proven. THIRD SOURCE SETTLES IT (2026-08-24): the Sigma-Aldrich product specification for 1,1,1,3,3,3-hexafluoro-2-propanol lists density 1.596 g/mL at 25 C (lit.) AND refractive index n20/D 1.275 (lit.), alongside bp 59 C and mp -4 C which both match CRC. Because nD is 1.275, CRC's 1.4600 is NEITHER the density NOR the refractive index of this compound -- that rules out the last benign reading of the cell and confirms it as an error there, most likely a slip from the neighbouring entry 5802 whose nD is 1.4631(20). DECISION: rho = 1.596 g/cm3 at 25 C. Three independent lines agree -- the Sigma specification, the TFE-calibrated molar-volume estimate (1.611, -0.9%), and CRC's own bp/mp for the same entry. CAVEAT ON THE SOURCE TIER: the Sigma value is a supplier compilation marked '(lit.)', i.e. secondary, not a primary measurement, so this is state A- rather than state A. It must be cited as the Sigma-Aldrich specification, never as CRC, and the CRC disagreement must not be quietly dropped -- a reviewer checking CRC will find 1.4600 and needs this note to know why it was not used. A primary densitometry measurement would upgrade this to state A."
MeCN/H2O,36.4,0.48,0.82,1.17,"9:1 v/v; mu lit, phiM Perkins-Geankoplis"
MeOH/H2O,26.4,1.6,0.87,1.94,"1:1 v/v; CRC mu, phiM P-G"
EtOH/H2O,33.0,2.4,0.89,1.58,"1:1 v/v; CRC mu (40-50 wt%: 2.3-2.4), phiM P-G"
DMF/H2O,56.0,1.0,0.96,1.15,"9:1 v/v; mu lit, phiM P-G"
acetone,58.08,0.306,0.784,1.0,"CRC 97th ed. 2016 (Haynes), Sect.6 'Viscosity of Liquids' pp.6-243..6-247 (mu, 25 C); Sect.15 'Laboratory Solvents' pp.15-13..15-20 (rho)"
MeNO2,61.04,0.63,1.137,1.0,"CRC 97th ed. 2016 (Haynes), Sect.6 'Viscosity of Liquids' p.6-246, nitromethane, eta(25 C) column (mu); Sect.15 'Laboratory Solvents' pp.15-13..15-20 (rho)"
DMSO/THF,77.1,1.55,1.06,1.0,5:1 v/v; P-G
tAmOH/H2O,35.0,2.8,0.85,1.73,"3:1 v/v; mu est (viscous alcohol/water), phiM P-G"
AcOH/HCOOH,53.0,1.28,1.13,1.0,1:1 v/v est.
H2O/MeCN,24.0,0.9,0.94,1.916,2:1 v/v; phiM Eq. S30
H2O/MeCN 1:1,23.88,0.835,0.905,1.9,1:1 v/v; Ansari & Singh Table-1 p. 68 at 43.8 wt%; phiM Eq. S30
THF/MeOH,60.65,0.48,0.867,1.136,"5:1 v/v (ChemSusChem 2021 standard conditions). x(THF)=0.714. phi*M = 0.714*1.0*72.11 + 0.286*1.9*32.04 = 68.90 (Perkins-Geankoplis, Reid, Prausnitz & Poling 4th ed. Eq. 11-12.4, p. 618). mu 0.480 mPa s is a MOLE-FRACTION LOG-MIX ESTIMATE from THF 0.456 and MeOH 0.544 (CRC 97th ed.), not a measured mixture value; both endpoints lie within 20% of it so the estimate is tightly bracketed. rho volume-weighted."
EtOH/MeOH,37.79,0.719,0.786,1.7,"1:1 v/v (Courtois/Perichon Tetrahedron 1997). x(EtOH)=0.410. phi*M = 0.410*1.5*46.07 + 0.590*1.9*32.04 = 64.25 (Perkins-Geankoplis). mu 0.719 mPa s is a MOLE-FRACTION LOG-MIX ESTIMATE from EtOH 1.074 and MeOH 0.544 (CRC 97th ed.), not measured; alcohol-alcohol mixtures are near-ideal. rho volume-weighted."
THF/EtOH,56.96,0.751,0.834,1.235,"1:1 v/v (Hayashi/Baran JACS 2022 rAP general procedure, SI p. 4). x(THF)=0.418. phi*M = 0.418*1.0*72.11 + 0.582*1.5*46.07 = 70.36 (Perkins-Geankoplis, Reid, Prausnitz & Poling 4th ed. Eq. 11-12.4, p. 618). mu 0.751 mPa s is a MOLE-FRACTION LOG-MIX ESTIMATE from THF 0.456 and EtOH 1.074 (CRC 97th ed.), not a measured mixture value. rho volume-weighted."
