priority,exemplar,reaction,carrier,C_carrier_M,electrolyte,verdict,confirmed_doi,confirmed_title,what_to_check,gcond_status
P1,Kawamata/Baran JACS 2019,Ni-catalyzed aryl amination (ArBr + amine),Ni(bpy) complex,0.005,0.2 M nBu4NBr/DMA,UNRESOLVED / CONC-OK,,,"CONCENTRATIONS CLOSED -- G-COND located every concentration this row carries co-located in one passage of the exemplar PDF on disk (data/check_conditions.py, results/condition_anchor.json holds the quote). Any remaining question on this row is about chemical identity, not about the numbers. Original note: P1 -- Ni(bpy)3Br2 10 mol%: confirm the precursor is the TRIS-bipy DICATION and state what the electroactive Ni species is. Decides z for a LOW-confidence catalyst row.",ANCHORED
P1,Walecka-Kurczyk RSC Adv 2022,Non-Kolbe decarboxylative alpha-methoxylation,N-Piv-alpha-amino acid,0.1,Et3N 7.5 mM (no salt)/MeOH,WEAK / CONC-OK,,,"CONCENTRATIONS CLOSED -- G-COND located every concentration this row carries co-located in one passage of the exemplar PDF on disk (data/check_conditions.py, results/condition_anchor.json holds the quote). Any remaining question on this row is about chemical identity, not about the numbers. Original note: P1 -- confirm N-Piv-alanine 0.1 M with Et3N 7.5 mM ONLY and no added salt. If the carboxylate is the carrier, C_carrier should arguably be 0.0075 M, not 0.1 M.",ANCHORED
P1,Zhang/Qiu Nat Commun 2025 (0.61 kg),Br- oxidation / electrophilic bromination,bromide,0.25,0.5 M NaBr aq/MeCN 1:1,SUPERSEDED,,,"This citation was FABRICATED and has been replaced in reactions_50.csv by Zhang/Su, Nat. Commun. 2025, DOI 10.1038/s41467-025-57329-0, from which the concentrations were re-derived. Row retained so the substitution is on the record.",SI-ONLY:substrate
P2,Cai/H.-C. Xu Nat Catal 2022 (PEC),Cu-catalyzed benzylic cyanation,Cu(acac)2/BOX complex,0.0038,0.077 M Bu4NBF4/MeCN,WEAK / CONC-OK,,,"CONCENTRATIONS CLOSED -- G-COND located every concentration this row carries co-located in one passage of the exemplar PDF on disk (data/check_conditions.py, results/condition_anchor.json holds the quote). Any remaining question on this row is about chemical identity, not about the numbers. Original note: P2 -- confirm Cu(acac)2 3.8 mM + BOX 5.0 mM and the neutral Cu(II) assignment.",ANCHORED
P2,Cai/H.-C. Xu Nat Commun 2021 (Co-salen),Co-catalyzed aza-Wacker cyclization,Co(salen),0.0033,0.033 M Et4NPF6/MeCN,WEAK / CONC-OK,,,"CONCENTRATIONS CLOSED -- G-COND located every concentration this row carries co-located in one passage of the exemplar PDF on disk (data/check_conditions.py, results/condition_anchor.json holds the quote). Any remaining question on this row is about chemical identity, not about the numbers. Original note: P2 -- confirm Co(salen) 3.3 mM and that the complex is the NEUTRAL Co(II) form.",ANCHORED
P2,Courtois/Perichon Tetrahedron 1997,Cathodic Ni aryl-aryl homocoupling,Ni(bpy) complex,0.03,0.04 M NaBr/MeOH,WEAK / CONC-OK,,,"CONCENTRATIONS CLOSED -- verified by hand against the PDF with the quote recorded in check_conditions.py's HAND_VERIFIED table (the automatic extractor fails on this paper's formatting). Original note: P2 -- confirm NiBr2(bpy) 30 mM, PhBr 0.30 M, NaBr 0.04 M in MeOH. Crossref returned an ALLYLATION paper, not aryl-aryl homocoupling.",HAND-VERIFIED
P2,Deprez/Merck OL 2021,Shono oxidation (N-acyliminium capture),N-Boc-pyrrolidine,1.56,0.156 M Et4NOTs/MeOH,WEAK / CONC-OK,,,"CONCENTRATIONS CLOSED -- verified by hand against the PDF with the quote recorded in check_conditions.py's HAND_VERIFIED table (the automatic extractor fails on this paper's formatting). Original note: P2 -- confirm pyrrolidine 0.149 M, ketoABNO 60 mol%, LiClO4 0.15 M.",HAND-VERIFIED
P2,Ke/Chi Chem Eur J 2019,Cathodic aryl chloride dehalogenation,4-chloroanisole,0.043,0.043 M Bu4NBF4/MeCN,CONFIRMED (DOI-pinned),10.1002/chem.201901082,Hydrodehalogenation of Aryl Halides through Direct Electrolysis,"RESOLVED 2026-08-31. The paper is real -- Ke, Wang, Zhou, Mou, Zhang, Pan, Chi, Chem. Eur. J. 2019 -- and its author list matches the registry exactly; it resolves on the first hit when queried by TITLE and only fails Crossref's short-form string match. It had been recorded elsewhere as a fabrication, which it is not. Still open: confirm 4-chloroanisole 0.043 M and Bu4NBF4 0.043 M in MeCN against the paper's own procedure.",ANCHORED
P2,"Ruecker/Waldvogel ACS SCE 2024 (pilot, ex-cell)",Alkaline lignin -> vanillin (pilot),carbonate (ex-cell oxidizer carrier),1.0,1 M Na2CO3 aq,WEAK / CONC-OK,,,"CONCENTRATIONS CLOSED -- G-COND located every concentration this row carries co-located in one passage of the exemplar PDF on disk (data/check_conditions.py, results/condition_anchor.json holds the quote). Any remaining question on this row is about chemical identity, not about the numbers. Original note: P2 -- confirm 1 M Na2CO3 (this is the BINARY z=-2 carbonate row, migration factor ~3).",ANCHORED
P2,Zhang/K. Xu/Zeng OL 2018,Amidyl-radical C-H amination (phenanthridinone),biaryl amide,0.04,0.04 M NaBr/MeCN,WEAK / CONC-OK,,,"CONCENTRATIONS CLOSED 2026-08-31 from the SI on disk (papers for model/concentrations/SIs/ol8b00981_si_001.pdf): the table footnote on SI p. 4 and the general procedure on SI p. 5 both give 0.3 mmol substrate and 0.3 mmol NaBr in CH3CN/MeOH (7/0.5 mL) = 0.040 M each, which is what this row carries. The earlier note on this row quoted 0.0625 M / 0.25 M, which belong to a DIFFERENT Org. Lett. paper (2017, ol7b03617, the dehydrogenative lactonization row) and were never this row's numbers. Remaining: the paper identity is WEAK only in Crossref's short-form string match.",HAND-VERIFIED
P2,Zhao/H.-C. Xu Angew 2017,Oxidative benzimidazole annulation (C-H/N-H),N-aryl amidine,0.033,0.033 M Et4NPF6/MeOH,WEAK / CONC-OK,,,"CONCENTRATIONS CLOSED -- G-COND located every concentration this row carries co-located in one passage of the exemplar PDF on disk (data/check_conditions.py, results/condition_anchor.json holds the quote). Any remaining question on this row is about chemical identity, not about the numbers. Original note: P2 -- confirm substrate and electrolyte concentrations.",ANCHORED
P3,"BASF capillary-gap, >10 kt/yr (US 5,507,922)",Anodic methoxylation of 4-tBu-toluene (Lysmeral),4-tBu-toluene,0.81,0.3 wt% H2SO4/MeOH (BASF),WEAK,,,"P3 -- patent, not in Crossref. Confirm the number and the 0.3 wt% H2SO4/MeOH conditions.",NO-TEXT
P3,Bottecchia/Merck OPRD 2022,Thioether -> sulfone (kilo-scale),Ar-S-Me thioether,0.47,0.085 M Et4NPF6/MeCN-HCl aq,WEAK / CONC-OK,10.1021/acs.oprd.2c00111,Kilo-Scale Electrochemical Oxidation of a Thioether to a Sulfone,"CONCENTRATIONS CLOSED -- G-COND located every concentration this row carries co-located in one passage of the exemplar PDF on disk (data/check_conditions.py, results/condition_anchor.json holds the quote). Any remaining question on this row is about chemical identity, not about the numbers. Original note: confirm the concentrations quoted in conc_provenance",ANCHORED
P3,Long/H.-C. Xu Nat Commun 2021 (flow),Anodic C-H phosphonylation of azoles,triethyl phosphite (arene-limited basis),0.05,0.1 M HBF4/MeCN,WEAK / CONC-OK,,,"CONCENTRATIONS CLOSED -- G-COND located every concentration this row carries co-located in one passage of the exemplar PDF on disk (data/check_conditions.py, results/condition_anchor.json holds the quote). Any remaining question on this row is about chemical identity, not about the numbers. Original note: P3 -- Crossref returned an earthquake paper. Confirm the citation resolves at all.",ANCHORED
P3,Osa/Bobbitt Chem Commun 1994,Anodic dehydrogenative 2-naphthol coupling,2-naphthol,1.0,0.2 M NaClO4/MeCN,CONFIRMED (DOI-pinned),10.1039/c39940002535,"Enantioselective, electrocatalytic oxidative coupling of naphthol","RESOLVED 2026-08-31 by pinned DOI (the 1994 Chem. Commun. volume predates reliable Crossref full-text indexing, so the string query cannot rank it). Still open: confirm 2-naphthol 1.0 M and 0.2 M NaClO4/MeCN against the paper.",SI-ONLY:electrolyte
