reaction,reactor_key,mu_mPas,k_M,delta_um,xk_um,i_k0_mAcm2,i_saveant_mAcm2,i_subcap_mAcm2,i_ec_mAcm2,limiter,path
"Ni-catalyzed aryl amination (ArBr + amine)",natural,1.927,0.0,228.0,Inf,0.05348196751463599,NaN,2.181034002608772,0.05348196751463599,"newton-wall (no collapse); plateau (c-control; c_red/cb 1.42e-03, c_sub/cb 1.0e+00)","direct-ramp"
"Ni-catalyzed aryl amination (ArBr + amine)",stirred,1.927,0.0,200.0,Inf,0.06096944296668499,NaN,2.486378762974,0.06096944296668499,"newton-wall (no collapse); plateau (c-control; c_red/cb 1.42e-03, c_sub/cb 1.0e+00)","direct-ramp"
"Ni-catalyzed aryl amination (ArBr + amine)",flow,1.927,0.0,106.89999999999999,Inf,0.11406818141568764,NaN,4.651784402196446,0.11406818141568764,"newton-wall (no collapse); plateau (c-control; c_red/cb 1.42e-03, c_sub/cb 1.0e+00)","direct-ramp"
"Ni-catalyzed aryl amination (ArBr + amine)",anec,1.927,0.0,36.199999999999996,Inf,0.3368477511971548,NaN,13.736899242950276,0.3368477511971548,"newton-wall (no collapse); plateau (c-control; c_red/cb 1.42e-03, c_sub/cb 1.0e+00)","direct-ramp"
"Ni-catalyzed aryl amination (ArBr + amine)",micro,1.927,0.0,12.499999999999998,Inf,0.9755110874669608,NaN,39.78206020758401,0.9755110874669608,"newton-wall (no collapse); plateau (c-control; c_red/cb 1.42e-03, c_sub/cb 1.0e+00)","direct-ramp"
"Ni-catalyzed aryl amination (ArBr + amine)",rde,1.927,0.0,8.85764188710124,Inf,1.3766517938701162,NaN,56.14087348902056,1.3766517938701162,"newton-wall (no collapse); plateau (c-control; c_red/cb 1.42e-03, c_sub/cb 1.0e+00)","direct-ramp"
"Ni-catalyzed aryl amination (ArBr + amine)",rce,1.927,0.0,9.10732936801866,Inf,1.3389093663568514,NaN,54.601709513332835,1.3389093663568514,"newton-wall (no collapse); plateau (c-control; c_red/cb 1.42e-03, c_sub/cb 1.0e+00)","direct-ramp"
"Ni-XEC C(sp2)-C(sp3) (ArBr + RBr)",natural,1.927,100.0,228.0,2.897355115733428,0.16044590254390792,12.57985216185472,10.676355894568422,7.281352196462868,"plateau (c-control; c_red/cb 2.90e-03, c_sub/cb 3.3e-01)","c-control"
"Ni-XEC C(sp2)-C(sp3) (ArBr + RBr)",stirred,1.927,100.0,200.0,2.897355115733428,0.1829083289000551,12.57985216185472,12.171045719808,7.754580842339121,"plateau (c-control; c_red/cb 3.07e-03, c_sub/cb 3.8e-01)","c-control"
"Ni-XEC C(sp2)-C(sp3) (ArBr + RBr)",flow,1.927,100.0,106.89999999999999,2.897355115733428,0.3422045442470629,12.57985216185472,22.77089938224135,9.695296487133492,"plateau (c-control; c_red/cb 2.14e-03, c_sub/cb 5.9e-01)","c-control"
"Ni-XEC C(sp2)-C(sp3) (ArBr + RBr)",anec,1.927,100.0,36.199999999999996,2.897355115733428,1.010543253591465,12.57985216185472,67.24334651827625,11.61213573944417,"newton-wall (no collapse); plateau (c-control; c_red/cb 1.56e-03, c_sub/cb 8.4e-01)","direct-ramp"
"Ni-XEC C(sp2)-C(sp3) (ArBr + RBr)",micro,1.927,100.0,12.499999999999998,2.897355115733428,2.9265332624008815,12.57985216185472,194.73673151692802,12.36545240312283,"newton-wall; mediator; plateau (c-control; c_red/cb 1.60e-03, c_sub/cb 9.5e-01)","direct-ramp"
"Ni-XEC C(sp2)-C(sp3) (ArBr + RBr)",rde,1.927,100.0,8.85764188710124,2.897355115733428,4.129955381610351,12.57985216185472,274.8145810123987,12.527024071893177,"newton-wall (no collapse); plateau (c-control; c_red/cb 1.70e-03, c_sub/cb 9.7e-01)","direct-ramp"
"Ni-XEC C(sp2)-C(sp3) (ArBr + RBr)",rce,1.927,100.0,9.10732936801866,2.897355115733428,4.016728099070552,12.57985216185472,267.28023612603494,12.517110565527252,"newton-wall; mediator; plateau (c-control; c_red/cb 1.54e-03, c_sub/cb 9.7e-01)","direct-ramp"
"Ni-catalyzed aryl amination (ArBr + amine)",natural,1.427,0.0,228.0,Inf,0.07222126937680695,NaN,2.9452365262979003,0.07222126937680695,"newton-wall (no collapse); plateau (c-control; c_red/cb 1.42e-03, c_sub/cb 1.0e+00)","direct-ramp"
"Ni-catalyzed aryl amination (ArBr + amine)",stirred,1.427,0.0,200.0,Inf,0.08233224708955994,NaN,3.357569639979606,0.08233224708955994,"newton-wall (no collapse); plateau (c-control; c_red/cb 1.42e-03, c_sub/cb 1.0e+00)","direct-ramp"
"Ni-catalyzed aryl amination (ArBr + amine)",flow,1.427,0.0,106.89999999999999,Inf,0.15403600952209529,NaN,6.281701852160161,0.15403600952209529,"newton-wall (no collapse); plateau (c-control; c_red/cb 1.42e-03, c_sub/cb 1.0e+00)","direct-ramp"
"Ni-catalyzed aryl amination (ArBr + amine)",anec,1.427,0.0,36.199999999999996,Inf,0.4548742933124862,NaN,18.55010850817462,0.4548742933124862,"newton-wall (no collapse); plateau (c-control; c_red/cb 1.42e-03, c_sub/cb 1.0e+00)","direct-ramp"
"Ni-catalyzed aryl amination (ArBr + amine)",micro,1.427,0.0,12.5,Inf,1.317315953432959,NaN,53.721114239673696,1.317315953432959,"newton-wall (no collapse); plateau (c-control; c_red/cb 1.42e-03, c_sub/cb 1.0e+00)","direct-ramp"
"Ni-catalyzed aryl amination (ArBr + amine)",rde,1.427,0.0,9.312388262577391,Inf,1.7682305498454989,NaN,72.10974339358852,1.7682305498454989,"newton-wall (no collapse); plateau (c-control; c_red/cb 1.42e-03, c_sub/cb 1.0e+00)","direct-ramp"
"Ni-catalyzed aryl amination (ArBr + amine)",rce,1.427,0.0,9.140217621825517,Inf,1.801538004805541,NaN,73.46804592403173,1.801538004805541,"newton-wall (no collapse); plateau (c-control; c_red/cb 1.42e-03, c_sub/cb 1.0e+00)","direct-ramp"
"Ni-XEC C(sp2)-C(sp3) (ArBr + RBr)",natural,1.427,100.0,228.0,3.36690295460427,0.21666380813042097,14.618553722404826,14.417195381102553,9.103608114324329,"newton-wall; mediator; plateau (c-control; c_red/cb 2.80e-03, c_sub/cb 3.8e-01)","direct-ramp"
"Ni-XEC C(sp2)-C(sp3) (ArBr + RBr)",stirred,1.427,100.0,200.0,3.36690295460427,0.24699674126868,14.618553722404826,16.435602734456914,9.613777573292369,"plateau (c-control; c_red/cb 2.85e-03, c_sub/cb 4.3e-01)","c-control"
"Ni-XEC C(sp2)-C(sp3) (ArBr + RBr)",flow,1.427,100.0,106.89999999999999,3.36690295460427,0.4621080285662858,14.618553722404826,30.749490616383373,11.694787783725253,"plateau (c-control; c_red/cb 1.84e-03, c_sub/cb 6.3e-01)","c-control"
"Ni-XEC C(sp2)-C(sp3) (ArBr + RBr)",anec,1.427,100.0,36.199999999999996,3.36690295460427,1.3646228799374578,14.618553722404826,90.80443499699953,13.665388252841025,"newton-wall (no collapse); plateau (c-control; c_red/cb 1.59e-03, c_sub/cb 8.6e-01)","direct-ramp"
"Ni-XEC C(sp2)-C(sp3) (ArBr + RBr)",micro,1.427,100.0,12.5,3.36690295460427,3.95194786029888,14.618553722404826,262.9696437513106,14.422587033724028,"newton-wall (no collapse); plateau (c-control; c_red/cb 1.80e-03, c_sub/cb 9.6e-01)","direct-ramp"
"Ni-XEC C(sp2)-C(sp3) (ArBr + RBr)",rde,1.427,100.0,9.312388262577391,3.36690295460427,5.3046916495365,14.618553722404826,352.9836229123898,14.638494906043633,"newton-wall (no collapse); plateau (c-control; c_red/cb 1.77e-03, c_sub/cb 9.7e-01)","direct-ramp"
"Ni-XEC C(sp2)-C(sp3) (ArBr + RBr)",rce,1.427,100.0,9.140217621825517,3.36690295460427,5.404614014416625,14.618553722404826,359.6326348994377,14.650480626498968,"plateau (c-control; c_red/cb 1.64e-03, c_sub/cb 9.7e-01)","c-control"
"Ni-catalyzed aryl amination (ArBr + amine)",natural,0.927,0.0,228.0,Inf,0.11117556785404914,NaN,4.533821491938623,0.11117556785404914,"newton-wall (no collapse); plateau (c-control; c_red/cb 1.42e-03, c_sub/cb 1.0e+00)","direct-ramp"
"Ni-catalyzed aryl amination (ArBr + amine)",stirred,0.927,0.0,200.0,Inf,0.12674014735361605,NaN,5.1685565008100305,0.12674014735361605,"newton-wall (no collapse); plateau (c-control; c_red/cb 1.42e-03, c_sub/cb 1.0e+00)","direct-ramp"
"Ni-catalyzed aryl amination (ArBr + amine)",flow,0.927,0.0,106.89999999999999,Inf,0.2371190783042395,NaN,9.669890553433172,0.2371190783042395,"newton-wall (no collapse); plateau (c-control; c_red/cb 1.42e-03, c_sub/cb 1.0e+00)","direct-ramp"
"Ni-catalyzed aryl amination (ArBr + amine)",anec,0.927,0.0,36.199999999999996,Inf,0.7002218085835138,NaN,28.55556077795597,0.7002218085835138,"newton-wall (no collapse); plateau (c-control; c_red/cb 1.42e-03, c_sub/cb 1.0e+00)","direct-ramp"
"Ni-catalyzed aryl amination (ArBr + amine)",micro,0.927,0.0,12.5,Inf,2.027842357657857,NaN,82.69690401296049,2.027842357657857,"newton-wall (no collapse); plateau (c-control; c_red/cb 1.42e-03, c_sub/cb 1.0e+00)","direct-ramp"
"Ni-catalyzed aryl amination (ArBr + amine)",rde,0.927,0.0,10.006567161857829,Inf,2.5331393934318096,NaN,103.30328907422097,2.5331393934318096,"newton-wall (no collapse); plateau (c-control; c_red/cb 1.42e-03, c_sub/cb 1.0e+00)","direct-ramp"
"Ni-catalyzed aryl amination (ArBr + amine)",rce,0.927,0.0,9.187654747232303,Inf,2.7589227249052932,NaN,112.5108995278041,2.7589227249052932,"newton-wall (no collapse); plateau (c-control; c_red/cb 1.42e-03, c_sub/cb 1.0e+00)","direct-ramp"
"Ni-XEC C(sp2)-C(sp3) (ArBr + RBr)",natural,0.927,100.0,228.0,4.177367833177269,0.33352670356214736,18.137462502160325,22.193460419453444,12.340001825705059,"newton-wall (no collapse); plateau (c-control; c_red/cb 2.21e-03, c_sub/cb 4.6e-01)","direct-ramp"
"Ni-XEC C(sp2)-C(sp3) (ArBr + RBr)",stirred,0.927,100.0,200.0,4.177367833177269,0.380220442060848,18.137462502160325,25.30054487817693,12.926194700227109,"newton-wall (no collapse); plateau (c-control; c_red/cb 2.26e-03, c_sub/cb 5.0e-01)","direct-ramp"
"Ni-XEC C(sp2)-C(sp3) (ArBr + RBr)",flow,0.927,100.0,106.89999999999999,4.177367833177269,0.7113572349127186,18.137462502160325,47.334976385737946,15.173303699065535,"newton-wall (no collapse); plateau (c-control; c_red/cb 1.91e-03, c_sub/cb 6.9e-01)","direct-ramp"
"Ni-XEC C(sp2)-C(sp3) (ArBr + RBr)",anec,0.927,100.0,36.199999999999996,4.177367833177269,2.100665425750543,18.137462502160325,139.78201590153,17.21314987436073,"newton-wall (no collapse); plateau (c-control; c_red/cb 1.61e-03, c_sub/cb 8.9e-01)","direct-ramp"
"Ni-XEC C(sp2)-C(sp3) (ArBr + RBr)",micro,0.927,100.0,12.5,4.177367833177269,6.083527072973568,18.137462502160325,404.80871805083086,18.074232375735143,"newton-wall; mediator; plateau (c-control; c_red/cb 1.45e-03, c_sub/cb 9.7e-01)","direct-ramp"
"Ni-XEC C(sp2)-C(sp3) (ArBr + RBr)",rde,0.927,100.0,10.006567161857829,4.177367833177269,7.59941818029543,18.137462502160325,505.6788101041358,18.361300199182345,"plateau (c-control; c_red/cb 1.63e-03, c_sub/cb 9.8e-01)","c-control"
"Ni-XEC C(sp2)-C(sp3) (ArBr + RBr)",rce,0.927,100.0,9.187654747232303,4.177367833177269,8.27676817471588,18.137462502160325,550.7508841861627,18.554932295561205,"newton-wall; mediator; plateau (c-control; c_red/cb 1.42e-03, c_sub/cb 9.8e-01)","direct-ramp"
"Ni-catalyzed aryl amination (ArBr + amine)",natural,0.919,0.0,228.0,Inf,0.11214336387454137,NaN,4.573288926036022,0.11214336387454137,"newton-wall (no collapse); plateau (c-control; c_red/cb 1.42e-03, c_sub/cb 1.0e+00)","direct-ramp"
"Ni-catalyzed aryl amination (ArBr + amine)",stirred,0.919,0.0,200.0,Inf,0.12784343481697716,NaN,5.213549375681065,0.12784343481697716,"newton-wall (no collapse); plateau (c-control; c_red/cb 1.42e-03, c_sub/cb 1.0e+00)","direct-ramp"
"Ni-catalyzed aryl amination (ArBr + amine)",flow,0.919,0.0,106.89999999999999,Inf,0.23918322697282912,NaN,9.754068055530524,0.23918322697282912,"newton-wall (no collapse); plateau (c-control; c_red/cb 1.42e-03, c_sub/cb 1.0e+00)","direct-ramp"
"Ni-catalyzed aryl amination (ArBr + amine)",anec,0.919,0.0,36.199999999999996,Inf,0.706317319430813,NaN,28.804140197132956,0.706317319430813,"newton-wall (no collapse); plateau (c-control; c_red/cb 1.42e-03, c_sub/cb 1.0e+00)","direct-ramp"
"Ni-catalyzed aryl amination (ArBr + amine)",micro,0.919,0.0,12.5,Inf,2.0454949570716345,NaN,83.41679001089705,2.0454949570716345,"newton-wall (no collapse); plateau (c-control; c_red/cb 1.42e-03, c_sub/cb 1.0e+00)","direct-ramp"
"Ni-catalyzed aryl amination (ArBr + amine)",rde,0.919,0.0,10.02103283314164,Inf,2.551502164411084,NaN,104.05213639134627,2.551502164411084,"newton-wall (no collapse); plateau (c-control; c_red/cb 1.42e-03, c_sub/cb 1.0e+00)","direct-ramp"
"Ni-catalyzed aryl amination (ArBr + amine)",rce,0.919,0.0,9.188610398638838,Inf,2.78265002586061,NaN,113.47851632611126,2.78265002586061,"newton-wall (no collapse); plateau (c-control; c_red/cb 1.42e-03, c_sub/cb 1.0e+00)","direct-ramp"
"Ni-XEC C(sp2)-C(sp3) (ArBr + RBr)",natural,0.919,100.0,228.0,4.195510667008514,0.3364300916236242,18.216235782713607,22.386657028110278,12.400478837494195,"plateau (c-control; c_red/cb 2.75e-03, c_sub/cb 4.6e-01)","c-control"
"Ni-XEC C(sp2)-C(sp3) (ArBr + RBr)",stirred,0.919,100.0,200.0,4.195510667008514,0.3835303044509315,18.216235782713607,25.520789012045714,13.009197074720369,"newton-wall; mediator; plateau (c-control; c_red/cb 2.08e-03, c_sub/cb 5.1e-01)","direct-ramp"
"Ni-XEC C(sp2)-C(sp3) (ArBr + RBr)",flow,0.919,100.0,106.89999999999999,4.195510667008514,0.7175496809184875,18.216235782713607,47.747032763415746,15.249806632510309,"plateau (c-control; c_red/cb 1.86e-03, c_sub/cb 7.0e-01)","c-control"
"Ni-XEC C(sp2)-C(sp3) (ArBr + RBr)",anec,0.919,100.0,36.199999999999996,4.195510667008514,2.1189519582924405,18.216235782713607,140.99883432069456,17.28478136372078,"plateau (c-control; c_red/cb 1.59e-03, c_sub/cb 8.9e-01)","c-control"
"Ni-XEC C(sp2)-C(sp3) (ArBr + RBr)",micro,0.919,100.0,12.5,4.195510667008514,6.136484871214904,18.216235782713607,408.33262419273143,18.155234678430418,"newton-wall; mediator; plateau (c-control; c_red/cb 1.78e-03, c_sub/cb 9.7e-01)","direct-ramp"
"Ni-XEC C(sp2)-C(sp3) (ArBr + RBr)",rde,0.919,100.0,10.02103283314164,4.195510667008514,7.654506493233256,18.216235782713607,509.3444844855344,18.450536067556627,"newton-wall (no collapse); plateau (c-control; c_red/cb 1.55e-03, c_sub/cb 9.8e-01)","direct-ramp"
"Ni-XEC C(sp2)-C(sp3) (ArBr + RBr)",rce,0.919,100.0,9.188610398638838,4.195510667008514,8.347950077581833,18.216235782713607,555.4874546825113,18.635986103317226,"newton-wall (no collapse); plateau (c-control; c_red/cb 1.75e-03, c_sub/cb 9.8e-01)","direct-ramp"
